Ticker,Date,Open,High,Low,Close,Volume
HBL,2007-09-24,305.0,289.75,289.75,289.75,160400.0
HBL,2007-09-25,289.75,275.3,275.3,275.3,205600.0
HBL,2007-09-26,275.3,284.5,266.0,280.5,12770900.0
HBL,2007-09-27,280.5,287.5,278.6,279.0,6365800.0
HBL,2007-09-28,279.0,283.5,272.5,278.95,4375000.0
HBL,2007-10-01,278.95,287.75,282.1,284.5,5641900.0
HBL,2007-10-02,284.5,296.8,285.05,294.9,9910100.0
HBL,2007-10-03,294.9,299.85,292.5,294.05,4875900.0
HBL,2007-10-04,294.05,298.9,290.0,297.5,5273400.0
HBL,2007-10-05,297.5,302.95,292.05,292.15,4314700.0
HBL,2007-10-08,292.15,299.5,294.0,295.5,2762300.0
HBL,2007-10-09,295.5,302.0,292.3,298.7,5718400.0
HBL,2007-10-11,298.7,302.9,296.0,298.0,4542400.0
HBL,2007-10-17,298.0,295.0,285.0,289.95,5190600.0
HBL,2007-10-18,289.95,293.0,285.5,285.55,2377500.0
HBL,2007-10-19,285.55,286.25,281.0,284.5,1108000.0
HBL,2007-10-22,284.5,284.9,275.4,275.8,1172900.0
HBL,2007-10-23,275.8,279.0,271.0,273.5,1287700.0
HBL,2007-10-24,273.5,274.5,266.05,269.0,1108200.0
HBL,2007-10-25,269.0,274.4,268.1,271.0,1338300.0
HBL,2007-10-26,271.0,273.9,268.0,268.75,713500.0
HBL,2007-10-29,268.75,270.95,265.5,265.5,490200.0
HBL,2007-10-30,265.5,267.9,256.15,257.0,1178500.0
HBL,2007-10-31,257.0,269.0,253.0,268.1,1827900.0
HBL,2007-11-01,268.1,267.0,257.1,257.75,1358900.0
HBL,2007-11-02,257.75,261.0,252.75,255.1,968300.0
HBL,2007-11-05,255.1,253.95,242.35,246.1,1328700.0
HBL,2007-11-06,246.1,253.5,244.5,252.0,1219800.0
HBL,2007-11-07,252.0,252.25,249.0,250.25,440000.0
HBL,2007-11-08,250.25,249.9,244.1,245.25,514500.0
HBL,2007-11-12,245.25,251.9,248.0,249.15,580500.0
HBL,2007-11-13,249.15,251.85,247.05,249.0,972400.0
HBL,2007-11-14,249.0,260.4,248.25,255.1,6119300.0
HBL,2007-11-15,255.1,258.0,246.15,249.0,1599400.0
HBL,2007-11-16,249.0,255.0,249.05,252.1,1334300.0
HBL,2007-11-19,252.1,253.5,248.0,251.15,1125300.0
HBL,2007-11-20,251.15,253.0,250.5,250.55,873100.0
HBL,2007-11-21,250.55,253.4,249.5,250.25,1056400.0
HBL,2007-11-22,250.25,258.45,250.0,253.25,2374000.0
HBL,2007-11-23,253.25,256.8,252.0,252.65,704600.0
HBL,2007-11-26,252.65,265.25,252.1,264.25,5456700.0
HBL,2007-11-27,264.25,265.7,257.5,258.0,3675300.0
HBL,2007-11-28,258.0,263.0,256.75,259.5,2452600.0
HBL,2007-11-29,259.5,263.5,259.25,259.6,2106000.0
HBL,2007-11-30,259.6,262.5,258.0,258.7,1261000.0
HBL,2007-12-03,258.7,260.5,255.55,256.5,683700.0
HBL,2007-12-04,256.5,258.45,254.4,257.4,771500.0
HBL,2007-12-05,257.4,260.8,257.25,258.4,1205000.0
HBL,2007-12-06,258.4,263.75,258.65,262.25,3131700.0
HBL,2007-12-07,262.25,264.9,260.5,261.5,2104800.0
HBL,2007-12-10,261.5,263.0,260.1,260.4,1029600.0
HBL,2007-12-11,260.4,263.9,259.4,261.95,2665400.0
HBL,2007-12-12,261.95,263.9,259.5,260.25,1175000.0
HBL,2007-12-13,260.25,261.25,256.0,256.0,673200.0
HBL,2007-12-14,256.0,257.5,254.0,254.0,608300.0
HBL,2007-12-17,254.0,256.5,253.15,253.15,251300.0
HBL,2007-12-18,253.15,255.0,251.6,252.0,262800.0
HBL,2007-12-19,252.0,254.0,251.75,252.5,246300.0
HBL,2007-12-24,252.5,255.5,253.0,254.0,638500.0
HBL,2007-12-26,254.0,256.45,253.15,253.5,642600.0
HBL,2007-12-27,253.5,255.9,252.5,252.5,446600.0
HBL,2007-12-31,252.5,239.9,239.9,239.9,49000.0
HBL,2008-01-01,239.9,233.0,227.95,227.95,1900800.0
HBL,2008-01-02,227.95,231.9,216.6,218.0,1569700.0
HBL,2008-01-03,218.0,228.9,224.0,228.9,1143800.0
HBL,2008-01-04,228.9,239.0,229.0,235.8,1339800.0
HBL,2008-01-07,235.8,239.5,232.0,238.0,1254800.0
HBL,2008-01-08,238.0,240.95,237.2,240.25,1231300.0
HBL,2008-01-09,240.25,252.25,238.8,252.25,4099800.0
HBL,2008-01-10,252.25,264.85,252.1,263.75,6006400.0
HBL,2008-01-11,263.75,272.5,258.0,266.0,6233500.0
HBL,2008-01-14,266.0,272.0,262.0,265.0,2907300.0
HBL,2008-01-15,265.0,266.75,262.0,264.05,2192600.0
HBL,2008-01-16,264.05,265.8,259.6,259.6,2080100.0
HBL,2008-01-17,259.6,260.4,253.5,254.5,2809200.0
HBL,2008-01-18,254.5,267.2,254.15,267.2,1884900.0
HBL,2008-01-21,267.2,273.95,257.2,262.0,2067600.0
HBL,2008-01-22,262.0,260.1,256.0,256.05,3315000.0
HBL,2008-01-23,256.05,259.45,253.1,253.95,723400.0
HBL,2008-01-24,253.95,256.5,250.65,251.75,407300.0
HBL,2008-01-25,251.75,256.5,251.75,254.95,467600.0
HBL,2008-01-28,254.95,260.75,254.0,255.05,869400.0
HBL,2008-01-29,255.05,260.2,255.55,256.05,1042800.0
HBL,2008-01-30,256.05,258.85,254.1,254.3,357900.0
HBL,2008-01-31,254.3,255.9,253.25,253.5,299100.0
HBL,2008-02-01,253.5,255.5,253.05,253.5,297800.0
HBL,2008-02-04,253.5,259.0,253.8,257.75,1027800.0
HBL,2008-02-06,257.75,261.2,257.0,260.0,1559700.0
HBL,2008-02-07,260.0,261.9,258.1,260.7,1019100.0
HBL,2008-02-08,260.7,271.8,260.5,269.8,4478400.0
HBL,2008-02-11,269.8,272.15,265.25,265.5,1666700.0
HBL,2008-02-12,265.5,269.8,265.5,268.05,663000.0
HBL,2008-02-13,268.05,277.25,267.1,273.1,7724800.0
HBL,2008-02-14,273.1,276.0,269.1,274.5,6223200.0
HBL,2008-02-15,274.5,276.0,272.0,275.5,4681400.0
HBL,2008-02-19,275.5,289.25,276.7,289.25,2741200.0
HBL,2008-02-20,289.25,296.0,284.2,285.2,3958800.0
HBL,2008-02-21,285.2,289.25,286.0,286.0,998000.0
HBL,2008-02-22,286.0,286.65,282.0,284.0,1113500.0
HBL,2008-02-25,284.0,290.5,284.1,288.0,2810800.0
HBL,2008-02-26,288.0,298.2,287.6,294.65,3762800.0
HBL,2008-02-27,294.65,305.0,291.0,304.7,8897700.0
HBL,2008-02-28,304.7,307.0,300.0,304.85,2594700.0
HBL,2008-02-29,304.85,319.75,304.0,316.4,8589600.0
HBL,2008-03-03,316.4,318.0,306.2,310.0,1663100.0
HBL,2008-03-04,310.0,312.9,296.55,297.0,1555700.0
HBL,2008-03-05,297.0,307.75,299.5,305.5,780200.0
HBL,2008-03-06,305.5,317.0,306.5,315.0,2715200.0
HBL,2008-03-07,315.0,324.95,311.05,319.0,2026500.0
HBL,2008-03-10,319.0,322.8,309.0,311.5,436100.0
HBL,2008-03-11,311.5,312.5,307.0,310.2,507300.0
HBL,2008-03-12,310.2,314.25,307.5,312.5,652100.0
HBL,2008-03-14,280.45,284.9,275.0,275.15,963800.0
HBL,2008-03-17,275.15,275.4,268.0,268.1,451800.0
HBL,2008-03-18,268.1,268.0,255.15,257.5,543700.0
HBL,2008-03-19,257.5,265.5,260.0,262.2,378400.0
HBL,2008-03-20,262.2,264.0,259.9,262.5,280800.0
HBL,2008-03-24,262.5,274.1,267.0,272.7,1942900.0
HBL,2008-03-25,272.7,275.35,272.0,272.0,413000.0
HBL,2008-03-26,272.0,282.4,272.5,280.15,1330200.0
HBL,2008-03-27,280.15,283.0,277.15,281.0,491300.0
HBL,2008-03-28,281.0,280.7,277.05,277.25,463900.0
HBL,2008-03-31,277.25,279.4,272.0,275.0,205800.0
HBL,2008-04-01,275.0,280.4,273.15,277.25,343700.0
HBL,2008-04-02,277.25,280.85,275.6,277.0,315600.0
HBL,2008-04-03,277.0,280.45,275.5,276.25,219200.0
HBL,2008-04-04,276.25,282.0,276.25,279.0,695200.0
HBL,2008-04-07,279.0,283.25,279.4,280.15,738400.0
HBL,2008-04-08,280.15,279.0,275.05,278.2,278100.0
HBL,2008-04-09,278.2,286.0,276.0,284.5,2227300.0
HBL,2008-04-10,284.5,283.0,277.0,279.5,430500.0
HBL,2008-04-11,279.5,283.4,280.0,280.45,349300.0
HBL,2008-04-14,280.45,282.0,279.0,280.7,311500.0
HBL,2008-04-15,280.7,282.8,280.55,281.0,212000.0
HBL,2008-04-16,281.0,281.8,277.5,280.0,260600.0
HBL,2008-04-17,280.0,281.25,278.2,278.7,182100.0
HBL,2008-04-18,278.7,280.95,274.15,275.0,196000.0
HBL,2008-04-21,275.0,276.4,271.5,273.0,91500.0
HBL,2008-04-22,273.0,273.5,270.0,271.0,194700.0
HBL,2008-04-23,271.0,280.0,270.05,276.05,648300.0
HBL,2008-04-24,276.05,279.0,274.0,274.0,319800.0
HBL,2008-04-25,274.0,275.5,271.05,274.0,438300.0
HBL,2008-04-28,274.0,275.0,271.0,271.0,262200.0
HBL,2008-04-29,271.0,273.99,266.5,271.0,874200.0
HBL,2008-04-30,271.0,270.75,263.95,269.0,431100.0
HBL,2008-05-02,269.0,268.99,259.51,259.99,583800.0
HBL,2008-05-05,259.99,262.75,256.0,258.0,379700.0
HBL,2008-05-06,258.0,264.0,251.11,252.5,797900.0
HBL,2008-05-07,252.5,254.9,245.0,252.25,287900.0
HBL,2008-05-08,252.25,258.45,250.0,253.7,295900.0
HBL,2008-05-09,253.7,253.5,241.05,249.5,425800.0
HBL,2008-05-12,249.5,253.0,242.0,250.75,616200.0
HBL,2008-05-13,250.75,256.5,250.3,255.75,1825100.0
HBL,2008-05-14,255.75,257.0,254.1,256.0,1271900.0
HBL,2008-05-15,256.0,256.99,252.5,255.0,171300.0
HBL,2008-05-16,255.0,255.0,247.5,249.0,443800.0
HBL,2008-05-19,249.0,248.5,241.0,247.95,329900.0
HBL,2008-05-20,247.95,249.4,239.4,249.4,662500.0
HBL,2008-05-21,249.4,248.01,243.2,244.0,125400.0
HBL,2008-05-22,244.0,245.0,231.8,231.8,727700.0
HBL,2008-05-23,231.8,227.3,220.21,220.21,216800.0
HBL,2008-05-26,220.21,210.0,209.2,209.2,387200.0
HBL,2008-05-27,209.2,208.0,198.74,208.0,1342100.0
HBL,2008-05-28,208.0,214.0,197.6,197.6,774800.0
HBL,2008-05-29,197.6,207.48,187.72,200.0,2102200.0
HBL,2008-05-30,200.0,206.0,194.9,199.89,1899900.0
HBL,2008-06-02,199.89,203.0,198.0,201.99,389600.0
HBL,2008-06-03,201.99,206.0,200.52,203.0,572300.0
HBL,2008-06-04,203.0,213.15,212.5,213.15,1261200.0
HBL,2008-06-05,213.15,222.0,208.0,212.85,834700.0
HBL,2008-06-06,212.85,214.0,206.0,213.02,392600.0
HBL,2008-06-09,213.02,213.0,206.0,206.5,122900.0
HBL,2008-06-10,206.5,206.5,199.0,202.9,350300.0
HBL,2008-06-11,202.9,209.0,200.05,207.25,313500.0
HBL,2008-06-12,207.25,209.0,204.0,204.75,161200.0
HBL,2008-06-13,204.75,204.95,199.75,201.0,294400.0
HBL,2008-06-16,201.0,202.5,190.95,191.5,299400.0
HBL,2008-06-17,191.5,201.07,182.0,201.07,440000.0
HBL,2008-06-18,201.07,211.12,202.0,209.0,1819900.0
HBL,2008-06-19,209.0,209.8,198.55,198.55,1135300.0
HBL,2008-06-20,198.55,205.1,189.0,190.0,427400.0
HBL,2008-06-23,190.0,192.0,180.5,180.5,271600.0
HBL,2008-06-24,180.5,198.55,186.0,198.55,446600.0
HBL,2008-06-25,198.55,217.0,201.1,215.0,911800.0
HBL,2008-06-26,215.0,219.0,212.85,212.85,545100.0
HBL,2008-06-27,212.85,212.9,210.73,210.73,15000.0
HBL,2008-06-30,210.73,208.63,208.63,208.63,1600.0
HBL,2008-07-01,208.63,206.55,206.55,206.55,2000.0
HBL,2008-07-02,206.55,204.49,204.49,204.49,1400.0
HBL,2008-07-03,204.49,202.45,202.45,202.45,500.0
HBL,2008-07-04,202.45,202.45,202.45,202.45,200.0
HBL,2008-07-07,202.45,202.45,202.45,202.45,2000.0
HBL,2008-07-08,202.45,200.43,200.43,200.43,2200.0
HBL,2008-07-09,200.43,198.43,198.43,198.43,10800.0
HBL,2008-07-10,198.43,214.97,196.45,214.97,142200.0
HBL,2008-07-11,214.97,214.97,214.97,214.97,1200.0
HBL,2008-07-14,214.97,204.23,204.23,204.23,1500.0
HBL,2008-07-15,204.23,198.0,194.02,194.02,360800.0
HBL,2008-07-16,194.02,185.99,184.32,184.32,31500.0
HBL,2008-07-17,184.32,175.11,175.11,175.11,5300.0
HBL,2008-07-18,175.11,173.0,166.36,166.36,1342300.0
HBL,2008-07-21,166.36,161.0,158.05,159.7,271800.0
HBL,2008-07-22,159.7,167.68,160.05,167.68,776200.0
HBL,2008-07-23,167.68,176.06,171.1,176.06,241000.0
HBL,2008-07-24,176.06,184.86,179.2,184.86,292300.0
HBL,2008-07-25,184.86,194.1,183.0,187.5,447000.0
HBL,2008-07-28,187.5,183.0,178.13,178.13,29300.0
HBL,2008-07-29,178.13,175.0,169.23,169.5,375300.0
HBL,2008-07-30,169.5,177.97,172.0,177.97,198000.0
HBL,2008-07-31,177.97,182.0,170.0,176.0,360000.0
HBL,2008-08-01,176.0,173.0,167.2,167.2,110300.0
HBL,2008-08-04,167.2,172.79,158.84,170.0,260600.0
HBL,2008-08-05,170.0,175.0,161.5,175.0,504800.0
HBL,2008-08-06,175.0,170.0,166.25,166.25,123400.0
HBL,2008-08-07,166.25,172.0,157.94,172.0,988900.0
HBL,2008-08-08,172.0,172.7,164.9,170.0,951100.0
HBL,2008-08-11,170.0,171.5,164.05,168.9,2147100.0
HBL,2008-08-12,168.9,168.99,160.46,160.5,584600.0
HBL,2008-08-13,160.5,163.0,154.15,160.61,790400.0
HBL,2008-08-15,160.61,166.5,158.0,166.0,730400.0
HBL,2008-08-18,166.0,174.3,162.1,174.3,847100.0
HBL,2008-08-19,174.3,179.5,170.0,170.0,1280700.0
HBL,2008-08-20,170.0,165.0,161.5,164.99,330800.0
HBL,2008-08-21,164.99,163.4,157.6,157.75,323800.0
HBL,2008-08-22,157.75,155.55,149.87,149.87,495000.0
HBL,2008-08-25,149.87,149.99,144.0,147.0,411500.0
HBL,2008-08-26,147.0,148.0,139.65,145.0,345500.0
HBL,2008-08-27,145.0,141.2,137.75,138.45,174800.0
HBL,2008-08-28,138.45,142.0,138.45,138.85,104300.0
HBL,2008-08-29,138.85,138.45,138.45,138.45,5200.0
HBL,2008-09-01,138.45,138.45,138.45,138.45,16600.0
HBL,2008-09-02,138.45,138.45,138.45,138.45,900.0
HBL,2008-09-03,138.45,138.45,138.45,138.45,700.0
HBL,2008-09-04,138.45,138.45,138.45,138.45,5500.0
HBL,2008-09-05,138.45,138.45,138.45,138.45,41300.0
HBL,2008-09-08,138.45,144.95,138.45,138.45,353600.0
HBL,2008-09-09,138.45,139.39,138.45,138.45,11200.0
HBL,2008-09-10,138.45,139.3,138.45,138.45,37800.0
HBL,2008-09-11,138.45,138.45,138.45,138.45,1600.0
HBL,2008-09-12,138.45,138.5,138.45,138.45,34900.0
HBL,2008-09-15,138.45,138.45,138.45,138.45,100.0
HBL,2008-09-16,138.45,138.45,138.45,138.45,100.0
HBL,2008-09-17,138.45,138.45,138.45,138.45,200.0
HBL,2008-09-18,138.45,138.45,138.45,138.45,100.0
HBL,2008-09-19,138.45,138.45,138.45,138.45,100.0
HBL,2008-09-22,138.45,138.45,138.45,138.45,200.0
HBL,2008-09-23,138.45,138.45,138.45,138.45,252400.0
HBL,2008-09-29,138.45,138.45,138.45,138.45,100.0
HBL,2008-09-30,138.45,138.45,138.45,138.45,100.0
HBL,2008-10-06,138.45,138.45,138.45,138.45,200.0
HBL,2008-10-13,138.45,138.45,138.45,138.45,200.0
HBL,2008-10-14,138.45,138.45,138.45,138.45,200.0
HBL,2008-10-15,138.45,138.45,138.45,138.45,100.0
HBL,2008-11-17,138.45,138.45,138.45,138.45,200.0
HBL,2008-12-15,138.45,131.53,131.53,131.53,100.0
HBL,2008-12-16,131.53,124.96,124.96,124.96,100.0
HBL,2008-12-17,124.96,118.72,118.72,118.72,100.0
HBL,2008-12-18,118.72,112.79,112.79,112.79,100.0
HBL,2008-12-19,112.79,107.16,107.16,107.16,100.0
HBL,2008-12-22,107.16,101.81,101.81,101.81,0.0
HBL,2008-12-23,101.81,96.72,96.72,96.72,0.0
HBL,2008-12-24,96.72,91.89,91.89,91.89,0.0
HBL,2008-12-26,91.89,87.3,87.3,87.3,6300.0
HBL,2008-12-29,87.3,82.94,82.94,82.94,20900.0
HBL,2008-12-30,82.94,78.8,78.8,78.8,500.0
HBL,2008-12-31,78.8,74.86,74.86,74.86,0.0
HBL,2009-01-01,74.86,71.12,71.12,71.12,300.0
HBL,2009-01-02,71.12,72.7,67.57,68.55,1932900.0
HBL,2009-01-05,68.55,71.97,69.0,71.97,235500.0
HBL,2009-01-06,71.97,75.56,74.0,75.56,90500.0
HBL,2009-01-09,75.56,79.33,76.0,79.19,600200.0
HBL,2009-01-12,79.19,81.8,75.24,75.24,632700.0
HBL,2009-01-13,75.24,74.5,71.48,71.72,4643900.0
HBL,2009-01-14,71.72,74.8,69.0,71.09,2067600.0
HBL,2009-01-15,71.09,71.9,67.54,67.54,882800.0
HBL,2009-01-16,67.54,67.0,64.17,64.17,525200.0
HBL,2009-01-19,64.17,60.97,60.97,60.97,23400.0
HBL,2009-01-20,60.97,61.85,57.93,58.02,910800.0
HBL,2009-01-21,58.02,60.45,55.12,55.25,560500.0
HBL,2009-01-22,55.25,55.25,52.49,53.6,385300.0
HBL,2009-01-23,53.6,54.75,52.0,53.58,129000.0
HBL,2009-01-26,53.58,53.5,50.91,51.17,245300.0
HBL,2009-01-27,51.17,53.72,49.25,53.72,198300.0
HBL,2009-01-28,53.72,56.4,56.4,56.4,4500.0
HBL,2009-01-29,56.4,59.22,59.22,59.22,19300.0
HBL,2009-01-30,59.22,62.18,62.18,62.18,143500.0
HBL,2009-02-02,62.18,65.28,60.01,65.21,1110500.0
HBL,2009-02-03,65.21,68.47,63.25,68.47,847600.0
HBL,2009-02-04,68.47,71.89,69.0,71.89,307800.0
HBL,2009-02-06,71.89,75.48,73.0,75.47,675100.0
HBL,2009-02-09,75.47,79.24,74.0,78.7,1727900.0
HBL,2009-02-10,78.7,82.4,75.0,76.69,981200.0
HBL,2009-02-11,76.69,80.52,74.0,78.21,1273200.0
HBL,2009-02-12,78.21,79.0,74.5,74.92,475700.0
HBL,2009-02-13,74.92,78.66,75.31,78.66,488200.0
HBL,2009-02-16,78.66,82.59,81.3,82.59,388000.0
HBL,2009-02-17,82.59,86.71,86.0,86.71,489300.0
HBL,2009-02-18,86.71,91.04,87.74,91.04,1791000.0
HBL,2009-02-19,91.04,95.59,93.79,95.59,769600.0
HBL,2009-02-20,95.59,100.36,95.2,100.36,1528000.0
HBL,2009-02-23,100.36,105.37,103.0,105.37,1794200.0
HBL,2009-02-24,105.37,108.75,102.2,103.33,1484800.0
HBL,2009-02-25,103.33,104.45,98.17,98.17,1213400.0
HBL,2009-02-26,98.17,102.8,93.27,101.29,1945200.0
HBL,2009-02-27,101.29,104.7,101.71,102.13,564600.0
HBL,2009-03-02,102.13,103.45,100.0,100.56,556300.0
HBL,2009-03-03,100.56,99.75,95.54,98.22,531300.0
HBL,2009-03-04,98.22,103.13,99.26,103.13,949200.0
HBL,2009-03-05,103.13,105.9,101.56,102.35,880700.0
HBL,2009-03-06,102.35,102.95,100.0,100.88,651300.0
HBL,2009-03-09,100.88,102.49,99.5,100.03,224100.0
HBL,2009-03-11,100.03,102.3,99.5,99.67,363300.0
HBL,2009-03-12,99.67,104.65,99.5,104.62,896200.0
HBL,2009-03-13,82.6,85.7,83.25,84.39,671900.0
HBL,2009-03-16,84.39,88.6,88.6,88.6,22100.0
HBL,2009-03-17,88.6,93.03,90.75,91.31,1085900.0
HBL,2009-03-18,91.31,95.87,90.2,95.52,1593900.0
HBL,2009-03-19,95.52,100.29,95.5,100.26,1759800.0
HBL,2009-03-20,100.26,102.2,97.02,98.66,1125000.0
HBL,2009-03-24,98.66,103.59,100.0,103.59,481100.0
HBL,2009-03-25,103.59,108.76,106.0,108.76,845200.0
HBL,2009-03-26,108.76,114.19,108.0,109.52,1563200.0
HBL,2009-03-27,109.52,114.99,109.25,114.41,1089800.0
HBL,2009-03-30,114.41,120.13,118.25,120.13,662500.0
HBL,2009-03-31,120.13,124.0,114.13,115.69,2044600.0
HBL,2009-04-01,115.69,120.0,112.65,113.75,798000.0
HBL,2009-04-02,113.75,117.69,113.7,117.01,1333800.0
HBL,2009-04-03,117.01,120.0,115.5,117.91,1505900.0
HBL,2009-04-06,117.91,119.9,115.0,117.18,1496200.0
HBL,2009-04-07,117.18,119.5,116.1,116.86,862700.0
HBL,2009-04-08,116.86,116.5,111.02,111.02,551000.0
HBL,2009-04-09,111.02,111.99,105.47,106.25,1048900.0
HBL,2009-04-10,106.25,111.56,104.0,111.56,1091000.0
HBL,2009-04-13,111.56,117.13,115.0,117.13,533500.0
HBL,2009-04-14,117.13,121.5,115.0,116.98,1584300.0
HBL,2009-04-15,116.98,118.0,112.0,114.75,464500.0
HBL,2009-04-16,114.75,118.9,109.02,111.15,617700.0
HBL,2009-04-17,111.15,115.75,107.1,114.09,579300.0
HBL,2009-04-20,114.09,117.38,114.01,114.89,725500.0
HBL,2009-04-21,114.89,118.2,113.1,114.38,632100.0
HBL,2009-04-22,114.38,115.55,108.67,109.53,322800.0
HBL,2009-04-23,109.53,112.0,104.06,104.06,412800.0
HBL,2009-04-24,104.06,109.26,99.2,108.91,845800.0
HBL,2009-04-27,108.91,110.7,103.47,103.47,257400.0
HBL,2009-04-28,103.47,108.64,99.0,107.15,626200.0
HBL,2009-04-29,107.15,109.1,101.8,101.98,622500.0
HBL,2009-04-30,101.98,102.65,98.1,101.04,395100.0
HBL,2009-05-04,101.04,103.5,97.99,98.55,351100.0
HBL,2009-05-05,98.55,101.0,96.5,97.14,296000.0
HBL,2009-05-06,97.14,100.3,97.6,98.26,615000.0
HBL,2009-05-07,98.26,99.49,95.7,96.38,196500.0
HBL,2009-05-08,96.38,97.69,94.55,95.45,229000.0
HBL,2009-05-11,95.45,97.01,94.0,94.33,351100.0
HBL,2009-05-12,94.33,99.04,94.1,99.04,721200.0
HBL,2009-05-13,99.04,103.99,99.5,101.78,1188900.0
HBL,2009-05-14,101.78,102.4,98.01,100.25,597600.0
HBL,2009-05-15,100.25,101.3,98.5,99.59,699800.0
HBL,2009-05-18,99.59,100.99,97.5,98.8,613600.0
HBL,2009-05-19,98.8,99.65,95.8,96.45,338000.0
HBL,2009-05-20,96.45,96.99,93.77,94.75,337900.0
HBL,2009-05-21,94.75,93.95,90.02,91.14,573700.0
HBL,2009-05-22,91.14,95.64,92.0,94.81,679600.0
HBL,2009-05-25,94.81,95.9,93.0,93.88,322200.0
HBL,2009-05-26,93.88,95.0,92.5,93.23,149600.0
HBL,2009-05-27,93.23,94.4,92.1,92.79,142000.0
HBL,2009-05-28,92.79,94.1,92.5,93.05,156500.0
HBL,2009-05-29,93.05,93.8,92.01,92.45,91700.0
HBL,2009-06-01,92.45,93.3,90.0,90.6,90800.0
HBL,2009-06-02,90.6,90.5,87.75,87.95,116700.0
HBL,2009-06-03,87.95,88.5,84.2,85.43,141300.0
HBL,2009-06-04,85.43,86.2,84.1,84.72,122300.0
HBL,2009-06-05,84.72,86.0,84.11,85.11,102300.0
HBL,2009-06-08,85.11,85.77,83.4,84.03,86400.0
HBL,2009-06-09,84.03,88.23,83.9,88.23,411500.0
HBL,2009-06-10,88.23,91.4,87.25,88.65,325500.0
HBL,2009-06-11,88.65,91.7,89.0,89.93,590300.0
HBL,2009-06-12,89.93,90.4,87.25,87.73,144600.0
HBL,2009-06-15,87.73,87.38,85.0,85.47,71600.0
HBL,2009-06-16,85.47,85.0,83.2,84.31,55700.0
HBL,2009-06-17,84.31,88.52,85.0,88.29,314100.0
HBL,2009-06-18,88.29,88.75,85.51,86.14,281000.0
HBL,2009-06-19,86.14,87.4,85.1,85.61,109400.0
HBL,2009-06-22,85.61,88.4,84.01,84.65,235700.0
HBL,2009-06-23,84.65,85.4,82.5,83.16,286300.0
HBL,2009-06-24,83.16,83.77,82.26,82.62,54700.0
HBL,2009-06-25,82.62,85.45,82.7,84.71,266500.0
HBL,2009-06-26,84.71,88.94,85.1,88.25,573900.0
HBL,2009-06-29,88.25,90.1,87.0,88.4,405100.0
HBL,2009-06-30,88.4,88.9,85.5,86.06,153000.0
HBL,2009-07-01,86.06,87.55,86.46,86.9,124700.0
HBL,2009-07-02,86.9,91.24,87.49,91.24,569200.0
HBL,2009-07-03,91.24,95.8,91.51,95.53,1107000.0
HBL,2009-07-06,95.53,97.98,94.0,96.31,622400.0
HBL,2009-07-07,96.31,97.75,93.6,94.16,442100.0
HBL,2009-07-08,94.16,94.29,91.81,93.88,431600.0
HBL,2009-07-09,93.88,95.99,93.2,93.51,190400.0
HBL,2009-07-10,93.51,95.0,93.5,93.95,125300.0
HBL,2009-07-13,93.95,98.64,94.7,98.64,605700.0
HBL,2009-07-14,98.64,100.5,96.71,97.18,685300.0
HBL,2009-07-15,97.18,100.15,97.15,97.9,1342100.0
HBL,2009-07-16,97.9,99.5,96.9,97.21,738800.0
HBL,2009-07-17,97.21,98.7,96.53,96.85,143200.0
HBL,2009-07-20,96.85,98.65,95.5,95.95,132600.0
HBL,2009-07-21,95.95,97.73,94.71,97.44,390719.0
HBL,2009-07-22,97.44,102.31,97.67,101.4,1928486.0
HBL,2009-07-23,101.4,104.88,101.1,102.08,905927.0
HBL,2009-07-24,102.08,102.55,98.85,99.21,461943.0
HBL,2009-07-27,99.21,99.92,97.5,98.14,111313.0
HBL,2009-07-28,98.14,102.0,96.21,99.63,407868.0
HBL,2009-07-29,99.63,100.65,96.11,97.16,148403.0
HBL,2009-07-30,97.16,98.4,95.51,95.84,77830.0
HBL,2009-07-31,95.84,99.9,96.95,99.34,184556.0
HBL,2009-08-03,99.34,100.45,97.8,98.28,156810.0
HBL,2009-08-04,98.28,103.0,98.9,101.56,899217.0
HBL,2009-08-05,101.56,105.2,100.61,102.44,814874.0
HBL,2009-08-06,102.44,103.0,100.0,102.54,395272.0
HBL,2009-08-07,102.54,103.9,101.0,102.07,140879.0
HBL,2009-08-10,102.07,106.2,102.99,105.39,471190.0
HBL,2009-08-11,105.39,106.47,104.0,104.03,158991.0
HBL,2009-08-12,104.03,106.35,104.0,104.79,380133.0
HBL,2009-08-13,104.79,110.02,103.7,109.23,1820346.0
HBL,2009-08-17,109.23,110.89,103.77,107.94,1102145.0
HBL,2009-08-18,107.94,109.74,105.32,106.31,467280.0
HBL,2009-08-19,106.31,107.5,104.01,104.37,243876.0
HBL,2009-08-20,104.37,109.58,106.0,109.42,901468.0
HBL,2009-08-21,109.42,113.3,107.0,112.07,1124909.0
HBL,2009-08-24,112.07,114.0,109.0,112.81,475509.0
HBL,2009-08-25,112.81,114.0,111.0,111.3,258215.0
HBL,2009-08-26,111.3,113.5,111.0,112.66,291731.0
HBL,2009-08-27,112.66,113.6,111.1,112.01,93452.0
HBL,2009-08-28,112.01,115.2,111.5,114.6,370098.0
HBL,2009-08-31,114.6,116.5,113.0,114.88,369035.0
HBL,2009-09-01,114.88,120.62,115.4,119.87,1712350.0
HBL,2009-09-02,119.87,125.3,121.11,123.83,687801.0
HBL,2009-09-03,123.83,127.75,119.9,121.38,1066778.0
HBL,2009-09-04,121.38,124.0,118.2,121.32,493729.0
HBL,2009-09-07,121.32,122.4,118.05,119.5,240642.0
HBL,2009-09-08,119.5,119.26,113.53,115.22,163188.0
HBL,2009-09-09,115.22,120.98,114.4,120.98,409775.0
HBL,2009-09-10,120.98,123.7,119.89,121.96,323307.0
HBL,2009-09-11,121.96,123.5,116.1,118.79,397027.0
HBL,2009-09-14,118.79,122.25,118.9,121.04,318824.0
HBL,2009-09-15,121.04,121.75,117.8,118.45,322802.0
HBL,2009-09-16,118.45,121.2,119.01,119.2,381368.0
HBL,2009-09-17,119.2,122.9,119.7,120.41,1244574.0
HBL,2009-09-18,120.41,126.43,120.31,125.56,1889757.0
HBL,2009-09-24,125.56,131.83,125.3,131.83,1107166.0
HBL,2009-09-25,131.83,134.4,125.4,127.59,1414252.0
HBL,2009-09-28,127.59,129.7,123.0,124.09,345532.0
HBL,2009-09-29,124.09,128.0,122.51,125.24,600989.0
HBL,2009-09-30,125.24,128.0,122.0,122.69,491924.0
HBL,2009-10-01,122.69,125.5,122.9,123.24,226753.0
HBL,2009-10-02,123.24,125.99,122.11,125.61,268116.0
HBL,2009-10-05,125.61,126.98,124.11,124.55,244647.0
HBL,2009-10-06,124.55,127.9,124.01,126.74,569944.0
HBL,2009-10-07,126.74,132.4,127.0,130.88,1905412.0
HBL,2009-10-08,130.88,137.42,129.5,135.76,3565775.0
HBL,2009-10-09,135.76,140.75,136.25,138.26,1642316.0
HBL,2009-10-12,138.26,139.5,133.25,134.43,817797.0
HBL,2009-10-13,134.43,136.0,133.41,135.58,398212.0
HBL,2009-10-14,135.58,137.9,132.1,132.82,1156308.0
HBL,2009-10-15,132.82,134.9,129.5,130.61,897006.0
HBL,2009-10-16,130.61,133.7,129.7,130.3,855348.0
HBL,2009-10-19,130.3,131.25,123.79,124.22,372162.0
HBL,2009-10-20,124.22,130.43,124.5,130.43,663020.0
HBL,2009-10-21,130.43,132.5,127.81,128.81,1538653.0
HBL,2009-10-22,128.81,130.9,123.0,128.61,1014849.0
HBL,2009-10-23,128.61,131.1,128.0,129.31,1090913.0
HBL,2009-10-26,129.31,134.9,130.5,134.15,1643217.0
HBL,2009-10-27,134.15,135.4,129.6,130.32,837456.0
HBL,2009-10-28,130.32,131.4,128.51,128.78,294363.0
HBL,2009-10-29,128.78,130.0,124.77,125.85,880096.0
HBL,2009-10-30,125.85,127.38,123.5,123.94,498779.0
HBL,2009-11-02,123.94,124.4,117.75,118.17,342416.0
HBL,2009-11-03,118.17,124.07,118.1,122.48,903743.0
HBL,2009-11-04,122.48,127.1,124.0,125.97,1057249.0
HBL,2009-11-05,125.97,127.4,123.5,124.05,567203.0
HBL,2009-11-06,124.05,124.5,118.7,119.1,380177.0
HBL,2009-11-10,119.1,122.7,116.0,117.45,628105.0
HBL,2009-11-11,117.45,121.5,115.9,120.63,708401.0
HBL,2009-11-12,120.63,123.47,119.5,121.44,670064.0
HBL,2009-11-13,121.44,125.5,120.65,124.05,836847.0
HBL,2009-11-16,124.05,129.8,124.26,129.21,1210614.0
HBL,2009-11-17,129.21,131.7,126.1,126.48,844879.0
HBL,2009-11-18,126.48,128.35,124.5,125.25,571306.0
HBL,2009-11-19,125.25,127.4,125.31,126.02,216609.0
HBL,2009-11-20,126.02,127.49,125.5,125.86,245499.0
HBL,2009-11-23,125.86,125.98,122.0,123.2,250372.0
HBL,2009-11-24,123.2,124.48,122.52,123.83,182135.0
HBL,2009-11-25,123.83,125.0,122.0,122.4,316560.0
HBL,2009-11-26,122.4,124.45,122.0,123.07,253762.0
HBL,2009-12-01,123.07,122.5,118.91,119.6,675613.0
HBL,2009-12-02,119.6,121.88,118.26,119.93,300989.0
HBL,2009-12-03,119.93,122.1,119.9,120.07,294230.0
HBL,2009-12-04,120.07,121.29,118.74,119.13,290924.0
HBL,2009-12-07,119.13,119.98,117.0,117.79,93003.0
HBL,2009-12-08,117.79,117.5,112.8,114.05,902697.0
HBL,2009-12-09,114.05,116.99,113.52,116.17,1131212.0
HBL,2009-12-10,116.17,118.5,116.3,117.55,257308.0
HBL,2009-12-11,117.55,118.6,117.0,117.14,132160.0
HBL,2009-12-14,117.14,122.98,117.95,122.22,671417.0
HBL,2009-12-15,122.22,124.99,120.3,122.23,834275.0
HBL,2009-12-16,122.23,124.25,121.05,121.95,866223.0
HBL,2009-12-17,121.95,124.0,120.02,120.37,427373.0
HBL,2009-12-18,120.37,120.9,117.98,119.0,227807.0
HBL,2009-12-21,119.0,121.75,118.55,121.13,405053.0
HBL,2009-12-22,121.13,124.49,121.49,123.75,573893.0
HBL,2009-12-23,123.75,124.01,121.8,122.35,319312.0
HBL,2009-12-24,122.35,125.5,122.64,124.59,1356235.0
HBL,2009-12-29,124.59,125.75,122.5,125.34,218309.0
HBL,2009-12-30,125.34,127.85,126.11,126.5,458337.0
HBL,2009-12-31,126.5,126.14,123.0,123.44,472294.0
HBL,2010-01-04,123.44,124.7,123.2,123.79,121296.0
HBL,2010-01-05,123.79,128.0,124.31,127.69,866016.0
HBL,2010-01-06,127.69,129.99,127.41,128.0,926924.0
HBL,2010-01-07,128.0,134.4,127.67,133.61,3268357.0
HBL,2010-01-08,133.61,134.0,131.5,133.26,1042705.0
HBL,2010-01-11,133.26,135.49,132.6,133.78,913376.0
HBL,2010-01-12,133.78,136.5,132.8,135.38,1540569.0
HBL,2010-01-13,135.38,137.49,134.01,135.11,697265.0
HBL,2010-01-14,135.11,135.9,133.0,134.23,634376.0
HBL,2010-01-15,134.23,136.4,134.31,134.92,604078.0
HBL,2010-01-18,134.92,135.9,133.28,133.65,279892.0
HBL,2010-01-19,133.65,135.7,133.75,134.16,318598.0
HBL,2010-01-20,134.16,134.85,132.0,132.15,513714.0
HBL,2010-01-21,132.15,132.0,125.55,125.7,1769549.0
HBL,2010-01-22,125.7,125.7,119.61,121.96,2317213.0
HBL,2010-01-25,121.96,123.01,120.0,120.41,369460.0
HBL,2010-01-26,120.41,121.8,119.8,120.28,185146.0
HBL,2010-01-27,120.28,122.15,119.1,119.66,215788.0
HBL,2010-01-28,119.66,121.4,118.4,120.58,478973.0
HBL,2010-01-29,120.58,122.25,120.65,121.35,205454.0
HBL,2010-02-01,121.35,121.89,120.11,121.16,167800.0
HBL,2010-02-02,121.16,122.19,119.5,120.22,149553.0
HBL,2010-02-03,120.22,122.48,120.48,121.53,282233.0
HBL,2010-02-04,121.53,123.6,121.0,121.53,375188.0
HBL,2010-02-08,121.53,122.5,120.4,120.8,229206.0
HBL,2010-02-09,120.8,122.0,120.3,120.57,298575.0
HBL,2010-02-10,120.57,121.26,119.2,119.49,144480.0
HBL,2010-02-11,119.49,120.5,119.61,120.18,164237.0
HBL,2010-02-12,120.18,122.88,120.1,121.82,441950.0
HBL,2010-02-15,121.82,120.99,118.66,119.84,237368.0
HBL,2010-02-16,119.84,121.35,120.0,120.82,223855.0
HBL,2010-02-17,120.82,123.5,121.3,121.74,326272.0
HBL,2010-02-18,121.74,124.99,121.81,123.88,1131442.0
HBL,2010-02-19,123.88,127.9,122.6,126.83,3097178.0
HBL,2010-02-22,126.83,128.0,126.04,126.47,786188.0
HBL,2010-02-23,126.47,127.4,125.05,125.37,491568.0
HBL,2010-02-24,125.37,125.7,123.6,123.87,152100.0
HBL,2010-02-25,123.87,124.55,121.8,123.32,182971.0
HBL,2010-02-26,123.32,123.99,122.0,122.22,81060.0
HBL,2010-03-01,122.22,123.3,121.8,122.93,199361.0
HBL,2010-03-02,122.93,124.75,122.41,124.23,246356.0
HBL,2010-03-03,124.23,125.3,123.3,123.86,134856.0
HBL,2010-03-04,123.86,124.4,122.1,123.07,220090.0
HBL,2010-03-05,123.07,123.7,122.0,123.09,237148.0
HBL,2010-03-08,123.09,127.7,123.09,126.91,490834.0
HBL,2010-03-09,126.91,128.5,126.1,126.94,359116.0
HBL,2010-03-10,126.94,128.0,126.41,127.09,192149.0
HBL,2010-03-11,127.09,129.25,127.0,128.9,521869.0
HBL,2010-03-12,111.73,114.0,111.0,112.66,795332.0
HBL,2010-03-15,112.66,115.1,112.2,114.26,668227.0
HBL,2010-03-16,114.26,114.7,112.81,113.02,133159.0
HBL,2010-03-17,113.02,113.64,111.3,111.59,140275.0
HBL,2010-03-18,111.59,112.1,111.28,111.68,64019.0
HBL,2010-03-19,111.68,111.9,109.51,110.46,121430.0
HBL,2010-03-22,110.46,111.28,109.55,110.14,101567.0
HBL,2010-03-24,110.14,114.0,110.2,113.52,626986.0
HBL,2010-03-25,113.52,115.0,112.1,112.46,823636.0
HBL,2010-03-26,112.46,113.39,111.6,112.27,238428.0
HBL,2010-03-29,112.27,113.9,111.4,111.79,216349.0
HBL,2010-03-30,111.79,112.1,110.5,110.58,47507.0
HBL,2010-03-31,110.58,112.34,110.16,110.57,344836.0
HBL,2010-04-01,110.57,111.72,109.6,109.96,242747.0
HBL,2010-04-02,109.96,112.5,110.1,110.92,756659.0
HBL,2010-04-05,110.92,112.85,111.3,112.18,470493.0
HBL,2010-04-06,112.18,115.5,112.51,113.92,1418915.0
HBL,2010-04-07,113.92,114.99,113.55,113.73,229676.0
HBL,2010-04-08,113.73,114.74,112.9,113.16,458860.0
HBL,2010-04-09,113.16,114.2,112.65,113.02,240281.0
HBL,2010-04-12,113.02,113.65,111.6,111.81,147188.0
HBL,2010-04-13,111.81,112.4,110.5,111.05,187280.0
HBL,2010-04-14,111.05,112.04,111.0,111.91,140054.0
HBL,2010-04-15,111.91,112.55,111.91,112.08,70640.0
HBL,2010-04-16,112.08,113.1,112.51,112.58,99918.0
HBL,2010-04-19,112.58,112.65,112.0,112.46,81272.0
HBL,2010-04-20,112.46,112.9,111.6,111.72,143727.0
HBL,2010-04-21,111.72,111.5,108.3,109.32,613709.0
HBL,2010-04-22,109.32,113.8,109.6,110.66,576286.0
HBL,2010-04-23,110.66,112.25,110.0,110.42,310101.0
HBL,2010-04-26,110.42,110.89,109.6,109.71,72043.0
HBL,2010-04-27,109.71,111.25,109.1,110.78,141801.0
HBL,2010-04-28,110.78,111.75,109.0,110.51,286025.0
HBL,2010-04-29,110.51,110.88,109.0,109.25,295675.0
HBL,2010-04-30,109.25,109.7,108.65,109.24,121626.0
HBL,2010-05-03,109.24,109.2,107.75,108.24,110423.0
HBL,2010-05-04,108.24,110.69,108.6,109.61,217870.0
HBL,2010-05-05,109.61,109.75,109.0,109.1,46903.0
HBL,2010-05-06,109.1,109.25,108.31,108.5,58242.0
HBL,2010-05-07,108.5,108.0,106.0,106.43,172216.0
HBL,2010-05-10,106.43,106.99,105.15,106.35,60430.0
HBL,2010-05-11,106.35,107.2,105.05,105.7,121587.0
HBL,2010-05-12,105.7,105.79,103.55,105.44,156217.0
HBL,2010-05-13,105.44,106.99,104.7,106.18,256377.0
HBL,2010-05-14,106.18,110.0,106.01,107.21,249225.0
HBL,2010-05-17,107.21,107.0,101.85,102.3,226392.0
HBL,2010-05-18,102.3,102.87,100.7,102.17,113382.0
HBL,2010-05-19,102.17,101.78,99.0,100.99,232051.0
HBL,2010-05-20,100.99,102.3,99.3,101.77,150289.0
HBL,2010-05-21,101.77,100.9,99.15,99.85,116840.0
HBL,2010-05-24,99.85,100.6,98.0,98.85,143330.0
HBL,2010-05-25,98.85,99.3,93.91,94.17,583992.0
HBL,2010-05-26,94.17,97.5,94.49,97.22,260405.0
HBL,2010-05-27,97.22,98.45,93.18,95.05,108556.0
HBL,2010-05-28,95.05,97.63,94.0,96.01,138574.0
HBL,2010-05-31,96.01,96.95,91.21,92.71,315966.0
HBL,2010-06-01,92.71,93.5,90.25,92.63,87676.0
HBL,2010-06-02,92.63,96.49,91.25,95.41,282064.0
HBL,2010-06-03,95.41,97.4,94.5,96.95,265136.0
HBL,2010-06-04,96.95,97.9,94.75,95.88,121522.0
HBL,2010-06-07,95.88,98.5,94.8,97.98,172054.0
HBL,2010-06-08,97.98,98.23,96.01,97.01,133694.0
HBL,2010-06-09,97.01,96.8,95.0,95.33,64300.0
HBL,2010-06-10,95.33,95.0,91.3,91.96,111061.0
HBL,2010-06-11,91.96,93.99,92.2,93.29,56372.0
HBL,2010-06-14,93.29,93.1,89.25,92.15,147611.0
HBL,2010-06-15,92.15,94.0,91.7,93.38,241609.0
HBL,2010-06-16,93.38,98.0,92.81,97.65,535026.0
HBL,2010-06-17,97.65,102.0,95.0,101.23,792734.0
HBL,2010-06-18,101.23,101.25,98.31,98.58,302983.0
HBL,2010-06-21,98.58,99.25,97.8,98.79,66303.0
HBL,2010-06-22,98.79,101.0,97.01,99.06,383237.0
HBL,2010-06-23,99.06,99.9,98.5,99.03,117225.0
HBL,2010-06-24,99.03,101.0,99.0,100.0,364653.0
HBL,2010-06-25,100.0,100.4,97.61,97.92,106559.0
HBL,2010-06-28,97.92,99.2,96.2,96.51,137675.0
HBL,2010-06-29,96.51,97.95,96.1,97.16,80049.0
HBL,2010-06-30,97.16,98.0,96.21,97.25,39056.0
HBL,2010-07-01,97.25,98.4,96.99,98.33,46781.0
HBL,2010-07-02,98.33,98.5,97.02,97.26,31642.0
HBL,2010-07-05,97.26,98.9,97.0,97.08,11727.0
HBL,2010-07-06,97.08,98.47,97.0,97.04,21783.0
HBL,2010-07-07,97.04,98.97,95.01,97.7,109583.0
HBL,2010-07-08,97.7,101.84,97.99,101.08,315823.0
HBL,2010-07-09,101.08,103.25,101.0,102.66,187164.0
HBL,2010-07-12,102.66,103.55,101.01,101.67,59426.0
HBL,2010-07-13,101.67,102.6,101.16,101.5,89958.0
HBL,2010-07-14,101.5,105.89,102.3,105.05,294919.0
HBL,2010-07-15,105.05,106.49,103.21,103.93,129188.0
HBL,2010-07-16,103.93,105.11,103.5,104.63,61619.0
HBL,2010-07-19,104.63,106.5,105.0,105.6,84071.0
HBL,2010-07-20,105.6,106.45,105.25,105.84,138930.0
HBL,2010-07-21,105.84,106.0,104.1,104.8,290511.0
HBL,2010-07-22,104.8,105.3,103.8,104.05,157015.0
HBL,2010-07-23,104.05,105.99,103.5,105.08,199944.0
HBL,2010-07-26,105.08,107.7,104.5,107.3,530696.0
HBL,2010-07-27,107.3,107.92,106.41,106.76,271116.0
HBL,2010-07-28,106.76,107.84,104.75,106.15,241228.0
HBL,2010-07-29,106.15,107.55,105.5,105.58,292218.0
HBL,2010-07-30,105.58,105.95,104.65,104.96,41027.0
HBL,2010-08-02,104.96,106.1,103.05,105.91,224994.0
HBL,2010-08-03,105.91,107.25,104.52,107.0,153350.0
HBL,2010-08-04,107.0,109.1,107.2,107.57,235941.0
HBL,2010-08-05,107.57,108.5,107.0,107.02,58615.0
HBL,2010-08-06,107.02,108.5,106.4,107.44,249326.0
HBL,2010-08-09,107.44,108.0,102.07,102.13,190602.0
HBL,2010-08-10,102.13,102.49,100.5,100.99,93864.0
HBL,2010-08-11,100.99,102.0,99.5,100.61,330484.0
HBL,2010-08-12,100.61,101.5,100.5,100.52,24693.0
HBL,2010-08-13,100.52,101.29,99.53,100.76,14597.0
HBL,2010-08-16,100.76,101.5,95.73,95.73,100269.0
HBL,2010-08-17,95.73,100.0,92.0,98.0,56125.0
HBL,2010-08-18,98.0,99.7,97.56,97.88,20599.0
HBL,2010-08-19,97.88,99.9,97.75,99.1,52533.0
HBL,2010-08-20,99.1,99.5,98.0,98.43,27374.0
HBL,2010-08-23,98.43,98.5,96.15,96.39,28483.0
HBL,2010-08-24,96.39,96.53,94.5,94.85,25930.0
HBL,2010-08-25,94.85,95.85,92.0,92.37,33590.0
HBL,2010-08-26,92.37,95.0,92.5,94.3,88141.0
HBL,2010-08-27,94.3,95.24,93.1,95.0,31618.0
HBL,2010-08-30,95.0,95.3,93.5,93.89,40256.0
HBL,2010-08-31,93.89,98.58,94.0,98.56,149840.0
HBL,2010-09-01,98.56,97.9,96.61,97.51,119561.0
HBL,2010-09-02,97.51,98.35,96.1,96.6,41331.0
HBL,2010-09-03,96.6,96.9,95.65,95.99,6531.0
HBL,2010-09-06,95.99,95.28,94.98,95.14,8639.0
HBL,2010-09-07,95.14,95.69,94.01,95.3,11120.0
HBL,2010-09-08,95.3,96.7,95.52,96.05,27554.0
HBL,2010-09-09,96.05,96.45,95.26,95.36,5414.0
HBL,2010-09-14,95.36,99.1,96.8,98.77,168765.0
HBL,2010-09-15,98.77,100.2,97.61,99.94,148292.0
HBL,2010-09-16,99.94,101.5,98.0,98.29,72676.0
HBL,2010-09-17,98.29,98.85,97.01,97.69,83426.0
HBL,2010-09-20,97.69,97.99,96.5,96.81,23246.0
HBL,2010-09-21,96.81,97.4,94.5,94.79,50731.0
HBL,2010-09-22,94.79,95.8,93.5,93.82,27351.0
HBL,2010-09-23,93.82,94.0,92.55,93.92,51695.0
HBL,2010-09-24,93.92,94.95,93.01,93.97,18447.0
HBL,2010-09-27,93.97,94.5,92.55,94.03,48936.0
HBL,2010-09-28,94.03,97.0,94.49,95.43,130195.0
HBL,2010-09-29,95.43,96.35,94.0,96.04,137068.0
HBL,2010-09-30,96.04,96.35,94.2,95.22,27066.0
HBL,2010-10-01,95.22,95.92,94.1,94.5,21722.0
HBL,2010-10-04,94.5,94.6,93.1,93.52,23486.0
HBL,2010-10-05,93.52,94.48,93.0,93.51,39939.0
HBL,2010-10-06,93.51,94.0,93.1,93.51,16951.0
HBL,2010-10-07,93.51,95.35,93.2,95.13,110654.0
HBL,2010-10-08,95.13,99.45,95.01,97.93,386646.0
HBL,2010-10-11,97.93,102.5,97.2,101.55,453522.0
HBL,2010-10-12,101.55,102.1,100.5,101.86,496873.0
HBL,2010-10-13,101.86,101.9,100.5,100.7,95674.0
HBL,2010-10-14,100.7,101.87,99.85,100.18,111229.0
HBL,2010-10-15,100.18,101.0,99.9,100.01,157724.0
HBL,2010-10-18,100.01,101.62,98.51,100.83,651229.0
HBL,2010-10-19,100.83,103.15,101.0,102.08,489522.0
HBL,2010-10-20,102.08,102.5,101.1,102.3,48986.0
HBL,2010-10-21,102.3,106.88,102.3,106.02,595200.0
HBL,2010-10-22,106.02,107.15,104.0,104.38,140636.0
HBL,2010-10-25,104.38,105.99,104.0,104.11,283473.0
HBL,2010-10-26,104.11,105.0,100.71,101.73,185989.0
HBL,2010-10-27,101.73,102.7,100.05,101.4,143894.0
HBL,2010-10-28,101.4,103.6,100.62,102.16,131904.0
HBL,2010-10-29,102.16,102.75,100.65,101.55,120373.0
HBL,2010-11-01,101.55,102.25,100.5,100.78,66016.0
HBL,2010-11-02,100.78,102.01,101.0,101.95,70924.0
HBL,2010-11-03,101.95,103.5,101.9,102.41,629281.0
HBL,2010-11-04,102.41,103.5,101.79,103.02,84594.0
HBL,2010-11-05,103.02,104.5,103.5,103.67,127632.0
HBL,2010-11-08,103.67,105.6,103.75,104.48,203167.0
HBL,2010-11-10,104.48,106.5,104.0,104.88,356304.0
HBL,2010-11-11,104.88,105.9,104.0,104.08,59196.0
HBL,2010-11-12,104.08,104.5,103.3,104.21,39386.0
HBL,2010-11-15,104.21,105.5,104.1,104.25,24012.0
HBL,2010-11-16,104.25,105.7,104.0,105.6,160705.0
HBL,2010-11-22,105.6,107.44,105.75,107.02,775525.0
HBL,2010-11-23,107.02,108.79,106.6,107.12,142655.0
HBL,2010-11-24,107.12,107.5,105.1,105.51,82108.0
HBL,2010-11-25,105.51,106.2,103.71,103.97,172805.0
HBL,2010-11-26,103.97,105.25,102.55,104.22,54220.0
HBL,2010-11-29,104.22,105.35,103.3,104.05,22723.0
HBL,2010-11-30,104.05,106.5,103.25,106.11,105077.0
HBL,2010-12-01,106.11,107.4,106.0,106.12,176061.0
HBL,2010-12-02,106.12,108.45,106.37,108.03,167824.0
HBL,2010-12-03,108.03,113.43,108.07,113.42,949966.0
HBL,2010-12-06,113.42,115.95,113.5,114.13,420721.0
HBL,2010-12-07,114.13,114.3,112.13,112.76,154012.0
HBL,2010-12-08,112.76,117.0,112.99,116.23,839176.0
HBL,2010-12-09,116.23,116.9,114.5,115.37,217257.0
HBL,2010-12-10,115.37,118.99,114.0,117.44,797537.0
HBL,2010-12-13,117.44,117.76,115.7,115.96,166994.0
HBL,2010-12-14,115.96,118.2,114.25,117.75,472503.0
HBL,2010-12-15,117.75,121.99,117.0,119.56,1078538.0
HBL,2010-12-20,119.56,121.9,119.81,120.03,200868.0
HBL,2010-12-21,120.03,120.6,117.5,117.85,718651.0
HBL,2010-12-22,117.85,118.0,115.99,117.04,402898.0
HBL,2010-12-23,117.04,117.7,115.5,115.86,73741.0
HBL,2010-12-24,115.86,116.7,114.01,116.41,71800.0
HBL,2010-12-27,116.41,118.5,116.4,118.03,136648.0
HBL,2010-12-28,118.03,118.4,116.3,117.3,145013.0
HBL,2010-12-29,117.3,119.98,116.51,119.06,544723.0
HBL,2010-12-30,119.06,125.01,118.62,124.74,1836162.0
HBL,2010-12-31,124.74,125.29,121.5,121.94,697308.0
HBL,2011-01-03,121.94,121.0,116.8,119.49,510969.0
HBL,2011-01-04,119.49,122.3,119.5,121.87,627959.0
HBL,2011-01-05,121.87,126.45,121.4,124.93,1506848.0
HBL,2011-01-06,124.93,125.89,123.75,124.98,773913.0
HBL,2011-01-07,124.98,126.06,124.69,124.99,376749.0
HBL,2011-01-10,124.99,126.8,123.0,123.56,166214.0
HBL,2011-01-11,123.56,124.5,122.75,123.01,329849.0
HBL,2011-01-12,123.01,128.9,123.89,127.87,788687.0
HBL,2011-01-13,127.87,128.97,126.25,127.6,156709.0
HBL,2011-01-14,127.6,128.48,126.45,126.7,278339.0
HBL,2011-01-17,126.7,128.0,126.34,126.79,195832.0
HBL,2011-01-18,126.79,127.44,125.45,125.58,75393.0
HBL,2011-01-19,125.58,127.12,124.1,124.49,158779.0
HBL,2011-01-20,124.49,125.25,122.83,123.03,54899.0
HBL,2011-01-21,123.03,125.25,123.0,123.8,73781.0
HBL,2011-01-24,123.8,124.65,123.3,123.58,28629.0
HBL,2011-01-25,123.58,124.85,123.4,123.5,70998.0
HBL,2011-01-26,123.5,124.01,122.0,122.16,202293.0
HBL,2011-01-27,122.16,125.1,123.1,123.62,523617.0
HBL,2011-01-28,123.62,124.96,123.0,123.82,192270.0
HBL,2011-01-31,123.82,126.45,122.0,123.04,502164.0
HBL,2011-02-01,123.04,124.25,121.5,122.33,156405.0
HBL,2011-02-02,122.33,125.34,120.75,124.71,416363.0
HBL,2011-02-03,124.71,125.9,123.8,124.03,119391.0
HBL,2011-02-04,124.03,124.85,123.0,124.37,311317.0
HBL,2011-02-07,124.37,125.75,124.05,124.86,73565.0
HBL,2011-02-08,124.86,125.2,123.7,124.93,414286.0
HBL,2011-02-09,124.93,124.8,123.25,123.48,22308.0
HBL,2011-02-10,123.48,124.0,123.06,123.13,57136.0
HBL,2011-02-11,123.13,123.75,121.7,122.15,112463.0
HBL,2011-02-14,122.15,122.72,121.0,122.15,239870.0
HBL,2011-02-15,122.15,123.9,122.1,123.28,342375.0
HBL,2011-02-17,123.28,125.8,122.36,124.96,178820.0
HBL,2011-02-18,124.96,127.0,122.1,123.16,893122.0
HBL,2011-02-21,123.16,123.85,121.52,121.73,103755.0
HBL,2011-02-22,121.73,122.75,118.51,119.25,309012.0
HBL,2011-02-23,119.25,120.0,114.55,117.77,145969.0
HBL,2011-02-24,117.77,119.8,118.12,118.79,54132.0
HBL,2011-02-25,118.79,120.8,115.85,116.74,143070.0
HBL,2011-02-28,116.74,120.0,117.1,119.2,103847.0
HBL,2011-03-01,119.2,124.0,120.0,122.15,469476.0
HBL,2011-03-02,122.15,124.5,120.5,122.18,154199.0
HBL,2011-03-03,122.18,123.3,121.25,123.0,93900.0
HBL,2011-03-04,123.0,129.15,122.0,129.14,756419.0
HBL,2011-03-07,129.14,131.0,127.0,127.15,101124.0
HBL,2011-03-08,127.15,128.25,125.8,126.59,67467.0
HBL,2011-03-09,126.59,128.79,127.0,127.76,42400.0
HBL,2011-03-10,127.76,128.5,126.31,126.7,34122.0
HBL,2011-03-11,126.7,128.18,125.0,127.84,80177.0
HBL,2011-03-14,127.84,128.5,126.85,127.99,131048.0
HBL,2011-03-15,110.45,111.4,106.75,107.08,270640.0
HBL,2011-03-16,107.08,108.5,105.5,106.63,36071.0
HBL,2011-03-17,106.63,111.96,107.5,111.25,135335.0
HBL,2011-03-18,111.25,111.0,107.51,108.33,159484.0
HBL,2011-03-21,108.33,108.1,106.6,106.98,103875.0
HBL,2011-03-22,106.98,107.9,105.1,106.02,243634.0
HBL,2011-03-24,106.02,107.05,105.8,106.18,55647.0
HBL,2011-03-25,106.18,106.99,105.5,105.59,19269.0
HBL,2011-03-28,105.59,106.25,104.16,105.3,9085.0
HBL,2011-03-29,105.3,107.5,105.97,107.32,64672.0
HBL,2011-03-30,107.32,110.0,107.11,109.13,80757.0
HBL,2011-03-31,109.13,112.74,108.12,111.67,416712.0
HBL,2011-04-01,111.67,117.25,110.2,117.25,216281.0
HBL,2011-04-04,117.25,120.15,117.4,119.13,197092.0
HBL,2011-04-05,119.13,121.9,116.7,121.46,224833.0
HBL,2011-04-06,121.46,123.2,119.25,121.97,309450.0
HBL,2011-04-07,121.97,121.98,120.25,121.23,66865.0
HBL,2011-04-08,121.23,123.0,119.5,122.73,122570.0
HBL,2011-04-11,122.73,122.7,120.29,120.94,44211.0
HBL,2011-04-12,120.94,121.4,120.25,121.06,22205.0
HBL,2011-04-13,121.06,122.9,121.0,122.02,69187.0
HBL,2011-04-14,122.02,122.49,120.0,121.0,35543.0
HBL,2011-04-15,121.0,126.8,118.41,125.16,592309.0
HBL,2011-04-18,125.16,126.5,124.5,124.86,67996.0
HBL,2011-04-19,124.86,124.5,122.67,122.79,72315.0
HBL,2011-04-20,122.79,125.5,121.65,124.93,224639.0
HBL,2011-04-21,124.93,125.2,123.5,124.19,99724.0
HBL,2011-04-22,124.19,125.47,123.1,124.75,181642.0
HBL,2011-04-25,124.75,125.1,124.55,124.76,324806.0
HBL,2011-04-26,124.76,124.97,123.02,124.07,100747.0
HBL,2011-04-27,124.07,125.0,123.0,123.09,89918.0
HBL,2011-04-28,123.09,123.38,122.0,122.07,90377.0
HBL,2011-04-29,122.07,123.5,121.8,122.06,97608.0
HBL,2011-05-02,122.06,122.2,120.5,120.88,51695.0
HBL,2011-05-03,120.88,121.0,119.12,120.49,69249.0
HBL,2011-05-04,120.49,120.03,117.0,118.74,59633.0
HBL,2011-05-05,118.74,120.3,118.1,120.06,65852.0
HBL,2011-05-06,120.06,122.78,119.0,121.04,517452.0
HBL,2011-05-09,121.04,123.9,121.0,123.2,574257.0
HBL,2011-05-10,123.2,123.88,121.65,122.09,69743.0
HBL,2011-05-11,122.09,122.8,121.0,122.39,164300.0
HBL,2011-05-12,122.39,122.45,121.3,122.18,168591.0
HBL,2011-05-13,122.18,122.0,121.0,121.12,25556.0
HBL,2011-05-16,121.12,121.02,117.9,118.14,47887.0
HBL,2011-05-17,118.14,120.01,118.28,118.51,78118.0
HBL,2011-05-18,118.51,118.75,117.15,117.48,13411.0
HBL,2011-05-19,117.48,118.01,117.2,117.35,30085.0
HBL,2011-05-20,117.35,121.9,116.89,118.87,71712.0
HBL,2011-05-23,118.87,120.0,118.2,119.98,84967.0
HBL,2011-05-24,119.98,120.75,119.9,120.3,37229.0
HBL,2011-05-25,120.3,121.5,120.1,120.61,40753.0
HBL,2011-05-26,120.61,122.0,120.03,120.68,76991.0
HBL,2011-05-27,120.68,121.35,120.05,120.7,77246.0
HBL,2011-05-30,120.7,121.14,119.2,119.48,27147.0
HBL,2011-05-31,119.48,119.99,116.8,117.32,156009.0
HBL,2011-06-01,117.32,118.91,117.5,118.09,61689.0
HBL,2011-06-02,118.09,118.26,117.5,117.6,24182.0
HBL,2011-06-03,117.6,117.4,116.71,116.95,24111.0
HBL,2011-06-06,116.95,120.0,115.25,119.54,93542.0
HBL,2011-06-07,119.54,120.75,119.8,120.23,118932.0
HBL,2011-06-08,120.23,122.0,119.8,121.74,173956.0
HBL,2011-06-09,121.74,121.75,120.75,120.75,17006.0
HBL,2011-06-10,120.75,121.0,119.93,120.1,16752.0
HBL,2011-06-13,120.1,121.51,119.75,120.9,149420.0
HBL,2011-06-14,120.9,121.95,118.75,119.61,104632.0
HBL,2011-06-15,119.61,120.0,118.5,118.85,17854.0
HBL,2011-06-16,118.85,118.95,118.0,118.12,42830.0
HBL,2011-06-17,118.12,118.5,117.5,117.58,19758.0
HBL,2011-06-20,117.58,117.5,116.5,116.68,27522.0
HBL,2011-06-21,116.68,118.44,117.0,117.88,142926.0
HBL,2011-06-22,117.88,118.0,117.01,117.2,32049.0
HBL,2011-06-23,117.2,118.5,117.02,117.67,468629.0
HBL,2011-06-24,117.67,117.79,117.0,117.22,30922.0
HBL,2011-06-27,117.22,119.0,116.11,116.22,14141.0
HBL,2011-06-28,116.22,116.0,114.1,114.25,117747.0
HBL,2011-06-29,114.25,117.0,115.0,116.06,283492.0
HBL,2011-06-30,116.06,116.9,116.0,116.06,46240.0
HBL,2011-07-01,116.06,118.0,116.0,116.03,242443.0
HBL,2011-07-04,116.03,120.0,114.53,118.64,227243.0
HBL,2011-07-05,118.64,119.9,118.5,118.98,33923.0
HBL,2011-07-06,118.98,119.9,117.91,118.53,26453.0
HBL,2011-07-07,118.53,119.0,116.89,117.15,19070.0
HBL,2011-07-08,117.15,118.2,116.85,117.36,9636.0
HBL,2011-07-11,117.36,117.5,116.5,116.97,13274.0
HBL,2011-07-12,116.97,116.88,116.22,116.36,8390.0
HBL,2011-07-13,116.36,118.0,116.55,116.7,31429.0
HBL,2011-07-14,116.7,117.2,116.23,116.92,10991.0
HBL,2011-07-15,116.92,118.0,117.0,117.33,49434.0
HBL,2011-07-18,117.33,119.17,117.06,118.97,168278.0
HBL,2011-07-19,118.97,121.0,118.1,119.34,351071.0
HBL,2011-07-20,119.34,120.44,119.03,120.01,160116.0
HBL,2011-07-21,120.01,120.99,119.16,120.08,136260.0
HBL,2011-07-22,120.08,122.68,120.0,121.98,342415.0
HBL,2011-07-25,121.98,122.0,120.2,120.51,81091.0
HBL,2011-07-26,120.51,121.7,120.6,121.5,117213.0
HBL,2011-07-27,121.5,121.25,119.65,120.32,26966.0
HBL,2011-07-28,120.32,120.01,119.05,119.68,16641.0
HBL,2011-07-29,119.68,120.25,119.26,120.0,17205.0
HBL,2011-08-01,120.0,122.99,120.51,121.09,46748.0
HBL,2011-08-02,121.09,121.04,119.5,119.9,8390.0
HBL,2011-08-03,119.9,121.0,119.02,119.12,147603.0
HBL,2011-08-04,119.12,119.35,118.5,118.82,13841.0
HBL,2011-08-05,118.82,118.25,115.0,117.51,108294.0
HBL,2011-08-08,117.51,117.45,115.03,116.99,218914.0
HBL,2011-08-09,116.99,116.0,114.0,114.57,38200.0
HBL,2011-08-10,114.57,118.25,116.0,117.14,17842.0
HBL,2011-08-11,117.14,118.0,116.5,117.21,17440.0
HBL,2011-08-12,117.21,122.9,117.01,121.01,135852.0
HBL,2011-08-15,121.01,121.75,119.01,119.35,59922.0
HBL,2011-08-16,119.35,120.5,118.05,119.84,86726.0
HBL,2011-08-17,119.84,121.5,119.01,120.6,152766.0
HBL,2011-08-18,120.6,120.5,117.55,118.37,124416.0
HBL,2011-08-19,118.37,116.95,114.25,116.43,21646.0
HBL,2011-08-22,116.43,117.0,115.0,116.57,14047.0
HBL,2011-08-23,116.57,116.25,115.02,116.0,12440.0
HBL,2011-08-24,116.0,117.5,116.05,116.78,14028.0
HBL,2011-08-25,116.78,117.0,115.0,116.56,28988.0
HBL,2011-08-29,116.56,116.55,115.15,115.87,10089.0
HBL,2011-08-30,115.87,116.7,115.0,116.54,13841.0
HBL,2011-09-05,116.54,119.35,117.0,117.59,10843.0
HBL,2011-09-06,117.59,118.25,116.5,117.87,50621.0
HBL,2011-09-07,117.87,118.5,117.0,117.28,19445.0
HBL,2011-09-08,117.28,118.1,117.0,117.0,15353.0
HBL,2011-09-09,117.0,117.5,114.06,115.57,12868.0
HBL,2011-09-12,115.57,116.25,115.01,116.06,10577.0
HBL,2011-09-13,116.06,118.95,115.5,118.05,24377.0
HBL,2011-09-14,118.05,118.0,116.5,117.1,18046.0
HBL,2011-09-15,117.1,117.7,116.5,117.51,28250.0
HBL,2011-09-16,117.51,117.97,116.7,117.28,6290.0
HBL,2011-09-19,117.28,117.7,116.77,117.0,7822.0
HBL,2011-09-20,117.0,118.5,116.52,118.48,68174.0
HBL,2011-09-21,118.48,120.79,117.55,119.86,344448.0
HBL,2011-09-22,119.86,121.0,119.0,119.52,207552.0
HBL,2011-09-23,119.52,121.0,117.56,118.49,218412.0
HBL,2011-09-26,118.49,117.1,115.11,117.0,41069.0
HBL,2011-09-27,117.0,119.0,116.05,118.71,21037.0
HBL,2011-09-28,118.71,119.97,118.12,118.32,13142.0
HBL,2011-09-29,118.32,118.89,117.5,118.0,14525.0
HBL,2011-09-30,118.0,120.0,118.01,119.36,21622.0
HBL,2011-10-03,119.36,119.2,118.0,118.4,16337.0
HBL,2011-10-04,118.4,120.07,118.0,119.26,175637.0
HBL,2011-10-05,119.26,120.48,118.31,118.7,62202.0
HBL,2011-10-06,118.7,120.0,117.9,118.27,52183.0
HBL,2011-10-07,118.27,119.0,118.01,118.77,48557.0
HBL,2011-10-10,118.77,122.5,118.02,118.91,266633.0
HBL,2011-10-11,118.91,119.2,117.5,117.67,70414.0
HBL,2011-10-12,117.67,118.15,117.5,117.83,36768.0
HBL,2011-10-13,117.83,118.59,116.25,116.48,64202.0
HBL,2011-10-14,116.48,117.0,116.5,116.92,9400.0
HBL,2011-10-17,116.92,119.6,115.7,116.12,581057.0
HBL,2011-10-18,116.12,117.9,116.5,117.12,46899.0
HBL,2011-10-19,117.12,117.8,115.35,116.13,272796.0
HBL,2011-10-20,116.13,116.5,115.55,116.0,132971.0
HBL,2011-10-21,116.0,116.1,115.5,115.86,53478.0
HBL,2011-10-25,115.86,117.0,116.0,116.28,37814.0
HBL,2011-10-26,116.28,116.78,115.7,116.14,19961.0
HBL,2011-10-27,116.14,117.49,115.5,115.63,10079.0
HBL,2011-10-28,115.63,119.0,116.0,117.79,37314.0
HBL,2011-10-31,117.79,119.49,117.0,117.49,100679.0
HBL,2011-11-01,117.49,118.43,117.25,117.54,27394.0
HBL,2011-11-02,117.54,119.0,116.18,118.73,47396.0
HBL,2011-11-03,115.73,116.25,115.0,115.07,88446.0
HBL,2011-11-04,115.07,115.9,115.1,115.54,10194.0
HBL,2011-11-10,115.54,117.45,115.5,115.57,226938.0
HBL,2011-11-11,115.57,116.7,115.0,115.55,148224.0
HBL,2011-11-14,115.55,116.45,115.5,115.83,31279.0
HBL,2011-11-15,115.83,116.0,115.3,115.7,21159.0
HBL,2011-11-16,115.7,115.69,115.0,115.1,17731.0
HBL,2011-11-17,115.1,115.5,114.3,114.54,39520.0
HBL,2011-11-18,114.54,115.09,113.61,114.92,19062.0
HBL,2011-11-21,114.92,115.25,114.0,114.48,16064.0
HBL,2011-11-22,114.48,115.25,114.25,115.03,23590.0
HBL,2011-11-23,115.03,115.7,115.0,115.41,28729.0
HBL,2011-11-24,115.41,116.1,112.35,112.6,319942.0
HBL,2011-11-25,112.6,113.1,112.41,112.83,30749.0
HBL,2011-11-28,112.83,113.0,111.01,111.26,10347.0
HBL,2011-11-29,111.26,112.5,111.0,111.99,21931.0
HBL,2011-11-30,111.99,113.0,112.1,112.82,13777.0
HBL,2011-12-01,112.82,113.25,112.0,112.12,11846.0
HBL,2011-12-02,112.12,112.15,111.0,112.06,13047.0
HBL,2011-12-07,112.06,111.9,110.0,110.16,13957.0
HBL,2011-12-08,110.16,111.07,108.32,110.97,9694.0
HBL,2011-12-09,110.97,111.13,109.51,110.88,9527.0
HBL,2011-12-12,110.88,112.1,110.99,111.38,17461.0
HBL,2011-12-13,111.38,111.05,110.05,110.34,13925.0
HBL,2011-12-14,110.34,110.9,110.5,110.62,8550.0
HBL,2011-12-15,110.62,110.85,107.75,108.52,75089.0
HBL,2011-12-16,108.52,109.99,105.95,107.66,26522.0
HBL,2011-12-19,107.66,108.65,107.0,108.04,10742.0
HBL,2011-12-20,108.04,109.55,107.25,109.07,9934.0
HBL,2011-12-21,109.07,109.9,108.5,108.52,25888.0
HBL,2011-12-22,108.52,108.99,108.0,108.06,5017.0
HBL,2011-12-23,108.06,108.96,107.71,107.8,17729.0
HBL,2011-12-26,107.8,108.2,107.36,107.5,10255.0
HBL,2011-12-27,107.5,108.0,107.0,107.17,8202.0
HBL,2011-12-28,107.17,108.0,106.96,107.0,253213.0
HBL,2011-12-29,107.0,109.0,107.25,108.0,11523.0
HBL,2011-12-30,108.0,108.89,106.0,106.08,108909.0
HBL,2012-01-02,106.08,107.5,105.9,107.2,8463.0
HBL,2012-01-03,107.2,111.5,107.16,111.05,29561.0
HBL,2012-01-04,111.05,112.8,108.61,108.87,52720.0
HBL,2012-01-05,108.87,109.49,107.5,107.85,33773.0
HBL,2012-01-06,107.85,109.9,106.6,108.22,32136.0
HBL,2012-01-09,108.22,108.25,107.7,107.81,188600.0
HBL,2012-01-10,107.81,108.5,106.02,106.88,18143.0
HBL,2012-01-11,106.88,106.9,106.0,106.39,26705.0
HBL,2012-01-12,106.39,106.5,105.5,105.54,12830.0
HBL,2012-01-13,105.54,107.3,105.81,106.15,43624.0
HBL,2012-01-16,106.15,107.0,106.06,106.73,44142.0
HBL,2012-01-17,106.73,108.51,106.71,108.05,25851.0
HBL,2012-01-18,108.05,110.05,108.05,109.95,107487.0
HBL,2012-01-19,109.95,111.0,108.76,109.01,30678.0
HBL,2012-01-20,109.01,111.5,109.5,110.49,167681.0
HBL,2012-01-23,110.49,114.93,111.56,114.45,185663.0
HBL,2012-01-24,114.45,118.34,113.5,116.41,111116.0
HBL,2012-01-25,116.41,118.35,115.7,115.93,54194.0
HBL,2012-01-26,115.93,116.49,114.5,114.78,17915.0
HBL,2012-01-27,114.78,116.6,114.1,114.82,14065.0
HBL,2012-01-30,114.82,115.4,114.0,114.11,12921.0
HBL,2012-01-31,114.11,115.2,113.99,114.23,7155.0
HBL,2012-02-01,114.23,115.0,114.25,114.3,8809.0
HBL,2012-02-02,114.3,115.55,114.2,114.76,29653.0
HBL,2012-02-03,114.76,116.25,114.04,116.02,38353.0
HBL,2012-02-06,116.02,118.5,116.0,117.14,78442.0
HBL,2012-02-07,117.14,119.1,117.25,118.86,63675.0
HBL,2012-02-08,118.86,120.5,116.0,119.18,52836.0
HBL,2012-02-09,119.18,120.0,118.25,119.39,23796.0
HBL,2012-02-10,119.39,124.4,119.3,121.88,255229.0
HBL,2012-02-13,121.88,122.55,119.51,121.95,89691.0
HBL,2012-02-14,121.95,122.75,121.2,121.24,36132.0
HBL,2012-02-15,121.24,121.5,118.51,119.24,59766.0
HBL,2012-02-16,119.24,119.98,117.4,117.57,143621.0
HBL,2012-02-17,117.57,120.5,117.51,118.94,202730.0
HBL,2012-02-20,118.94,119.9,118.13,118.49,60339.0
HBL,2012-02-21,118.49,120.3,118.55,118.7,90055.0
HBL,2012-02-22,118.7,124.5,119.5,123.5,295218.0
HBL,2012-02-23,123.5,126.5,122.5,125.17,518509.0
HBL,2012-02-24,125.17,127.75,121.65,122.56,959960.0
HBL,2012-02-27,122.56,123.0,120.75,121.4,612010.0
HBL,2012-02-28,121.4,121.84,120.25,120.47,112623.0
HBL,2012-02-29,120.47,121.9,120.11,120.6,246263.0
HBL,2012-03-01,120.6,120.87,119.27,120.01,300708.0
HBL,2012-03-02,120.01,120.75,120.0,120.2,125287.0
HBL,2012-03-05,120.2,121.0,120.0,120.49,187319.0
HBL,2012-03-06,120.49,120.89,120.04,120.25,210719.0
HBL,2012-03-07,120.25,120.48,119.0,119.21,114022.0
HBL,2012-03-08,119.21,120.15,118.6,119.97,153477.0
HBL,2012-03-09,119.97,120.43,118.0,118.81,217941.0
HBL,2012-03-12,118.81,120.5,119.01,119.11,178584.0
HBL,2012-03-13,119.11,119.4,118.01,118.62,90970.0
HBL,2012-03-14,118.62,120.0,118.3,119.42,105386.0
HBL,2012-03-15,119.42,120.0,119.0,119.78,91402.0
HBL,2012-03-16,105.25,107.4,103.0,103.89,74968.0
HBL,2012-03-19,103.89,104.0,101.5,101.79,60830.0
HBL,2012-03-20,101.79,103.85,101.4,103.4,46281.0
HBL,2012-03-21,103.4,103.1,98.25,100.74,149859.0
HBL,2012-03-22,100.74,102.11,100.25,100.7,62594.0
HBL,2012-03-26,100.7,102.5,101.0,102.05,839491.0
HBL,2012-03-27,102.05,103.75,101.5,103.29,58904.0
HBL,2012-03-28,103.29,108.45,103.0,108.06,183630.0
HBL,2012-03-29,108.06,110.5,107.2,109.86,246552.0
HBL,2012-03-30,109.86,112.0,109.17,111.37,104208.0
HBL,2012-04-02,111.37,111.97,109.75,110.0,45312.0
HBL,2012-04-03,110.0,115.0,109.0,112.82,490663.0
HBL,2012-04-04,112.82,117.5,114.0,116.15,298964.0
HBL,2012-04-05,116.15,117.5,112.5,112.55,170101.0
HBL,2012-04-06,112.55,114.79,111.5,111.83,101971.0
HBL,2012-04-09,111.83,113.5,111.2,111.72,32078.0
HBL,2012-04-10,111.72,113.5,108.0,108.98,132855.0
HBL,2012-04-11,108.98,110.94,109.0,110.0,121750.0
HBL,2012-04-12,110.0,111.9,108.5,108.95,24787.0
HBL,2012-04-13,108.95,111.48,108.5,110.11,81731.0
HBL,2012-04-16,110.11,109.15,106.8,107.9,268430.0
HBL,2012-04-17,107.9,109.25,107.3,108.21,35657.0
HBL,2012-04-18,108.21,111.5,108.0,109.47,199307.0
HBL,2012-04-19,109.47,110.99,107.57,109.06,207629.0
HBL,2012-04-20,109.06,110.2,108.5,108.81,78293.0
HBL,2012-04-23,108.81,112.1,108.11,110.25,161354.0
HBL,2012-04-24,110.25,115.7,110.5,112.92,702272.0
HBL,2012-04-25,112.92,117.0,113.0,116.28,564852.0
HBL,2012-04-26,116.28,117.0,113.5,113.77,189271.0
HBL,2012-04-27,113.77,114.69,113.02,113.42,44863.0
HBL,2012-04-30,113.42,113.1,111.6,111.97,42729.0
HBL,2012-05-02,111.97,113.8,111.5,111.64,75254.0
HBL,2012-05-03,111.64,115.0,111.55,114.49,293370.0
HBL,2012-05-04,114.49,117.75,114.5,116.54,1341005.0
HBL,2012-05-07,116.54,117.5,115.02,115.87,306662.0
HBL,2012-05-08,115.87,116.0,114.0,114.17,326083.0
HBL,2012-05-09,114.17,116.0,113.0,115.29,346651.0
HBL,2012-05-10,115.29,115.25,113.01,113.47,49981.0
HBL,2012-05-11,113.47,114.0,111.0,111.25,185552.0
HBL,2012-05-14,111.25,112.9,111.1,112.22,36902.0
HBL,2012-05-15,112.22,114.4,111.75,114.01,196907.0
HBL,2012-05-16,114.01,113.51,111.5,111.59,91672.0
HBL,2012-05-17,111.59,112.0,110.5,110.99,67033.0
HBL,2012-05-18,110.99,111.25,108.1,109.08,77524.0
HBL,2012-05-21,109.08,109.98,109.0,109.51,15366.0
HBL,2012-05-22,109.51,112.25,109.92,112.0,105498.0
HBL,2012-05-23,112.0,113.8,110.9,111.99,205687.0
HBL,2012-05-24,111.99,112.2,111.45,112.01,66519.0
HBL,2012-05-25,112.01,113.0,111.51,112.41,101079.0
HBL,2012-05-28,112.41,112.5,111.75,112.1,13986.0
HBL,2012-05-29,112.1,113.0,111.95,112.38,242028.0
HBL,2012-05-30,112.38,111.9,109.6,109.98,288288.0
HBL,2012-05-31,109.98,110.0,105.0,105.26,405226.0
HBL,2012-06-01,105.26,106.92,105.51,106.18,51144.0
HBL,2012-06-04,106.18,106.9,106.1,106.35,9911.0
HBL,2012-06-05,106.35,107.0,104.13,105.15,30773.0
HBL,2012-06-06,105.15,106.9,105.1,105.21,16074.0
HBL,2012-06-07,105.21,106.38,104.01,104.71,74185.0
HBL,2012-06-08,104.71,105.5,103.0,103.9,15750.0
HBL,2012-06-11,103.9,105.44,103.12,104.2,7775.0
HBL,2012-06-12,104.2,105.49,103.12,103.56,15969.0
HBL,2012-06-13,103.56,105.0,103.2,103.89,44862.0
HBL,2012-06-14,103.89,106.5,104.85,106.24,56785.0
HBL,2012-06-15,106.24,107.8,106.1,107.29,98533.0
HBL,2012-06-18,107.29,108.55,107.0,107.75,51335.0
HBL,2012-06-19,107.75,108.8,106.5,108.09,83631.0
HBL,2012-06-20,108.09,108.8,107.51,108.61,86118.0
HBL,2012-06-21,108.61,109.2,107.0,107.41,173189.0
HBL,2012-06-22,107.41,107.99,107.0,107.54,11974.0
HBL,2012-06-25,107.54,108.75,107.5,108.2,37251.0
HBL,2012-06-26,108.2,108.85,107.6,108.5,59588.0
HBL,2012-06-27,108.5,110.0,108.15,109.75,143919.0
HBL,2012-06-28,109.75,111.9,109.5,110.95,212348.0
HBL,2012-06-29,110.95,113.1,110.0,112.84,539823.0
HBL,2012-07-02,112.84,114.4,111.5,114.01,206815.0
HBL,2012-07-03,114.01,114.6,113.6,114.05,35026.0
HBL,2012-07-04,114.05,114.6,113.4,113.52,38990.0
HBL,2012-07-05,113.52,113.7,113.01,113.2,7475.0
HBL,2012-07-06,113.2,114.5,113.15,114.45,21126.0
HBL,2012-07-09,114.45,114.5,113.5,114.33,28585.0
HBL,2012-07-10,114.33,114.4,113.25,113.28,8271.0
HBL,2012-07-11,113.28,113.3,112.7,112.99,5287.0
HBL,2012-07-12,112.99,113.8,112.6,113.05,14560.0
HBL,2012-07-13,113.05,114.0,112.12,112.61,9753.0
HBL,2012-07-16,112.61,114.24,112.1,113.72,34968.0
HBL,2012-07-17,113.72,116.0,113.5,114.98,172571.0
HBL,2012-07-18,114.98,115.5,114.2,115.49,127988.0
HBL,2012-07-19,115.49,116.49,114.25,114.99,694120.0
HBL,2012-07-20,114.99,115.5,113.55,115.03,184902.0
HBL,2012-07-23,115.03,115.0,112.47,112.58,27700.0
HBL,2012-07-24,112.58,113.25,112.65,113.19,8300.0
HBL,2012-07-25,113.19,114.5,113.15,114.5,8000.0
HBL,2012-07-26,114.5,114.7,114.0,114.56,6100.0
HBL,2012-07-27,114.56,114.2,113.55,113.75,2200.0
HBL,2012-07-30,113.75,114.5,113.17,113.27,8000.0
HBL,2012-07-31,113.27,114.4,113.0,114.07,16700.0
HBL,2012-08-01,114.07,117.0,113.21,116.42,79300.0
HBL,2012-08-02,116.42,116.49,115.06,115.98,435800.0
HBL,2012-08-03,115.98,117.4,114.11,116.53,50100.0
HBL,2012-08-06,116.53,120.0,115.21,119.32,301400.0
HBL,2012-08-07,119.32,122.5,119.0,120.07,630900.0
HBL,2012-08-08,120.07,120.2,117.0,117.21,79600.0
HBL,2012-08-09,117.21,118.7,117.28,118.16,53900.0
HBL,2012-08-10,118.16,119.89,117.3,117.87,70600.0
HBL,2012-08-13,117.87,116.1,113.8,114.97,225600.0
HBL,2012-08-15,114.97,115.35,113.8,115.06,21600.0
HBL,2012-08-16,115.06,116.45,114.5,114.86,31700.0
HBL,2012-08-23,114.86,116.3,115.0,115.47,39800.0
HBL,2012-08-24,115.47,117.9,115.26,116.73,62300.0
HBL,2012-08-27,113.23,116.0,113.16,115.66,107100.0
HBL,2012-08-28,115.66,117.0,114.3,114.89,82700.0
HBL,2012-08-29,114.89,115.0,113.8,114.55,40400.0
HBL,2012-08-30,114.55,115.5,114.12,114.93,50600.0
HBL,2012-08-31,114.93,115.99,114.52,114.98,46100.0
HBL,2012-09-03,114.98,115.45,114.65,114.73,15800.0
HBL,2012-09-04,114.73,114.99,114.25,114.32,8100.0
HBL,2012-09-05,114.32,115.45,113.8,113.98,85200.0
HBL,2012-09-06,113.98,114.0,112.8,112.98,20500.0
HBL,2012-09-07,112.98,113.29,112.0,112.06,36400.0
HBL,2012-09-10,112.06,112.7,111.18,111.35,44200.0
HBL,2012-09-11,111.35,112.35,111.0,111.04,20500.0
HBL,2012-09-12,111.04,112.0,110.9,111.0,66100.0
HBL,2012-09-13,111.0,111.0,109.5,109.64,77200.0
HBL,2012-09-14,109.64,110.5,107.25,107.51,131100.0
HBL,2012-09-17,107.51,108.49,107.0,107.09,34100.0
HBL,2012-09-18,107.09,107.99,107.11,107.67,15400.0
HBL,2012-09-19,107.67,108.57,107.7,108.33,11200.0
HBL,2012-09-20,108.33,108.8,107.5,107.64,9000.0
HBL,2012-09-24,107.64,108.25,106.15,106.41,24600.0
HBL,2012-09-25,106.41,107.5,106.11,106.91,9000.0
HBL,2012-09-26,106.91,107.01,106.01,106.49,13000.0
HBL,2012-09-27,106.49,107.5,106.6,107.0,13100.0
HBL,2012-09-28,107.0,107.79,106.6,106.71,24200.0
HBL,2012-10-01,106.71,107.49,106.66,106.95,15200.0
HBL,2012-10-02,106.95,107.8,107.0,107.04,17400.0
HBL,2012-10-03,107.04,107.5,106.49,106.74,24400.0
HBL,2012-10-04,106.74,108.35,106.7,107.1,53500.0
HBL,2012-10-05,107.1,107.85,106.4,106.64,45000.0
HBL,2012-10-08,106.64,108.5,107.0,107.49,75300.0
HBL,2012-10-09,107.49,107.8,106.9,107.39,10900.0
HBL,2012-10-10,107.39,108.0,107.0,107.1,30400.0
HBL,2012-10-11,107.1,108.23,107.0,107.18,40900.0
HBL,2012-10-12,107.18,108.5,106.75,106.83,21600.0
HBL,2012-10-15,106.83,107.59,106.35,106.95,49700.0
HBL,2012-10-16,106.95,107.0,105.52,105.77,86500.0
HBL,2012-10-17,105.77,106.25,105.42,105.94,12900.0
HBL,2012-10-18,105.94,106.4,105.6,105.72,8200.0
HBL,2012-10-19,105.72,106.17,104.0,105.18,123700.0
HBL,2012-10-22,105.18,106.0,104.8,105.28,43000.0
HBL,2012-10-23,105.28,106.2,105.32,105.93,17000.0
HBL,2012-10-24,105.93,106.74,105.5,106.39,27700.0
HBL,2012-10-25,106.39,106.5,105.3,105.95,35100.0
HBL,2012-10-30,105.95,106.5,106.0,106.37,15600.0
HBL,2012-10-31,106.37,107.9,105.65,105.72,54100.0
HBL,2012-11-01,105.72,106.51,105.55,105.73,33300.0
HBL,2012-11-02,105.73,106.25,105.26,105.65,72100.0
HBL,2012-11-05,105.65,106.4,105.5,106.06,117500.0
HBL,2012-11-06,106.06,105.9,105.5,105.54,29700.0
HBL,2012-11-07,105.54,106.65,105.8,106.42,42600.0
HBL,2012-11-08,106.42,106.8,106.11,106.37,15600.0
HBL,2012-11-12,106.37,107.79,106.01,107.29,96500.0
HBL,2012-11-13,107.29,110.0,107.5,107.97,153700.0
HBL,2012-11-14,107.97,108.5,107.32,107.45,82200.0
HBL,2012-11-15,107.45,110.9,107.5,110.01,406000.0
HBL,2012-11-16,110.01,110.5,109.16,109.32,32000.0
HBL,2012-11-19,109.32,109.25,108.5,108.62,45900.0
HBL,2012-11-20,108.62,110.0,108.75,109.61,356600.0
HBL,2012-11-21,109.61,110.2,109.1,109.3,12700.0
HBL,2012-11-22,109.3,111.49,108.7,108.75,186600.0
HBL,2012-11-23,108.75,109.0,108.6,108.82,14900.0
HBL,2012-11-26,108.82,108.85,107.1,107.91,71900.0
HBL,2012-11-27,107.91,108.8,108.0,108.29,126800.0
HBL,2012-11-28,108.29,109.0,108.26,108.33,250400.0
HBL,2012-11-29,108.33,110.4,108.51,109.53,212900.0
HBL,2012-11-30,109.53,112.0,109.6,111.8,726500.0
HBL,2012-12-03,111.8,112.7,111.0,111.47,303700.0
HBL,2012-12-04,111.47,112.75,111.01,112.0,100900.0
HBL,2012-12-05,112.0,114.5,111.0,113.56,1304000.0
HBL,2012-12-06,113.56,116.4,114.0,115.94,617800.0
HBL,2012-12-07,115.94,118.0,116.51,117.33,425100.0
HBL,2012-12-10,117.33,118.99,117.0,117.08,194700.0
HBL,2012-12-11,117.08,117.4,115.4,116.53,142500.0
HBL,2012-12-12,116.53,117.0,115.81,116.15,17700.0
HBL,2012-12-13,116.15,116.22,115.65,115.76,16200.0
HBL,2012-12-14,115.76,117.0,115.8,116.97,31500.0
HBL,2012-12-17,116.97,118.5,116.15,116.96,47500.0
HBL,2012-12-18,116.96,118.64,117.0,118.01,201200.0
HBL,2012-12-19,118.01,118.95,118.0,118.33,32300.0
HBL,2012-12-20,118.33,118.4,117.8,118.14,42200.0
HBL,2012-12-21,118.14,118.14,117.5,117.88,40500.0
HBL,2012-12-24,117.88,118.0,117.0,117.84,22600.0
HBL,2012-12-26,117.84,118.0,117.0,117.92,69500.0
HBL,2012-12-27,117.92,118.0,117.6,117.64,19400.0
HBL,2012-12-28,117.64,119.0,117.6,118.07,23300.0
HBL,2012-12-31,118.07,118.35,117.15,117.81,29500.0
HBL,2013-01-01,117.81,118.0,117.6,117.81,25600.0
HBL,2013-01-02,117.81,117.6,115.5,115.54,30200.0
HBL,2013-01-03,115.54,117.1,115.09,115.5,19900.0
HBL,2013-01-04,115.5,116.48,114.5,114.98,16700.0
HBL,2013-01-07,114.98,115.1,113.85,114.02,21200.0
HBL,2013-01-08,114.02,115.29,113.05,114.73,55700.0
HBL,2013-01-09,114.73,115.0,114.2,114.96,34600.0
HBL,2013-01-10,114.96,115.0,113.6,113.88,28800.0
HBL,2013-01-11,113.88,114.5,113.6,113.99,37200.0
HBL,2013-01-14,113.99,114.39,113.5,113.88,11700.0
HBL,2013-01-15,113.88,113.97,109.0,110.35,43200.0
HBL,2013-01-16,110.35,111.7,109.4,111.17,18200.0
HBL,2013-01-17,111.17,114.0,112.51,112.72,55600.0
HBL,2013-01-18,112.72,115.0,113.9,114.16,56700.0
HBL,2013-01-21,114.16,115.7,114.5,115.49,22100.0
HBL,2013-01-22,115.49,117.4,115.1,117.22,64800.0
HBL,2013-01-23,117.22,117.8,116.5,116.99,13400.0
HBL,2013-01-24,116.99,117.89,116.55,117.01,22200.0
HBL,2013-01-28,117.01,118.0,117.0,117.2,8900.0
HBL,2013-01-29,117.2,118.5,117.0,118.01,64100.0
HBL,2013-01-30,118.01,118.6,118.06,118.12,58700.0
HBL,2013-01-31,118.12,119.1,118.01,118.65,22700.0
HBL,2013-02-01,118.65,118.9,118.05,118.08,13000.0
HBL,2013-02-04,118.08,119.2,118.25,118.71,49000.0
HBL,2013-02-06,118.71,119.5,118.3,119.0,496200.0
HBL,2013-02-07,119.0,119.01,117.15,117.27,123000.0
HBL,2013-02-08,117.27,118.49,117.5,117.65,19400.0
HBL,2013-02-11,117.65,118.4,116.92,116.99,79300.0
HBL,2013-02-12,116.99,118.0,115.8,117.44,575300.0
HBL,2013-02-13,117.44,117.3,116.62,116.93,1615900.0
HBL,2013-02-14,116.93,116.99,116.5,116.83,30200.0
HBL,2013-02-15,116.83,117.0,116.35,116.93,556700.0
HBL,2013-02-18,116.93,116.99,116.0,116.7,29000.0
HBL,2013-02-19,116.7,117.2,116.31,116.48,43500.0
HBL,2013-02-20,116.48,117.0,116.4,116.42,83400.0
HBL,2013-02-21,116.42,116.98,116.1,116.73,18800.0
HBL,2013-02-22,116.73,116.89,116.25,116.52,46800.0
HBL,2013-02-25,116.52,116.65,116.0,116.18,27200.0
HBL,2013-02-26,116.18,116.5,115.5,115.72,28400.0
HBL,2013-02-27,115.72,116.39,115.5,115.72,46300.0
HBL,2013-02-28,115.72,116.49,115.7,116.17,30900.0
HBL,2013-03-01,116.17,116.6,114.78,115.13,71800.0
HBL,2013-03-04,115.13,115.9,115.0,115.42,37900.0
HBL,2013-03-05,115.42,115.5,114.5,114.74,295800.0
HBL,2013-03-06,114.74,115.19,114.5,114.51,15400.0
HBL,2013-03-07,114.51,115.5,114.49,114.5,57500.0
HBL,2013-03-08,114.5,115.25,113.56,113.79,43200.0
HBL,2013-03-11,113.79,114.39,112.5,113.05,55600.0
HBL,2013-03-12,113.05,114.25,113.0,114.24,50900.0
HBL,2013-03-13,114.24,114.0,113.25,113.25,35000.0
HBL,2013-03-14,113.25,114.1,112.86,113.11,111000.0
HBL,2013-03-15,99.19,100.0,98.9,99.09,114500.0
HBL,2013-03-18,99.09,97.5,95.95,96.52,40200.0
HBL,2013-03-19,96.52,97.87,96.15,96.43,40300.0
HBL,2013-03-20,96.43,96.9,95.91,95.98,65100.0
HBL,2013-03-21,95.98,96.75,96.0,96.3,15200.0
HBL,2013-03-22,96.3,96.15,95.8,95.99,19700.0
HBL,2013-03-25,95.99,97.75,96.15,96.48,23600.0
HBL,2013-03-26,96.48,97.0,95.75,95.85,147900.0
HBL,2013-03-27,95.85,96.6,96.0,96.59,84800.0
HBL,2013-03-28,96.59,96.69,96.05,96.6,5900.0
HBL,2013-03-29,96.6,97.25,96.35,96.51,72000.0
HBL,2013-04-01,96.51,97.25,96.0,97.06,207600.0
HBL,2013-04-02,97.06,97.69,96.9,96.93,174500.0
HBL,2013-04-03,96.93,97.5,96.51,97.13,129800.0
HBL,2013-04-04,97.13,97.89,96.8,96.94,26000.0
HBL,2013-04-05,96.94,97.0,96.3,96.98,69200.0
HBL,2013-04-08,96.98,97.0,96.4,96.45,35500.0
HBL,2013-04-09,96.45,96.49,96.01,96.14,45400.0
HBL,2013-04-10,96.14,96.8,96.12,96.3,12700.0
HBL,2013-04-11,96.3,96.25,95.6,95.97,54300.0
HBL,2013-04-12,95.97,96.0,93.0,95.84,53400.0
HBL,2013-04-15,95.84,95.86,91.16,91.62,250000.0
HBL,2013-04-16,91.62,91.0,89.75,90.15,228100.0
HBL,2013-04-17,90.15,91.0,89.76,89.87,109500.0
HBL,2013-04-18,89.87,92.0,90.0,91.27,80700.0
HBL,2013-04-19,91.27,92.1,89.6,89.99,93600.0
HBL,2013-04-22,89.99,90.95,89.0,89.81,37900.0
HBL,2013-04-23,89.81,90.29,89.72,89.92,30100.0
HBL,2013-04-24,89.92,90.59,89.6,90.03,137500.0
HBL,2013-04-25,90.03,90.75,89.6,90.0,54100.0
HBL,2013-04-26,90.0,90.7,89.8,89.87,86500.0
HBL,2013-04-29,89.87,89.51,88.5,88.7,68700.0
HBL,2013-04-30,88.7,90.1,87.96,88.0,130600.0
HBL,2013-05-02,88.0,89.0,88.2,88.81,29300.0
HBL,2013-05-03,88.81,90.2,88.99,89.66,132600.0
HBL,2013-05-06,89.66,90.25,88.75,90.0,173700.0
HBL,2013-05-07,90.0,90.09,89.2,89.45,36200.0
HBL,2013-05-08,89.45,90.0,89.5,89.98,30000.0
HBL,2013-05-09,89.98,93.89,89.6,92.22,310800.0
HBL,2013-05-10,92.22,94.75,92.65,93.85,178200.0
HBL,2013-05-13,93.85,98.2,94.35,97.94,365100.0
HBL,2013-05-14,97.94,100.0,96.9,99.93,1282100.0
HBL,2013-05-15,99.93,102.5,99.0,101.55,408200.0
HBL,2013-05-16,101.55,103.5,101.04,101.81,458200.0
HBL,2013-05-17,101.81,102.3,101.0,101.13,233200.0
HBL,2013-05-20,101.13,101.9,100.32,100.5,117300.0
HBL,2013-05-21,100.5,102.0,100.95,101.03,229400.0
HBL,2013-05-22,101.03,104.5,101.4,103.15,444900.0
HBL,2013-05-23,103.15,105.5,102.5,104.22,361300.0
HBL,2013-05-24,104.22,104.25,102.5,102.94,105600.0
HBL,2013-05-27,102.94,103.0,101.0,101.35,163600.0
HBL,2013-05-28,101.35,103.74,101.5,103.35,280500.0
HBL,2013-05-29,103.35,104.2,102.3,102.45,283900.0
HBL,2013-05-30,102.45,103.2,101.75,102.92,106400.0
HBL,2013-05-31,102.92,106.0,102.75,105.65,943400.0
HBL,2013-06-03,105.65,108.88,105.55,108.17,982300.0
HBL,2013-06-04,108.17,109.25,107.6,107.99,401700.0
HBL,2013-06-05,107.99,108.25,106.95,107.51,341500.0
HBL,2013-06-06,107.51,112.35,106.28,111.94,1041300.0
HBL,2013-06-07,111.94,114.79,112.4,113.11,376800.0
HBL,2013-06-10,113.11,114.0,110.4,110.92,214500.0
HBL,2013-06-11,110.92,116.46,111.0,114.96,905200.0
HBL,2013-06-12,114.96,116.89,113.0,114.1,335900.0
HBL,2013-06-13,114.1,119.8,114.8,119.8,963700.0
HBL,2013-06-14,119.8,121.1,116.1,118.35,1071800.0
HBL,2013-06-17,118.35,119.25,115.99,117.46,1661100.0
HBL,2013-06-18,117.46,119.24,116.6,117.01,521300.0
HBL,2013-06-19,117.01,118.8,117.0,117.34,718400.0
HBL,2013-06-20,117.34,120.25,117.0,117.64,470000.0
HBL,2013-06-21,117.64,119.57,116.5,117.67,720500.0
HBL,2013-06-24,117.67,117.01,112.2,114.65,976300.0
HBL,2013-06-25,114.65,117.0,112.97,115.69,656400.0
HBL,2013-06-26,115.69,118.1,115.5,115.81,279300.0
HBL,2013-06-27,115.81,117.4,115.5,115.9,174200.0
HBL,2013-06-28,115.9,120.0,115.0,119.24,784600.0
HBL,2013-07-01,119.24,124.0,119.0,122.45,281900.0
HBL,2013-07-02,122.45,125.5,123.0,124.11,391300.0
HBL,2013-07-03,124.11,125.5,123.0,123.65,85900.0
HBL,2013-07-04,123.65,127.0,123.5,126.56,441700.0
HBL,2013-07-05,126.56,131.0,127.0,129.84,376500.0
HBL,2013-07-08,129.84,130.0,127.0,127.11,356400.0
HBL,2013-07-09,127.11,133.46,127.9,133.46,460200.0
HBL,2013-07-10,133.46,140.13,133.6,137.12,355500.0
HBL,2013-07-11,137.12,143.0,136.0,140.29,541500.0
HBL,2013-07-12,140.29,144.0,138.5,143.56,234700.0
HBL,2013-07-15,143.56,150.73,143.02,148.89,1694400.0
HBL,2013-07-16,148.89,153.9,149.55,150.22,994900.0
HBL,2013-07-17,150.22,153.5,145.5,149.06,560800.0
HBL,2013-07-18,149.06,155.2,146.0,153.39,1043100.0
HBL,2013-07-19,153.39,161.05,154.25,160.87,886400.0
HBL,2013-07-22,160.87,167.85,160.0,164.12,559800.0
HBL,2013-07-23,164.12,167.0,162.51,165.84,312900.0
HBL,2013-07-24,165.84,172.0,166.5,170.31,726000.0
HBL,2013-07-25,170.31,171.0,164.0,166.09,445800.0
HBL,2013-07-26,166.09,170.0,165.0,166.35,309800.0
HBL,2013-07-29,166.35,168.0,164.0,167.1,364400.0
HBL,2013-07-30,167.1,168.95,158.75,167.14,448900.0
HBL,2013-07-31,167.14,171.0,164.4,170.45,964400.0
HBL,2013-08-01,170.45,175.97,164.25,167.41,805100.0
HBL,2013-08-05,167.41,174.0,159.04,159.55,442300.0
HBL,2013-08-06,159.55,163.99,158.2,162.18,269000.0
HBL,2013-08-07,162.18,167.0,160.65,165.17,254900.0
HBL,2013-08-12,165.17,165.99,160.99,162.32,214600.0
HBL,2013-08-13,162.32,164.0,161.0,161.86,184400.0
HBL,2013-08-15,161.86,165.98,162.0,163.46,191000.0
HBL,2013-08-16,163.46,164.89,162.5,163.27,112000.0
HBL,2013-08-19,163.27,163.0,160.0,160.43,47000.0
HBL,2013-08-20,160.43,162.0,156.0,159.6,179200.0
HBL,2013-08-21,159.6,160.0,157.65,158.58,304200.0
HBL,2013-08-22,158.58,166.0,157.0,162.09,682000.0
HBL,2013-08-23,162.09,166.0,162.5,164.45,146400.0
HBL,2013-08-26,164.45,165.0,161.5,162.01,37000.0
HBL,2013-08-27,162.01,161.61,156.0,156.92,28000.0
HBL,2013-08-28,156.92,155.5,151.15,152.16,186400.0
HBL,2013-08-29,152.16,159.0,152.6,158.13,143900.0
HBL,2013-08-30,158.13,162.0,156.1,159.77,531900.0
HBL,2013-09-02,159.77,160.0,154.5,156.2,538700.0
HBL,2013-09-03,156.2,158.9,155.25,157.0,27300.0
HBL,2013-09-04,157.0,158.7,156.0,157.98,41100.0
HBL,2013-09-05,157.98,164.0,157.0,162.98,462800.0
HBL,2013-09-06,158.98,161.0,158.0,158.15,37500.0
HBL,2013-09-09,158.15,160.0,156.55,156.87,439100.0
HBL,2013-09-10,156.87,158.3,155.0,155.38,23700.0
HBL,2013-09-11,155.38,155.5,153.13,153.52,18900.0
HBL,2013-09-12,153.52,156.5,153.5,154.94,45900.0
HBL,2013-09-13,154.94,154.8,150.0,152.08,37400.0
HBL,2013-09-16,152.08,159.68,153.0,159.68,169700.0
HBL,2013-09-17,159.68,161.5,157.26,158.66,344400.0
HBL,2013-09-18,158.66,166.59,156.5,165.61,631900.0
HBL,2013-09-19,165.61,173.89,165.0,173.89,1600800.0
HBL,2013-09-20,173.89,177.5,167.11,170.64,867000.0
HBL,2013-09-23,170.64,173.1,169.3,170.68,255100.0
HBL,2013-09-24,170.68,172.0,164.0,165.71,1112900.0
HBL,2013-09-25,165.71,169.8,165.4,167.56,272300.0
HBL,2013-09-26,167.56,171.0,161.0,165.44,597700.0
HBL,2013-09-27,165.44,169.25,157.17,160.48,2041000.0
HBL,2013-09-30,160.48,156.5,152.46,152.46,519500.0
HBL,2013-10-01,152.46,153.0,144.84,151.76,790300.0
HBL,2013-10-02,151.76,153.55,149.5,150.08,132100.0
HBL,2013-10-03,150.08,150.5,145.5,147.16,63600.0
HBL,2013-10-04,147.16,150.99,145.0,145.75,97600.0
HBL,2013-10-07,145.75,146.0,142.0,142.78,276100.0
HBL,2013-10-08,142.78,148.8,142.98,147.57,154800.0
HBL,2013-10-09,147.57,150.75,146.99,149.85,353500.0
HBL,2013-10-10,149.85,151.6,146.55,147.85,154200.0
HBL,2013-10-11,147.85,149.84,147.1,147.93,69200.0
HBL,2013-10-14,147.93,149.01,146.0,146.24,67900.0
HBL,2013-10-21,146.24,149.6,146.31,148.16,93200.0
HBL,2013-10-22,148.16,153.9,146.5,152.96,287800.0
HBL,2013-10-23,152.96,154.4,149.0,149.86,187400.0
HBL,2013-10-24,149.86,152.5,148.5,149.26,44800.0
HBL,2013-10-25,149.26,150.74,147.1,149.95,174000.0
HBL,2013-10-28,149.95,150.0,147.5,148.08,16000.0
HBL,2013-10-29,148.08,149.05,147.1,147.32,9300.0
HBL,2013-10-30,147.32,148.75,147.0,147.06,15000.0
HBL,2013-10-31,147.06,148.7,147.5,147.83,124600.0
HBL,2013-11-01,147.83,149.45,144.21,145.32,264500.0
HBL,2013-11-04,145.3,145.3,140.0,142.79,99900.0
HBL,2013-11-05,143.88,148.0,143.6,146.54,94500.0
HBL,2013-11-06,147.99,150.0,147.0,149.41,159500.0
HBL,2013-11-07,148.15,150.8,148.11,149.22,92900.0
HBL,2013-11-08,146.06,151.3,146.05,150.78,148300.0
HBL,2013-11-11,150.0,158.31,149.4,157.5,391600.0
HBL,2013-11-12,157.5,163.8,155.0,159.66,366400.0
HBL,2013-11-13,161.0,162.99,158.2,159.17,105200.0
HBL,2013-11-18,159.15,163.49,157.0,161.58,215700.0
HBL,2013-11-19,161.51,163.3,160.0,160.4,57000.0
HBL,2013-11-20,161.5,162.0,158.5,159.16,64900.0
HBL,2013-11-21,158.2,159.9,157.0,159.12,49400.0
HBL,2013-11-22,158.0,161.8,158.0,161.3,65000.0
HBL,2013-11-25,161.4,162.0,158.4,158.88,91500.0
HBL,2013-11-26,158.95,160.7,156.1,160.11,155700.0
HBL,2013-11-27,159.5,159.94,158.0,158.84,45600.0
HBL,2013-11-28,159.45,162.0,159.45,159.8,172700.0
HBL,2013-11-29,160.0,161.9,159.0,161.04,177400.0
HBL,2013-12-02,161.0,163.5,160.5,162.51,322200.0
HBL,2013-12-03,162.99,165.5,162.4,162.7,112500.0
HBL,2013-12-04,162.1,164.8,160.5,162.31,814200.0
HBL,2013-12-05,161.8,163.5,161.75,162.99,100200.0
HBL,2013-12-06,163.99,165.4,162.35,162.79,146600.0
HBL,2013-12-09,161.9,164.0,161.9,162.11,25900.0
HBL,2013-12-10,162.01,163.0,161.0,161.12,30700.0
HBL,2013-12-11,162.0,163.0,161.0,161.28,33600.0
HBL,2013-12-12,162.7,162.7,161.5,162.04,23500.0
HBL,2013-12-13,162.0,162.75,161.56,162.2,38900.0
HBL,2013-12-16,163.05,165.0,161.9,162.4,209700.0
HBL,2013-12-17,162.99,163.1,160.51,161.54,683000.0
HBL,2013-12-18,162.0,163.49,161.75,162.18,1591700.0
HBL,2013-12-19,162.98,166.75,162.65,164.31,457500.0
HBL,2013-12-20,165.49,166.09,164.5,165.78,108500.0
HBL,2013-12-23,166.5,166.99,163.5,163.96,207200.0
HBL,2013-12-24,163.15,163.94,162.01,162.84,108500.0
HBL,2013-12-26,163.9,163.9,162.11,162.5,129700.0
HBL,2013-12-27,162.01,164.0,161.1,161.72,123300.0
HBL,2013-12-30,161.35,162.95,161.0,161.21,74100.0
HBL,2013-12-31,161.0,168.5,161.0,166.63,1065400.0
HBL,2014-01-01,165.79,166.0,164.11,164.45,38200.0
HBL,2014-01-02,164.55,165.8,164.51,165.11,78300.0
HBL,2014-01-03,165.0,165.0,163.55,163.79,58600.0
HBL,2014-01-06,163.05,165.5,162.65,162.87,141800.0
HBL,2014-01-07,163.98,163.98,162.67,163.17,45800.0
HBL,2014-01-08,164.0,169.0,164.0,167.13,286100.0
HBL,2014-01-09,168.0,175.48,167.0,173.44,484000.0
HBL,2014-01-10,172.05,182.11,172.05,181.57,550100.0
HBL,2014-01-13,181.8,184.9,179.02,180.09,430800.0
HBL,2014-01-15,180.4,188.5,179.5,181.1,2904300.0
HBL,2014-01-16,181.5,182.88,178.25,179.22,163000.0
HBL,2014-01-17,180.48,181.25,177.1,178.0,171900.0
HBL,2014-01-20,178.0,179.99,175.01,178.32,162300.0
HBL,2014-01-21,178.0,178.0,175.06,175.97,164700.0
HBL,2014-01-22,176.0,178.0,174.1,174.3,153400.0
HBL,2014-01-23,175.44,176.0,174.01,174.66,101900.0
HBL,2014-01-24,175.0,175.1,172.0,173.12,57500.0
HBL,2014-01-27,173.0,173.0,169.5,169.98,174600.0
HBL,2014-01-28,168.1,170.99,168.0,168.82,38800.0
HBL,2014-01-29,168.01,168.02,165.55,166.63,58000.0
HBL,2014-01-30,166.51,168.0,165.12,165.79,62400.0
HBL,2014-01-31,165.21,167.55,164.99,165.36,50000.0
HBL,2014-02-03,165.01,168.0,163.9,166.76,236800.0
HBL,2014-02-04,167.5,167.5,164.03,164.45,52400.0
HBL,2014-02-06,165.6,167.0,164.5,166.78,57800.0
HBL,2014-02-07,166.0,167.0,164.51,165.01,35900.0
HBL,2014-02-10,165.15,165.15,161.0,162.82,35800.0
HBL,2014-02-11,163.12,167.0,163.1,164.36,40900.0
HBL,2014-02-12,165.5,169.9,163.5,164.12,273200.0
HBL,2014-02-13,164.5,165.3,161.5,162.75,63900.0
HBL,2014-02-14,163.0,163.8,162.2,163.01,33900.0
HBL,2014-02-17,162.0,162.5,159.0,159.79,41300.0
HBL,2014-02-18,160.0,162.0,158.0,159.84,25600.0
HBL,2014-02-19,160.0,162.9,159.2,161.46,67200.0
HBL,2014-02-20,162.0,163.0,159.21,160.88,22000.0
HBL,2014-02-21,159.5,161.95,159.5,160.45,10600.0
HBL,2014-02-24,161.0,161.9,160.4,160.83,10100.0
HBL,2014-02-25,160.45,160.45,158.1,158.69,14400.0
HBL,2014-02-26,158.6,159.0,156.5,156.75,30300.0
HBL,2014-02-27,157.0,162.01,156.0,160.78,222600.0
HBL,2014-02-28,160.05,162.5,160.0,162.3,63800.0
HBL,2014-03-03,162.3,170.25,161.5,166.98,347800.0
HBL,2014-03-04,167.0,172.0,165.25,170.88,663000.0
HBL,2014-03-05,170.0,174.0,168.9,172.45,346600.0
HBL,2014-03-06,172.5,181.07,172.1,180.12,868500.0
HBL,2014-03-07,180.9,185.4,178.05,184.18,487600.0
HBL,2014-03-10,184.51,187.22,181.85,186.59,778100.0
HBL,2014-03-11,186.5,187.0,183.5,183.91,153000.0
HBL,2014-03-12,183.6,184.25,182.0,183.75,231500.0
HBL,2014-03-13,183.5,183.5,181.25,182.95,153800.0
HBL,2014-03-14,182.8,183.0,181.0,181.56,41500.0
HBL,2014-03-17,182.5,185.5,181.0,182.81,170900.0
HBL,2014-03-18,181.5,183.0,177.25,178.3,240300.0
HBL,2014-03-19,179.05,180.59,176.5,178.73,155500.0
HBL,2014-03-20,179.26,180.5,177.0,179.92,344400.0
HBL,2014-03-21,157.0,164.5,157.0,164.01,164600.0
HBL,2014-03-24,163.5,164.0,159.0,160.17,103800.0
HBL,2014-03-25,161.45,163.89,158.98,162.22,215000.0
HBL,2014-03-26,164.4,170.02,162.2,168.1,292200.0
HBL,2014-03-27,168.11,174.01,168.11,170.96,719600.0
HBL,2014-03-28,171.0,172.0,169.01,170.15,307300.0
HBL,2014-03-31,168.5,175.25,168.5,174.31,430600.0
HBL,2014-04-01,173.11,177.0,173.0,175.55,163400.0
HBL,2014-04-02,176.85,180.0,176.85,177.25,147200.0
HBL,2014-04-03,178.59,180.0,176.0,178.0,489000.0
HBL,2014-04-04,176.6,178.0,174.5,176.7,256500.0
HBL,2014-04-07,176.0,178.0,175.5,177.18,83200.0
HBL,2014-04-08,178.0,182.0,176.0,178.44,239600.0
HBL,2014-04-09,177.0,179.5,177.0,178.12,88300.0
HBL,2014-04-10,178.42,187.0,178.0,182.25,476300.0
HBL,2014-04-11,181.32,183.5,179.75,181.09,240300.0
HBL,2014-04-14,180.5,182.0,179.02,180.9,63200.0
HBL,2014-04-15,182.0,189.94,178.06,189.28,1238500.0
HBL,2014-04-16,190.5,196.5,190.5,191.96,935700.0
HBL,2014-04-17,192.19,195.6,183.01,192.11,1237700.0
HBL,2014-04-18,192.15,195.15,185.5,187.27,110500.0
HBL,2014-04-21,185.02,186.2,182.49,182.94,110600.0
HBL,2014-04-22,184.47,190.5,184.47,189.14,739600.0
HBL,2014-04-23,188.14,190.98,183.5,184.14,247800.0
HBL,2014-04-24,182.5,186.0,182.1,184.94,294300.0
HBL,2014-04-25,184.5,191.0,183.01,188.88,761700.0
HBL,2014-04-28,188.0,190.0,185.12,186.17,184200.0
HBL,2014-04-29,187.0,187.0,181.01,184.85,265100.0
HBL,2014-04-30,184.8,185.5,183.05,184.72,126000.0
HBL,2014-05-02,184.7,187.9,183.01,185.21,203900.0
HBL,2014-05-05,184.05,185.0,179.0,184.13,140000.0
HBL,2014-05-06,181.75,183.0,180.0,180.35,24400.0
HBL,2014-05-07,180.5,182.5,179.2,180.61,48700.0
HBL,2014-05-08,180.01,187.5,179.8,186.79,183900.0
HBL,2014-05-09,183.5,186.0,180.15,181.98,67200.0
HBL,2014-05-12,181.11,182.0,180.0,180.96,17300.0
HBL,2014-05-13,180.02,182.0,180.0,180.65,39000.0
HBL,2014-05-14,180.0,181.4,180.0,180.16,20000.0
HBL,2014-05-15,180.0,185.73,180.0,183.53,322000.0
HBL,2014-05-16,182.1,185.0,182.1,183.95,82700.0
HBL,2014-05-19,184.95,187.0,184.51,186.04,119500.0
HBL,2014-05-20,184.9,185.75,184.11,184.14,14000.0
HBL,2014-05-21,183.96,184.0,182.1,182.54,19200.0
HBL,2014-05-22,182.5,185.2,182.0,184.75,93500.0
HBL,2014-05-23,184.25,184.25,182.04,182.67,14400.0
HBL,2014-05-26,181.7,186.4,181.6,185.99,102000.0
HBL,2014-05-27,187.25,187.75,184.05,184.62,36300.0
HBL,2014-05-28,185.0,185.0,184.0,184.2,15700.0
HBL,2014-05-29,184.0,189.5,184.0,188.33,176900.0
HBL,2014-05-30,189.9,197.0,187.75,193.23,356100.0
HBL,2014-06-02,192.0,194.5,191.5,192.36,114200.0
HBL,2014-06-03,192.0,193.0,184.99,189.71,106900.0
HBL,2014-06-04,189.5,191.0,188.0,188.63,36600.0
HBL,2014-06-05,190.5,192.0,188.0,189.78,65100.0
HBL,2014-06-06,190.0,190.9,188.2,188.9,107900.0
HBL,2014-06-09,190.0,192.0,189.15,189.93,94300.0
HBL,2014-06-10,189.02,190.0,185.0,185.67,77800.0
HBL,2014-06-11,187.0,187.99,185.13,185.97,27700.0
HBL,2014-06-12,186.99,187.0,184.01,185.87,31700.0
HBL,2014-06-13,184.5,190.1,184.5,187.63,208500.0
HBL,2014-06-16,186.2,189.99,186.15,187.13,171800.0
HBL,2014-06-17,186.5,187.02,183.0,183.55,41900.0
HBL,2014-06-18,183.8,184.0,181.5,182.06,35200.0
HBL,2014-06-19,182.0,182.0,178.11,178.61,94700.0
HBL,2014-06-20,177.31,185.0,177.31,178.7,88300.0
HBL,2014-06-23,177.5,183.0,173.0,180.34,202900.0
HBL,2014-06-24,180.8,185.45,180.0,184.79,196500.0
HBL,2014-06-25,184.15,186.54,182.0,182.69,43000.0
HBL,2014-06-26,182.0,185.5,182.0,184.98,189400.0
HBL,2014-06-27,186.0,190.49,183.0,188.55,130500.0
HBL,2014-06-30,188.1,197.97,185.11,193.79,607000.0
HBL,2014-07-01,193.1,198.0,193.02,194.07,78400.0
HBL,2014-07-02,194.0,195.5,192.31,194.01,29500.0
HBL,2014-07-03,194.0,194.0,192.15,192.62,16700.0
HBL,2014-07-04,191.12,192.5,191.12,191.94,9200.0
HBL,2014-07-07,192.99,192.99,191.0,191.04,136100.0
HBL,2014-07-08,191.0,191.0,189.02,189.41,7000.0
HBL,2014-07-09,189.97,191.0,189.01,190.69,27100.0
HBL,2014-07-10,189.03,190.69,187.99,188.07,16800.0
HBL,2014-07-11,189.0,189.0,187.25,187.68,7000.0
HBL,2014-07-14,187.0,190.99,187.0,189.61,44500.0
HBL,2014-07-15,190.5,194.0,189.2,189.61,54800.0
HBL,2014-07-16,188.5,189.5,188.0,188.22,24300.0
HBL,2014-07-17,189.5,194.0,189.5,191.88,391300.0
HBL,2014-07-18,191.89,192.0,189.0,189.89,110400.0
HBL,2014-07-21,190.0,191.0,189.0,190.08,147100.0
HBL,2014-07-22,190.1,191.0,188.5,189.72,322300.0
HBL,2014-07-23,192.0,194.5,188.65,188.98,552700.0
HBL,2014-07-24,189.0,190.75,188.0,188.3,404300.0
HBL,2014-07-28,188.3,190.9,187.85,188.02,165100.0
HBL,2014-08-04,186.25,188.0,185.0,187.17,79500.0
HBL,2014-08-05,188.45,191.98,187.4,189.9,209300.0
HBL,2014-08-06,187.15,191.0,185.01,190.31,251600.0
HBL,2014-08-07,189.0,191.0,188.5,190.42,210000.0
HBL,2014-08-08,189.0,191.45,187.7,188.67,59000.0
HBL,2014-08-11,183.01,187.7,179.24,182.18,327100.0
HBL,2014-08-12,179.25,188.0,179.25,183.2,651500.0
HBL,2014-08-13,184.0,185.99,183.5,185.02,77900.0
HBL,2014-08-15,187.0,190.0,186.0,189.85,82200.0
HBL,2014-08-18,187.0,190.0,187.0,187.65,529500.0
HBL,2014-08-19,185.35,186.49,184.25,185.63,27000.0
HBL,2014-08-20,187.6,188.0,185.11,185.98,964900.0
HBL,2014-08-21,187.0,189.75,186.0,186.87,89300.0
HBL,2014-08-22,186.75,187.17,186.0,186.02,871400.0
HBL,2014-08-25,185.5,185.75,184.0,185.05,257300.0
HBL,2014-08-26,185.0,185.7,184.9,185.01,13000.0
HBL,2014-08-27,184.01,185.0,183.0,183.97,30100.0
HBL,2014-08-28,183.0,185.5,182.0,185.04,66200.0
HBL,2014-08-29,187.25,191.5,187.0,189.56,165900.0
HBL,2014-09-01,188.0,189.95,185.5,188.99,146400.0
HBL,2014-09-02,189.89,191.5,189.5,190.78,528900.0
HBL,2014-09-03,190.31,191.25,189.01,189.31,258100.0
HBL,2014-09-04,188.1,190.7,188.0,188.18,179500.0
HBL,2014-09-05,187.7,188.5,186.0,186.77,86100.0
HBL,2014-09-08,187.15,188.0,186.81,187.24,510200.0
HBL,2014-09-09,187.88,196.0,187.88,190.51,297500.0
HBL,2014-09-10,191.65,191.65,187.75,188.07,415800.0
HBL,2014-09-11,188.98,197.47,188.98,197.47,1259300.0
HBL,2014-09-12,199.9,202.0,193.15,194.9,902100.0
HBL,2014-09-15,194.5,204.64,193.9,204.62,2106600.0
HBL,2014-09-16,204.6,214.0,204.15,211.41,742800.0
HBL,2014-09-17,212.05,216.8,210.0,213.9,643400.0
HBL,2014-09-18,214.54,216.0,209.99,210.85,156900.0
HBL,2014-09-19,212.0,213.0,208.3,208.82,154700.0
HBL,2014-09-22,209.48,210.0,207.12,208.35,290400.0
HBL,2014-09-23,208.0,210.95,207.5,207.82,132900.0
HBL,2014-09-24,207.55,213.25,207.5,211.8,491500.0
HBL,2014-09-25,212.0,213.98,205.0,207.59,316500.0
HBL,2014-09-26,207.75,209.05,199.97,201.46,385500.0
HBL,2014-09-29,201.95,203.78,199.0,200.1,320700.0
HBL,2014-09-30,200.5,210.1,199.1,209.18,521200.0
HBL,2014-10-01,209.35,210.0,207.0,209.82,111200.0
HBL,2014-10-02,210.0,211.0,209.1,209.54,368500.0
HBL,2014-10-03,207.9,209.95,205.11,206.08,54800.0
HBL,2014-10-09,206.45,206.94,200.0,200.84,859400.0
HBL,2014-10-10,202.0,205.0,201.5,203.8,183600.0
HBL,2014-10-13,205.0,213.99,204.0,213.68,993000.0
HBL,2014-10-14,213.49,215.0,212.0,212.94,720000.0
HBL,2014-10-15,213.88,213.9,210.1,212.52,489300.0
HBL,2014-10-16,212.5,215.75,207.0,208.44,1133100.0
HBL,2014-10-17,209.45,210.0,206.0,207.06,333200.0
HBL,2014-10-20,205.65,211.5,205.65,206.39,316500.0
HBL,2014-10-21,208.2,209.99,205.0,206.94,357300.0
HBL,2014-10-22,209.47,211.0,207.55,208.3,264500.0
HBL,2014-10-23,208.5,218.71,207.5,214.11,604300.0
HBL,2014-10-24,213.15,215.5,209.5,211.57,577000.0
HBL,2014-10-27,212.0,217.0,212.0,216.51,248500.0
HBL,2014-10-28,217.0,217.6,214.0,215.36,55100.0
HBL,2014-10-29,216.0,216.0,213.0,213.39,126900.0
HBL,2014-10-30,214.0,216.7,213.51,214.6,151600.0
HBL,2014-10-31,215.9,218.0,213.5,214.53,128800.0
HBL,2014-11-05,213.5,217.0,213.5,216.15,138300.0
HBL,2014-11-06,214.1,218.5,214.1,217.07,261000.0
HBL,2014-11-07,215.05,216.3,214.1,214.49,60600.0
HBL,2014-11-10,214.08,215.0,212.99,213.59,370500.0
HBL,2014-11-11,212.6,215.1,212.51,214.74,152800.0
HBL,2014-11-12,215.2,218.0,213.55,215.15,172000.0
HBL,2014-11-13,215.15,216.01,213.0,213.11,492300.0
HBL,2014-11-14,212.88,213.99,211.5,211.85,55100.0
HBL,2014-11-17,211.99,215.25,211.99,214.48,46300.0
HBL,2014-11-18,213.6,215.0,213.0,213.21,32000.0
HBL,2014-11-19,213.0,213.75,210.0,211.76,52700.0
HBL,2014-11-20,212.0,212.0,201.18,207.0,220200.0
HBL,2014-11-21,206.0,212.5,206.0,209.49,256200.0
HBL,2014-11-24,209.6,210.15,208.25,209.65,56600.0
HBL,2014-11-25,208.13,210.5,206.5,208.7,89700.0
HBL,2014-11-26,208.0,211.0,207.75,208.58,98900.0
HBL,2014-11-27,208.8,209.1,207.15,207.44,15300.0
HBL,2014-11-28,206.0,207.5,204.5,204.75,101600.0
HBL,2014-12-01,206.0,206.0,201.0,201.56,202100.0
HBL,2014-12-02,203.0,205.0,200.5,201.43,335500.0
HBL,2014-12-03,202.0,203.3,200.1,201.15,226900.0
HBL,2014-12-04,202.0,205.0,201.55,204.39,559800.0
HBL,2014-12-05,204.79,209.45,204.0,205.98,733900.0
HBL,2014-12-08,206.7,210.2,206.0,209.6,199000.0
HBL,2014-12-09,208.51,210.45,208.0,208.91,58700.0
HBL,2014-12-10,208.03,208.95,206.0,208.03,59900.0
HBL,2014-12-11,209.02,210.0,207.6,208.0,320600.0
HBL,2014-12-12,206.01,210.0,206.01,207.38,381600.0
HBL,2014-12-15,208.89,208.89,208.0,208.03,121400.0
HBL,2014-12-16,207.5,208.75,204.0,207.63,3052200.0
HBL,2014-12-17,208.0,208.05,206.0,207.99,125900.0
HBL,2014-12-18,209.98,211.99,209.0,211.01,399300.0
HBL,2014-12-19,212.0,219.0,211.0,215.13,481900.0
HBL,2014-12-22,215.1,224.4,215.0,222.42,379700.0
HBL,2014-12-23,221.51,225.75,221.05,224.84,313300.0
HBL,2014-12-24,225.1,225.1,221.0,221.72,80100.0
HBL,2014-12-26,220.5,222.0,218.01,218.56,34100.0
HBL,2014-12-29,219.5,220.0,216.5,216.65,16500.0
HBL,2014-12-30,217.0,218.25,216.0,217.64,36600.0
HBL,2014-12-31,218.0,219.0,216.05,216.26,28700.0
HBL,2015-01-01,217.98,217.98,214.51,216.03,12800.0
HBL,2015-01-02,215.1,220.0,215.1,218.8,255600.0
HBL,2015-01-05,219.9,220.84,218.2,220.02,114400.0
HBL,2015-01-06,221.9,221.9,218.15,218.46,64300.0
HBL,2015-01-07,219.5,221.0,218.4,219.57,190800.0
HBL,2015-01-08,218.0,219.7,214.01,215.99,92700.0
HBL,2015-01-09,217.49,219.69,215.0,217.54,29500.0
HBL,2015-01-12,218.8,218.8,217.0,217.82,46200.0
HBL,2015-01-13,218.0,219.0,217.0,217.1,38200.0
HBL,2015-01-14,218.74,219.98,216.0,217.96,157700.0
HBL,2015-01-15,218.0,220.0,216.5,218.01,89200.0
HBL,2015-01-16,218.88,219.01,214.99,215.7,120400.0
HBL,2015-01-19,215.5,216.89,215.5,215.71,40000.0
HBL,2015-01-20,215.15,216.5,213.5,213.69,185600.0
HBL,2015-01-21,213.75,216.0,213.55,213.88,244400.0
HBL,2015-01-22,214.0,214.0,212.71,212.82,16800.0
HBL,2015-01-23,212.0,213.5,212.0,212.36,17500.0
HBL,2015-01-26,210.0,217.5,210.0,215.42,153100.0
HBL,2015-01-27,214.21,214.21,211.0,211.36,303600.0
HBL,2015-01-28,211.8,212.9,205.99,206.43,738100.0
HBL,2015-01-29,207.95,208.5,207.0,207.95,45700.0
HBL,2015-01-30,207.9,211.6,207.9,210.47,117300.0
HBL,2015-02-02,210.5,212.5,210.25,211.53,87800.0
HBL,2015-02-03,211.99,213.0,210.5,212.76,50800.0
HBL,2015-02-04,209.05,213.65,209.05,212.91,123800.0
HBL,2015-02-06,211.06,212.1,210.0,210.42,110900.0
HBL,2015-02-09,212.5,212.5,207.5,208.09,42700.0
HBL,2015-02-10,208.01,208.01,203.56,204.36,104000.0
HBL,2015-02-11,205.0,206.2,202.49,203.71,126600.0
HBL,2015-02-12,202.11,204.2,193.6,197.91,127500.0
HBL,2015-02-13,198.57,203.0,198.0,201.84,49400.0
HBL,2015-02-16,202.0,203.0,200.0,202.48,20600.0
HBL,2015-02-17,202.5,208.0,201.75,202.48,205500.0
HBL,2015-02-18,203.5,205.9,202.0,204.41,182000.0
HBL,2015-02-19,205.0,206.5,204.01,205.49,127000.0
HBL,2015-02-20,205.99,206.3,204.7,205.05,40200.0
HBL,2015-02-23,205.0,206.0,203.5,203.99,63700.0
HBL,2015-02-24,204.0,205.0,203.5,204.44,115200.0
HBL,2015-02-25,204.85,206.1,203.0,203.68,46300.0
HBL,2015-02-26,204.1,205.8,195.0,203.23,73100.0
HBL,2015-02-27,205.4,205.4,202.6,203.71,27500.0
HBL,2015-03-02,203.71,204.9,202.0,202.85,304000.0
HBL,2015-03-03,200.1,205.5,200.1,200.91,59800.0
HBL,2015-03-04,203.99,203.99,200.0,200.2,50000.0
HBL,2015-03-05,202.0,203.9,200.6,202.61,29900.0
HBL,2015-03-06,203.9,204.0,201.1,201.89,59100.0
HBL,2015-03-09,201.89,201.89,199.0,200.26,38300.0
HBL,2015-03-10,201.11,201.8,198.5,198.9,58500.0
HBL,2015-03-11,195.61,198.0,195.6,197.69,60700.0
HBL,2015-03-12,195.95,198.0,195.95,196.01,49400.0
HBL,2015-03-13,197.0,202.5,197.0,199.97,120200.0
HBL,2015-03-16,196.9,196.0,188.75,189.55,42700.0
HBL,2015-03-17,189.99,189.99,185.0,185.25,45200.0
HBL,2015-03-18,185.26,188.0,184.01,187.64,53400.0
HBL,2015-03-19,186.21,190.0,186.21,188.28,59200.0
HBL,2015-03-20,188.05,192.51,188.05,190.16,36300.0
HBL,2015-03-24,190.0,190.0,187.13,187.5,9700.0
HBL,2015-03-25,187.0,188.0,185.65,185.94,11600.0
HBL,2015-03-26,188.0,188.0,178.0,179.94,17300.0
HBL,2015-03-27,181.5,181.5,175.51,176.29,22100.0
HBL,2015-03-30,175.25,175.25,167.48,169.4,54400.0
HBL,2015-03-31,172.97,177.87,172.97,177.87,26200.0
HBL,2015-04-01,180.55,186.76,180.52,184.96,183700.0
HBL,2015-04-02,186.9,191.6,186.49,187.66,45900.0
HBL,2015-04-03,187.0,189.99,184.0,185.62,58400.0
HBL,2015-04-06,186.0,186.0,179.69,181.32,102100.0
HBL,2015-04-07,176.03,177.8,175.0,175.41,103200.0
HBL,2015-04-08,175.7,176.0,174.0,174.11,104500.0
HBL,2015-04-09,173.0,182.4,173.0,181.68,400100.0
HBL,2015-04-10,180.51,189.45,180.2,184.35,471800.0
HBL,2015-04-13,182.0,184.0,178.0,179.13,384000.0
HBL,2015-04-14,178.44,184.3,178.0,181.35,283500.0
HBL,2015-04-15,183.0,183.5,181.0,181.67,2215500.0
HBL,2015-04-16,182.0,189.0,181.5,188.51,643000.0
HBL,2015-04-17,185.0,187.0,183.0,185.19,5937000.0
HBL,2015-04-20,189.0,189.0,184.5,185.02,4772700.0
HBL,2015-04-21,185.5,186.5,184.2,184.9,8095300.0
HBL,2015-04-22,185.5,194.14,185.5,194.14,10543800.0
HBL,2015-04-23,199.0,199.0,193.15,195.34,3908100.0
HBL,2015-04-24,196.9,198.7,194.5,195.97,2493800.0
HBL,2015-04-27,196.0,201.51,192.05,200.1,4413700.0
HBL,2015-04-28,199.75,200.0,195.25,195.76,1239700.0
HBL,2015-04-29,196.25,197.25,193.0,196.89,4391000.0
HBL,2015-04-30,196.5,204.2,196.5,200.6,7792600.0
HBL,2015-05-04,201.9,205.5,199.66,203.01,7644600.0
HBL,2015-05-05,201.5,202.7,198.01,199.29,517100.0
HBL,2015-05-06,200.0,201.51,198.0,199.03,868600.0
HBL,2015-05-07,199.49,202.0,198.51,200.02,2498300.0
HBL,2015-05-08,200.0,201.5,199.95,200.23,604600.0
HBL,2015-05-11,199.5,201.49,196.99,199.98,940500.0
HBL,2015-05-12,199.01,204.5,199.0,203.48,392500.0
HBL,2015-05-13,203.0,204.0,199.51,201.25,3134100.0
HBL,2015-05-14,198.01,199.5,195.25,195.92,370900.0
HBL,2015-05-15,194.5,197.94,194.0,197.23,1132900.0
HBL,2015-05-18,195.5,197.4,195.0,195.98,303200.0
HBL,2015-05-19,195.98,197.45,195.0,196.96,268900.0
HBL,2015-05-20,196.0,197.6,195.1,197.32,1195200.0
HBL,2015-05-21,195.63,197.9,195.63,196.94,2832900.0
HBL,2015-05-22,197.0,199.49,195.6,196.12,153100.0
HBL,2015-05-25,190.05,196.0,189.5,193.93,3146000.0
HBL,2015-05-26,193.93,194.0,192.0,193.06,4934500.0
HBL,2015-05-27,193.5,196.5,193.0,195.89,3727800.0
HBL,2015-05-28,195.0,195.0,194.0,194.11,100500.0
HBL,2015-05-29,194.0,203.81,193.4,203.28,3426300.0
HBL,2015-06-01,204.0,213.2,204.0,212.91,2640600.0
HBL,2015-06-02,212.55,214.8,209.4,209.95,2072600.0
HBL,2015-06-03,211.0,211.3,209.4,209.42,1027900.0
HBL,2015-06-04,209.15,211.0,208.03,209.98,380100.0
HBL,2015-06-05,211.0,211.99,209.0,209.1,119900.0
HBL,2015-06-08,198.65,201.0,198.65,199.96,2430300.0
HBL,2015-06-09,200.46,209.0,200.0,204.8,850400.0
HBL,2015-06-10,206.0,207.01,202.0,203.3,1105000.0
HBL,2015-06-11,203.3,206.4,203.71,205.57,761400.0
HBL,2015-06-12,203.33,204.35,203.0,203.76,458400.0
HBL,2015-06-15,197.1,204.0,197.1,203.15,451500.0
HBL,2015-06-16,202.99,203.5,201.6,202.23,253600.0
HBL,2015-06-17,202.3,202.5,200.3,201.92,78500.0
HBL,2015-06-18,202.05,207.0,202.0,204.39,1047700.0
HBL,2015-06-19,203.05,206.0,203.0,205.07,286000.0
HBL,2015-06-22,205.0,207.49,203.01,206.99,862900.0
HBL,2015-06-23,204.01,205.8,204.0,205.62,320300.0
HBL,2015-06-24,206.0,209.0,205.21,207.01,1001800.0
HBL,2015-06-25,205.31,207.99,205.31,207.0,51900.0
HBL,2015-06-26,207.94,208.25,205.5,207.0,530500.0
HBL,2015-06-29,205.5,210.0,205.5,209.54,301800.0
HBL,2015-06-30,209.98,217.0,207.51,215.15,702000.0
HBL,2015-07-01,215.0,216.75,213.5,214.58,796400.0
HBL,2015-07-02,216.0,217.0,210.0,211.04,213500.0
HBL,2015-07-03,211.5,216.0,211.5,213.35,427200.0
HBL,2015-07-06,213.44,214.0,211.51,212.97,200200.0
HBL,2015-07-07,213.5,214.0,212.15,212.91,1866300.0
HBL,2015-07-08,212.0,214.63,212.0,213.37,73900.0
HBL,2015-07-09,213.9,214.5,213.0,213.74,1123300.0
HBL,2015-07-10,213.95,215.89,213.95,214.06,877500.0
HBL,2015-07-13,214.2,215.5,214.2,215.04,68700.0
HBL,2015-07-14,215.0,220.01,215.0,218.43,484800.0
HBL,2015-07-15,212.1,224.0,212.1,223.26,170800.0
HBL,2015-07-16,224.99,234.41,224.99,232.24,2625100.0
HBL,2015-07-22,232.0,235.0,228.0,231.41,1162100.0
HBL,2015-07-23,232.77,232.77,228.05,228.66,247700.0
HBL,2015-07-24,227.55,228.5,227.02,227.92,242500.0
HBL,2015-07-27,227.08,230.25,223.17,224.08,384000.0
HBL,2015-07-28,224.0,226.0,219.0,225.0,45900.0
HBL,2015-07-29,225.0,235.0,225.0,231.4,461400.0
HBL,2015-07-30,232.0,236.9,231.99,235.53,282200.0
HBL,2015-07-31,233.1,234.0,232.0,233.33,241500.0
HBL,2015-08-03,232.5,235.9,229.0,233.93,391700.0
HBL,2015-08-04,233.5,236.0,232.1,234.32,358700.0
HBL,2015-08-05,234.5,234.5,232.52,233.0,418400.0
HBL,2015-08-06,235.0,235.0,230.05,230.2,47700.0
HBL,2015-08-07,230.0,230.49,227.99,228.55,70900.0
HBL,2015-08-10,228.0,228.0,226.51,227.83,1644800.0
HBL,2015-08-11,226.1,227.35,224.99,225.93,69100.0
HBL,2015-08-12,229.06,229.06,225.1,225.26,579200.0
HBL,2015-08-13,226.0,226.0,222.02,222.56,431900.0
HBL,2020-08-17,128.0,128.0,123.01,124.02,925821.0
HBL,2020-08-18,124.99,125.48,122.0,122.49,1086619.0
HBL,2020-08-19,122.99,123.9,122.0,122.36,371392.0
HBL,2020-08-20,122.5,124.1,121.9,123.52,882970.0
HBL,2020-08-21,123.89,125.2,122.12,124.27,445630.0
HBL,2020-08-24,124.0,126.15,123.5,125.1,438253.0
HBL,2020-08-25,126.25,127.99,124.55,127.17,1204601.0
HBL,2020-08-26,128.45,135.6,127.25,134.65,2815112.0
HBL,2020-08-27,135.49,138.2,134.6,135.69,1657292.0
HBL,2020-08-28,136.0,136.7,134.5,135.22,184341.0
HBL,2020-08-31,135.55,137.5,133.25,134.46,1906037.0
HBL,2020-09-01,135.0,135.0,131.0,132.69,1785320.0
HBL,2020-09-02,133.6,136.0,132.51,133.41,939520.0
HBL,2020-09-03,134.31,136.88,133.03,133.72,1041058.0
HBL,2020-09-04,133.78,134.44,132.11,133.32,702762.0
HBL,2020-09-07,133.05,134.4,131.75,132.51,1684821.0
HBL,2020-09-08,132.49,133.49,130.2,130.83,1330444.0
HBL,2020-09-09,130.75,134.6,129.52,133.05,1045912.0
HBL,2020-09-10,133.9,137.15,133.5,135.0,1344579.0
HBL,2020-09-11,135.51,138.5,134.5,135.7,3078582.0
HBL,2020-09-14,136.0,137.02,135.26,136.7,436151.0
HBL,2020-09-15,136.0,137.5,135.1,135.49,390990.0
HBL,2020-09-16,135.13,135.85,133.15,133.78,547283.0
HBL,2020-09-17,134.89,134.9,133.1,133.76,608454.0
HBL,2020-09-18,134.0,135.0,132.5,134.22,1110632.0
HBL,2020-09-21,134.49,134.49,132.51,132.97,231696.0
HBL,2020-09-22,131.99,132.4,130.8,131.32,508364.0
HBL,2020-09-23,130.5,133.31,130.5,131.67,287716.0
HBL,2020-09-24,132.99,132.99,130.6,131.98,641821.0
HBL,2020-09-25,132.0,134.4,130.71,133.81,546930.0
HBL,2020-09-28,133.44,134.0,127.32,129.05,807471.0
HBL,2020-09-29,127.84,131.72,125.25,130.25,445919.0
HBL,2020-09-30,131.9,132.1,129.02,130.74,818892.0
HBL,2020-10-01,130.0,134.34,130.0,132.57,682516.0
HBL,2020-10-02,133.0,134.5,130.5,131.04,479944.0
HBL,2020-10-05,131.88,131.88,128.0,129.61,514826.0
HBL,2020-10-06,130.0,130.9,126.6,129.01,387174.0
HBL,2020-10-07,131.74,132.0,128.5,130.45,523146.0
HBL,2020-10-08,130.9,132.9,129.1,132.17,375319.0
HBL,2020-10-09,132.85,136.85,131.3,136.0,849739.0
HBL,2020-10-12,136.65,138.3,133.0,133.7,1084637.0
HBL,2020-10-13,134.44,135.69,132.75,134.73,622391.0
HBL,2020-10-14,135.0,135.0,133.25,134.66,201250.0
HBL,2020-10-15,134.35,135.8,132.16,132.62,526499.0
HBL,2020-10-16,133.88,139.5,130.11,138.61,3578881.0
HBL,2020-10-19,138.5,139.99,135.42,137.81,899791.0
HBL,2020-10-20,137.11,140.35,137.11,139.64,2405767.0
HBL,2020-10-21,139.07,140.15,138.52,139.63,652743.0
HBL,2020-10-22,140.5,141.5,138.15,139.12,1313611.0
HBL,2020-10-23,139.45,140.34,138.6,138.99,520121.0
HBL,2020-10-26,139.5,139.8,137.5,138.78,431583.0
HBL,2020-10-27,138.8,138.98,132.2,135.15,962602.0
HBL,2020-10-28,135.25,136.8,133.06,133.5,781060.0
HBL,2020-10-29,132.1,133.5,126.75,130.11,2206631.0
HBL,2020-11-02,129.99,130.0,125.25,125.97,978768.0
HBL,2020-11-03,126.9,132.0,126.9,130.99,2271383.0
HBL,2020-11-04,131.9,131.9,128.5,128.73,719907.0
HBL,2020-11-05,129.89,131.4,129.16,130.8,1009389.0
HBL,2020-11-06,131.44,131.88,127.05,127.83,522560.0
HBL,2020-11-09,128.1,130.94,128.02,130.21,2644077.0
HBL,2020-11-10,134.87,134.87,129.1,130.61,3450426.0
HBL,2020-11-11,131.89,133.95,130.01,132.75,2626483.0
HBL,2020-11-12,132.51,133.48,129.7,130.18,3333605.0
HBL,2020-11-13,130.51,132.0,130.05,131.13,674964.0
HBL,2020-11-16,131.45,132.45,130.05,130.57,1828356.0
HBL,2020-11-17,131.9,132.5,131.0,131.04,1798549.0
HBL,2020-11-18,130.9,131.4,129.0,129.83,2981244.0
HBL,2020-11-19,130.74,131.74,130.0,131.42,1612282.0
HBL,2020-11-20,131.0,131.83,129.75,130.34,1778387.0
HBL,2020-11-23,130.88,130.88,126.76,128.57,2378928.0
HBL,2020-11-24,129.0,130.01,128.48,128.73,1340129.0
HBL,2020-11-25,130.0,130.0,128.35,129.63,1912828.0
HBL,2020-11-26,130.8,131.05,128.75,129.81,2900517.0
HBL,2020-11-27,130.0,130.8,129.12,129.91,695936.0
HBL,2020-11-30,130.44,130.75,129.25,130.12,2735504.0
HBL,2020-12-01,130.5,131.5,129.6,130.61,2575827.0
HBL,2020-12-02,131.39,131.47,129.9,130.39,3635603.0
HBL,2020-12-03,130.01,130.98,129.75,129.91,1475106.0
HBL,2020-12-04,130.0,130.49,129.6,129.91,5045137.0
HBL,2020-12-07,130.01,131.2,129.0,130.33,3312481.0
HBL,2020-12-08,130.49,130.99,130.3,130.7,2961196.0
HBL,2020-12-09,130.99,132.07,130.59,131.31,4784767.0
HBL,2020-12-10,131.01,138.22,131.01,132.32,10067093.0
HBL,2020-12-11,132.8,133.49,131.9,132.82,13323030.0
HBL,2020-12-14,133.0,133.79,132.61,133.28,3131914.0
HBL,2020-12-15,133.99,134.5,132.62,132.85,2998889.0
HBL,2020-12-16,132.85,133.8,132.06,133.21,6838035.0
HBL,2020-12-17,133.6,137.7,133.0,135.93,15773135.0
HBL,2020-12-18,136.0,137.9,135.0,136.53,10056351.0
HBL,2020-12-21,136.5,136.5,134.02,134.58,4756264.0
HBL,2020-12-22,134.5,135.99,133.0,133.12,4881094.0
HBL,2020-12-23,133.25,135.45,132.75,134.31,4301596.0
HBL,2020-12-24,135.45,135.5,133.01,134.39,3460629.0
HBL,2020-12-28,135.68,136.0,133.9,134.75,2568625.0
HBL,2020-12-29,135.06,135.49,130.85,131.69,3076521.0
HBL,2020-12-30,131.69,134.5,131.69,132.54,3765696.0
HBL,2020-12-31,132.5,133.0,132.0,132.28,726478.0
HBL,2021-01-01,133.8,135.99,132.65,133.14,5691473.0
HBL,2021-01-04,134.1,135.0,132.3,133.77,3395212.0
HBL,2021-01-05,134.0,136.7,133.1,134.98,6373631.0
HBL,2021-01-06,135.0,137.99,134.76,136.28,4656620.0
HBL,2021-01-07,136.84,140.0,136.8,138.88,11093886.0
HBL,2021-01-08,139.9,142.48,139.6,140.12,12254568.0
HBL,2021-01-11,141.5,141.9,138.9,139.97,3562029.0
HBL,2021-01-12,140.98,143.2,140.0,142.02,3965401.0
HBL,2021-01-13,142.9,144.8,142.02,143.2,3403879.0
HBL,2021-01-14,143.98,144.5,141.5,142.69,1583524.0
HBL,2021-01-15,143.44,143.44,141.15,141.5,919892.0
HBL,2021-01-18,141.15,142.25,140.1,140.98,1681485.0
HBL,2021-01-19,140.1,141.16,138.5,139.45,1994573.0
HBL,2021-01-20,139.0,141.95,138.25,141.54,4047339.0
HBL,2021-01-21,141.54,143.5,140.5,142.81,1571769.0
HBL,2021-01-22,142.55,143.49,141.81,142.98,2087135.0
HBL,2021-01-25,143.0,143.49,141.01,141.53,1214394.0
HBL,2021-01-26,141.9,142.2,140.88,141.05,1021215.0
HBL,2021-01-27,141.77,142.0,140.28,141.05,1087696.0
HBL,2021-01-28,141.05,144.75,140.9,142.07,2867301.0
HBL,2021-01-29,142.97,142.97,140.55,142.18,2026733.0
HBL,2021-02-01,142.47,142.69,140.9,141.25,1750088.0
HBL,2021-02-02,141.5,141.5,139.7,140.0,1180813.0
HBL,2021-02-03,140.58,141.01,139.5,140.09,2337796.0
HBL,2021-02-04,140.01,141.5,139.0,139.41,914415.0
HBL,2021-02-08,139.95,140.0,137.7,138.12,1416273.0
HBL,2021-02-09,138.7,139.0,135.99,136.58,1342598.0
HBL,2021-02-10,136.58,138.6,135.5,137.0,1918073.0
HBL,2021-02-11,137.1,139.0,134.0,134.74,3598119.0
HBL,2021-02-12,134.8,135.75,132.51,133.49,1325373.0
HBL,2021-02-15,134.5,136.25,133.49,134.89,1051682.0
HBL,2021-02-16,136.0,138.5,134.55,137.96,1746791.0
HBL,2021-02-17,139.01,140.24,129.05,130.26,6616307.0
HBL,2021-02-18,130.99,131.0,123.16,124.89,3057167.0
HBL,2021-02-19,125.49,126.97,123.0,123.8,1730848.0
HBL,2021-02-22,124.49,124.49,118.1,119.45,3485611.0
HBL,2021-02-23,120.0,120.97,116.4,116.9,2719702.0
HBL,2021-02-24,117.49,119.99,116.9,118.67,3034974.0
HBL,2021-02-25,119.8,122.0,119.8,121.63,4398324.0
HBL,2021-02-26,121.97,127.22,121.0,123.66,4882868.0
HBL,2021-03-01,123.0,124.8,120.85,121.75,1493603.0
HBL,2021-03-02,121.05,124.5,121.05,123.5,2285676.0
HBL,2021-03-03,123.25,123.26,121.01,121.42,1491313.0
HBL,2021-03-04,118.91,121.98,118.03,119.33,1739316.0
HBL,2021-03-05,120.05,122.0,118.5,121.49,1854911.0
HBL,2021-03-08,122.89,122.89,117.95,119.19,783257.0
HBL,2021-03-09,118.98,121.45,117.0,119.66,1586132.0
HBL,2021-03-10,120.0,120.0,117.4,117.84,673668.0
HBL,2021-03-11,118.98,118.98,114.01,115.49,1188520.0
HBL,2021-03-12,116.51,119.0,115.02,118.19,924779.0
HBL,2021-03-15,119.5,120.89,118.45,119.76,877093.0
HBL,2021-03-16,120.0,122.0,119.19,121.4,1034798.0
HBL,2021-03-17,123.15,125.0,122.5,124.03,1245841.0
HBL,2021-03-18,121.4,122.8,119.0,119.73,1360154.0
HBL,2021-03-19,120.89,125.0,118.01,123.35,2654698.0
HBL,2021-03-22,123.34,124.8,122.33,123.69,264991.0
HBL,2021-03-24,124.75,124.75,121.55,123.78,872323.0
HBL,2021-03-25,124.0,125.0,123.0,123.43,502918.0
HBL,2021-03-26,124.0,124.0,119.1,120.31,892420.0
HBL,2021-03-29,120.0,120.0,117.0,118.03,655363.0
HBL,2021-03-30,118.94,119.5,117.06,117.95,589234.0
HBL,2021-03-31,118.8,120.4,115.0,116.18,1835403.0
HBL,2021-04-01,116.78,119.0,116.0,116.81,1208979.0
HBL,2021-04-02,117.4,118.0,116.05,117.41,157824.0
HBL,2021-04-05,117.89,117.89,114.5,114.95,272428.0
HBL,2021-04-06,114.85,117.57,114.55,116.83,242127.0
HBL,2021-04-07,116.5,117.38,113.0,113.6,1813618.0
HBL,2021-04-08,114.87,117.4,112.11,115.66,998575.0
HBL,2021-04-09,118.0,118.95,114.01,117.37,558914.0
HBL,2021-04-12,118.7,118.7,116.0,116.65,179011.0
HBL,2021-04-13,117.3,118.04,115.77,117.7,977655.0
HBL,2021-04-14,117.94,119.3,117.94,118.8,1361999.0
HBL,2021-04-15,119.01,119.01,117.4,117.99,436813.0
HBL,2021-04-16,118.68,119.25,118.0,118.53,896941.0
HBL,2021-04-19,117.05,120.0,116.9,117.44,238583.0
HBL,2021-04-20,119.0,120.99,117.52,119.54,895996.0
HBL,2021-04-21,120.0,121.4,119.01,120.1,1072058.0
HBL,2021-04-22,120.05,127.49,120.05,122.77,1499670.0
HBL,2021-04-23,123.7,123.7,121.9,122.05,864770.0
HBL,2021-04-26,122.5,129.2,121.02,125.32,3305701.0
HBL,2021-04-27,125.7,127.95,125.03,126.03,1696191.0
HBL,2021-04-28,124.6,126.3,123.25,123.77,1338651.0
HBL,2021-04-29,123.8,126.99,121.0,124.05,2402046.0
HBL,2021-04-30,124.55,126.5,122.11,124.85,1872049.0
HBL,2021-05-03,126.0,127.85,123.55,125.84,3083550.0
HBL,2021-05-04,127.97,129.0,125.0,127.74,1612059.0
HBL,2021-05-05,128.0,128.0,125.99,126.49,440870.0
HBL,2021-05-06,127.47,127.8,125.7,127.07,2620856.0
HBL,2021-05-17,125.8,128.25,125.01,126.6,1281995.0
HBL,2021-05-18,126.95,127.44,125.01,126.22,963005.0
HBL,2021-05-19,126.0,126.0,124.4,124.89,855326.0
HBL,2021-05-20,124.5,125.75,121.2,122.04,790533.0
HBL,2021-05-21,122.95,125.3,122.05,123.89,1473126.0
HBL,2021-05-24,124.5,126.0,124.0,124.93,881822.0
HBL,2021-05-25,125.47,129.5,124.0,128.91,3880680.0
HBL,2021-05-26,128.99,131.0,128.01,130.43,2983057.0
HBL,2021-05-27,132.0,134.25,130.0,131.79,3910072.0
HBL,2021-05-28,131.01,135.19,131.01,134.07,4761834.0
HBL,2021-05-31,134.95,137.45,134.95,135.92,2293654.0
HBL,2021-06-01,135.96,137.75,135.5,136.76,1557538.0
HBL,2021-06-02,137.0,137.0,134.05,134.71,1366996.0
HBL,2021-06-03,135.83,136.0,132.57,134.05,1156765.0
HBL,2021-06-04,134.02,135.93,132.8,133.68,486834.0
HBL,2021-06-07,134.0,135.5,132.17,133.17,568821.0
HBL,2021-06-08,133.95,134.5,133.07,133.97,357452.0
HBL,2021-06-09,134.44,134.44,132.01,132.63,409842.0
HBL,2021-06-10,133.45,135.75,132.06,134.51,1506851.0
HBL,2021-06-11,135.05,136.5,134.25,135.1,1223602.0
HBL,2021-06-14,136.5,136.5,134.51,135.07,820637.0
HBL,2021-06-15,135.85,135.85,134.0,134.77,479868.0
HBL,2021-06-16,135.57,135.7,134.6,135.2,1257607.0
HBL,2021-06-17,135.5,135.69,133.5,133.67,169731.0
HBL,2021-06-18,133.05,133.77,129.0,130.03,2267721.0
HBL,2021-06-21,130.95,131.94,128.9,130.38,451442.0
HBL,2021-06-22,130.5,132.0,129.01,130.58,299893.0
HBL,2021-06-23,130.6,131.0,128.65,129.85,435491.0
HBL,2021-06-24,130.0,131.7,129.05,130.39,637245.0
HBL,2021-06-25,130.95,130.95,126.26,127.48,1753036.0
HBL,2021-06-28,127.25,128.0,123.0,123.46,1300352.0
HBL,2021-06-29,124.23,126.9,123.46,125.21,1156820.0
HBL,2021-06-30,124.94,124.95,122.05,122.37,4257352.0
HBL,2021-07-01,122.9,124.75,122.56,123.46,1048077.0
HBL,2021-07-02,123.86,124.88,123.0,123.57,822320.0
HBL,2021-07-05,123.15,124.45,122.5,122.61,413241.0
HBL,2021-07-06,123.9,125.9,122.51,125.5,2523758.0
HBL,2021-07-07,125.95,127.8,125.7,126.95,1409206.0
HBL,2021-07-08,127.24,128.55,127.15,128.28,1223609.0
HBL,2021-07-09,128.95,130.4,126.75,128.68,1872284.0
HBL,2021-07-12,129.44,129.95,127.31,129.03,483083.0
HBL,2021-07-13,129.5,129.5,127.5,128.97,777781.0
HBL,2021-07-14,129.3,129.49,127.62,128.93,641310.0
HBL,2021-07-15,129.45,129.59,128.0,128.41,470488.0
HBL,2021-07-16,129.01,130.5,128.0,129.97,1065671.0
HBL,2021-07-19,130.0,130.0,128.5,129.35,123932.0
HBL,2021-07-23,129.35,130.1,128.07,129.31,228896.0
HBL,2021-07-26,129.98,130.45,128.1,128.76,607740.0
HBL,2021-07-27,127.8,131.95,127.8,131.31,2267549.0
HBL,2021-07-28,131.9,131.9,129.55,130.8,802489.0
HBL,2021-07-29,131.0,131.0,128.5,128.93,531104.0
HBL,2021-07-30,129.0,129.47,126.0,126.67,2104560.0
HBL,2021-08-02,126.0,128.0,125.91,127.1,1102000.0
HBL,2021-08-03,127.7,128.88,127.11,128.5,850269.0
HBL,2021-08-04,128.98,129.99,128.01,129.58,1147034.0
HBL,2021-08-05,129.5,130.0,128.5,129.42,2016262.0
HBL,2021-08-06,129.05,129.85,128.72,129.06,644190.0
HBL,2021-08-09,129.89,129.89,127.1,128.43,997110.0
HBL,2021-08-10,128.85,128.95,127.55,128.46,170810.0
HBL,2021-08-11,128.46,130.48,128.05,128.84,606895.0
HBL,2021-08-12,128.84,129.72,128.55,129.31,269949.0
HBL,2021-08-13,129.0,129.98,128.6,129.68,212232.0
HBL,2021-08-16,129.97,130.5,128.25,129.92,577568.0
HBL,2021-08-17,130.65,131.0,129.1,129.76,554445.0
HBL,2021-08-20,130.0,130.45,129.3,129.52,657240.0
HBL,2021-08-23,129.52,130.99,129.5,130.2,1436189.0
HBL,2021-08-24,130.2,130.95,129.3,129.48,665106.0
HBL,2021-08-25,129.17,129.88,129.0,129.47,514053.0
HBL,2021-08-26,129.5,129.5,128.06,128.55,546479.0
HBL,2021-08-27,128.6,128.6,125.76,126.93,700103.0
HBL,2021-08-30,126.93,126.93,122.2,124.72,1847573.0
HBL,2021-08-31,125.0,127.35,124.07,125.2,1716145.0
HBL,2021-09-01,126.5,126.5,124.0,124.18,755613.0
HBL,2021-09-02,125.5,125.5,121.0,121.88,3167207.0
HBL,2021-09-03,122.5,122.99,119.75,120.83,1262849.0
HBL,2021-09-06,121.0,121.88,119.55,119.98,7009352.0
HBL,2021-09-07,120.25,120.25,117.0,119.09,1114530.0
HBL,2021-09-08,119.9,119.9,118.0,118.96,1021258.0
HBL,2021-09-09,117.6,118.5,115.15,116.17,2225103.0
HBL,2021-09-10,116.95,116.99,115.02,115.76,1112772.0
HBL,2021-09-13,116.35,118.97,115.52,117.63,2176748.0
HBL,2021-09-14,117.63,120.61,117.63,119.71,1840030.0
HBL,2021-09-15,119.99,121.0,119.05,120.0,1279190.0
HBL,2021-09-16,120.0,122.0,119.6,120.12,4589452.0
HBL,2021-09-17,120.44,120.44,118.33,118.97,1132673.0
HBL,2021-09-20,119.0,119.0,117.11,118.84,201140.0
HBL,2021-09-21,118.95,121.0,116.11,116.87,801918.0
HBL,2021-09-22,117.5,117.9,114.01,115.45,1150303.0
HBL,2021-09-23,115.5,116.4,114.0,115.46,818807.0
HBL,2021-09-24,115.99,115.99,113.51,114.89,143084.0
HBL,2021-09-27,115.0,115.0,111.0,111.99,5459595.0
HBL,2021-09-28,112.0,113.7,111.52,112.54,7044937.0
HBL,2021-09-29,113.9,113.9,110.41,110.91,1347349.0
HBL,2021-09-30,111.0,111.94,108.05,109.35,6587594.0
HBL,2021-10-01,109.95,110.89,108.6,110.09,3308845.0
HBL,2021-10-04,110.09,110.35,109.09,110.01,1599420.0
HBL,2021-10-05,110.02,110.7,109.0,109.35,1589523.0
HBL,2021-10-06,109.99,109.99,107.6,107.76,3148840.0
HBL,2021-10-07,108.0,110.34,107.76,109.08,2483027.0
HBL,2021-10-08,109.5,111.0,108.5,110.26,5834015.0
HBL,2021-10-11,109.53,110.49,109.02,109.65,1206108.0
HBL,2021-10-12,109.73,114.89,108.98,114.02,6622254.0
HBL,2021-10-13,114.5,116.57,113.15,114.94,2676084.0
HBL,2021-10-14,115.0,119.5,114.1,119.15,2542510.0
HBL,2021-10-15,119.9,120.0,117.79,119.03,1357210.0
HBL,2021-10-18,119.74,122.8,117.05,121.79,1824940.0
HBL,2021-10-20,122.5,125.5,121.0,124.31,2318448.0
HBL,2021-10-21,124.0,131.9,122.22,127.74,6216289.0
HBL,2021-10-22,127.8,131.0,126.0,129.7,1951983.0
HBL,2021-10-25,128.01,129.0,126.55,127.8,544116.0
HBL,2021-10-26,129.7,129.7,125.0,125.72,722456.0
HBL,2021-10-27,125.4,126.51,122.9,123.87,1529652.0
HBL,2021-10-28,124.0,124.9,122.48,124.44,755674.0
HBL,2021-10-29,125.5,129.0,123.05,126.16,1933104.0
HBL,2021-11-01,126.95,128.99,126.01,126.96,465436.0
HBL,2021-11-02,127.0,128.9,126.0,127.98,2460565.0
HBL,2021-11-03,128.95,128.95,125.0,125.26,717179.0
HBL,2021-11-04,125.79,126.1,123.51,124.31,1660552.0
HBL,2021-11-05,125.89,126.4,124.05,125.55,1356774.0
HBL,2021-11-08,125.6,127.01,125.2,126.65,705569.0
HBL,2021-11-09,127.4,127.4,125.25,125.32,854225.0
HBL,2021-11-10,126.0,126.88,124.1,124.57,453390.0
HBL,2021-11-11,124.97,124.97,124.0,124.11,2398042.0
HBL,2021-11-12,124.1,125.47,123.0,123.41,415477.0
HBL,2021-11-15,122.15,125.94,122.15,124.91,495611.0
HBL,2021-11-16,125.45,126.49,123.05,125.95,878994.0
HBL,2021-11-17,126.5,127.75,123.66,124.66,4162783.0
HBL,2021-11-18,125.0,125.94,122.31,123.78,1242516.0
HBL,2021-11-19,123.6,126.9,123.6,125.86,3135415.0
HBL,2021-11-22,128.0,129.1,123.52,124.68,4487112.0
HBL,2021-11-23,124.5,124.5,122.4,123.27,1852315.0
HBL,2021-11-24,123.05,123.05,119.57,120.15,3810386.0
HBL,2021-11-25,120.87,120.87,116.0,117.53,4966495.0
HBL,2021-11-26,116.1,120.74,116.1,119.43,3450455.0
HBL,2021-11-29,118.1,126.9,118.1,125.16,5093343.0
HBL,2021-11-30,126.89,127.75,120.01,123.35,31480344.0
HBL,2021-12-01,125.0,125.5,122.11,124.67,2901710.0
HBL,2021-12-02,123.99,124.04,117.5,119.52,2946383.0
HBL,2021-12-03,118.9,124.23,117.15,123.2,3277436.0
HBL,2021-12-06,123.9,123.95,121.06,121.42,1012588.0
HBL,2021-12-07,122.9,124.0,121.5,122.56,2059729.0
HBL,2021-12-08,122.95,123.85,121.15,122.4,2355553.0
HBL,2021-12-09,122.95,122.95,118.91,120.56,1054086.0
HBL,2021-12-10,121.8,121.8,119.46,119.58,1030716.0
HBL,2021-12-13,120.43,120.5,118.65,119.29,803835.0
HBL,2021-12-14,119.49,120.75,118.0,119.39,2087508.0
HBL,2021-12-15,119.96,120.0,118.51,118.95,1795873.0
HBL,2021-12-16,119.25,119.75,115.0,115.65,2280425.0
HBL,2021-12-17,116.7,118.55,114.5,118.04,1652856.0
HBL,2021-12-20,118.95,120.1,117.1,118.54,1565638.0
HBL,2021-12-21,118.0,119.02,117.21,117.69,533753.0
HBL,2021-12-22,118.7,118.7,117.0,117.99,761750.0
HBL,2021-12-23,116.57,118.5,116.57,117.34,801572.0
HBL,2021-12-24,117.8,117.8,116.51,116.8,321524.0
HBL,2021-12-27,117.91,117.91,116.0,116.16,379513.0
HBL,2021-12-28,116.88,116.9,115.2,116.0,745571.0
HBL,2021-12-29,116.57,116.57,114.8,115.0,1639485.0
HBL,2021-12-30,115.0,115.9,114.3,114.85,2189778.0
HBL,2021-12-31,115.3,117.5,114.31,116.62,2886976.0
HBL,2022-01-03,117.0,117.9,116.5,117.03,405791.0
HBL,2022-01-04,117.1,119.0,117.1,118.03,916386.0
HBL,2022-01-05,118.7,118.94,117.0,117.61,184922.0
HBL,2022-01-06,117.99,118.7,116.5,116.7,1361906.0
HBL,2022-01-07,117.9,119.5,116.55,118.28,1340981.0
HBL,2022-01-10,119.0,121.23,118.03,120.37,2955003.0
HBL,2022-01-11,120.85,122.5,118.8,122.17,1852575.0
HBL,2022-01-12,122.75,122.85,121.49,121.59,496255.0
HBL,2022-01-13,122.0,122.2,121.0,121.5,143600.0
HBL,2022-01-14,121.5,124.0,121.5,123.13,1138299.0
HBL,2022-01-17,123.01,123.1,122.0,122.15,449851.0
HBL,2022-01-18,122.15,123.0,121.23,122.01,476441.0
HBL,2022-01-19,121.3,122.8,121.05,121.57,768005.0
HBL,2022-01-20,121.49,122.45,119.7,122.04,350340.0
HBL,2022-01-21,122.5,122.5,121.05,122.13,96511.0
HBL,2022-01-24,122.25,122.45,121.15,121.44,220830.0
HBL,2022-01-25,121.05,122.08,121.0,121.58,311993.0
HBL,2022-01-26,121.75,121.75,120.8,121.01,271685.0
HBL,2022-01-27,121.65,121.65,120.5,121.01,403396.0
HBL,2022-01-28,120.1,121.5,120.1,120.54,456985.0
HBL,2022-01-31,120.2,121.7,120.2,121.19,691880.0
HBL,2022-02-01,120.55,122.5,120.55,121.68,376741.0
HBL,2022-02-02,121.02,128.0,121.0,124.71,3470427.0
HBL,2022-02-03,126.0,126.0,123.45,123.55,750312.0
HBL,2022-02-04,123.1,124.9,123.1,123.89,2721987.0
HBL,2022-02-07,124.44,125.0,123.55,123.92,191597.0
HBL,2022-02-08,124.4,124.55,123.0,123.58,1701938.0
HBL,2022-02-09,124.15,124.99,123.16,124.22,1243444.0
HBL,2022-02-10,124.22,124.99,122.03,122.33,1544517.0
HBL,2022-02-11,122.8,123.95,121.56,123.23,1131428.0
HBL,2022-02-14,123.23,124.5,122.45,122.6,532437.0
HBL,2022-02-15,123.85,123.85,121.6,122.02,1420639.0
HBL,2022-02-16,122.98,122.98,121.11,121.4,363293.0
HBL,2022-02-17,121.27,122.44,120.5,121.89,117622.0
HBL,2022-02-18,122.0,122.9,121.0,121.93,318035.0
HBL,2022-02-21,122.4,122.6,121.5,121.74,83287.0
HBL,2022-02-22,122.2,122.2,118.0,121.29,1400159.0
HBL,2022-02-23,121.65,122.0,119.22,121.41,811166.0
HBL,2022-02-24,120.0,121.45,115.9,116.44,1874967.0
HBL,2022-02-25,116.01,117.5,116.01,116.32,1155499.0
HBL,2022-02-28,117.41,117.41,115.02,116.17,1270047.0
HBL,2022-03-01,117.98,118.1,116.0,116.3,748773.0
HBL,2022-03-02,116.94,116.94,114.81,115.46,674871.0
HBL,2022-03-03,117.0,117.0,114.8,115.16,147193.0
HBL,2022-03-04,115.0,117.0,115.0,116.27,849987.0
HBL,2022-03-07,115.1,115.9,112.26,113.0,453555.0
HBL,2022-03-08,116.0,116.0,111.15,112.33,609309.0
HBL,2022-03-09,111.0,114.97,111.0,112.29,1056162.0
HBL,2022-03-10,113.9,115.85,112.3,114.04,1116936.0
HBL,2022-03-11,114.0,114.86,113.07,114.13,325294.0
HBL,2022-03-14,114.0,114.5,113.06,113.93,487685.0
HBL,2022-03-15,114.11,115.5,114.03,115.02,268479.0
HBL,2022-03-16,115.0,115.9,113.5,113.9,280721.0
HBL,2022-03-17,114.49,114.85,114.0,114.2,767312.0
HBL,2022-03-18,113.95,114.45,110.0,110.64,1285603.0
HBL,2022-03-21,109.5,111.0,108.39,110.61,841768.0
HBL,2022-03-22,111.34,111.89,109.5,110.05,669559.0
HBL,2022-03-24,110.68,112.39,109.52,111.98,893817.0
HBL,2022-03-25,112.84,114.0,110.55,113.51,523841.0
HBL,2022-03-28,113.69,114.38,111.0,113.7,378809.0
HBL,2022-03-29,114.4,115.0,113.11,113.27,749914.0
HBL,2022-03-30,113.98,114.5,113.0,113.63,100466.0
HBL,2022-03-31,113.99,114.0,112.6,112.91,734793.0
HBL,2022-04-01,112.6,114.5,111.9,113.91,1802294.0
HBL,2022-04-04,112.01,113.0,108.99,109.36,720783.0
HBL,2022-04-05,109.51,110.7,109.02,109.56,477499.0
HBL,2022-04-06,109.56,110.87,109.5,109.8,848481.0
HBL,2022-04-07,109.82,110.74,108.9,109.03,369037.0
HBL,2022-04-08,110.99,112.3,110.56,111.54,990236.0
HBL,2022-04-11,113.8,118.0,112.1,115.72,2207391.0
HBL,2022-04-12,116.0,119.0,115.72,116.36,703976.0
HBL,2022-04-13,116.36,116.99,115.6,116.11,645792.0
HBL,2022-04-14,116.2,116.8,115.61,116.05,1093663.0
HBL,2022-04-15,116.3,116.44,115.65,116.25,191033.0
HBL,2022-04-18,116.89,116.89,115.0,115.55,1195300.0
HBL,2022-04-19,115.1,116.32,114.5,114.95,687019.0
HBL,2022-04-20,115.07,115.9,110.0,111.06,982556.0
HBL,2022-04-21,111.5,112.87,110.71,111.32,768991.0
HBL,2022-04-22,112.0,112.0,110.57,111.31,430165.0
HBL,2022-04-25,111.52,113.0,111.52,112.31,430122.0
HBL,2022-04-26,113.49,113.49,111.5,111.79,913201.0
HBL,2022-04-27,111.45,111.5,109.0,109.73,633532.0
HBL,2022-04-28,111.5,111.5,108.0,108.85,1643917.0
HBL,2022-05-06,109.97,109.97,106.16,107.03,314657.0
HBL,2022-05-09,108.0,108.0,102.5,102.92,1731876.0
HBL,2022-05-10,101.51,105.97,101.51,102.16,288350.0
HBL,2022-05-11,103.99,103.99,100.5,102.27,1093343.0
HBL,2022-05-12,103.91,103.91,101.11,102.0,508998.0
HBL,2022-05-13,102.0,103.48,101.0,102.77,321289.0
HBL,2022-05-16,102.5,102.5,99.75,100.94,10735709.0
HBL,2022-05-17,101.8,102.35,100.15,101.71,1015919.0
HBL,2022-05-18,101.99,103.2,101.31,102.17,478743.0
HBL,2022-05-19,102.98,102.98,101.0,101.43,573923.0
HBL,2022-05-20,101.01,102.3,101.0,102.09,1150428.0
HBL,2022-05-23,102.1,103.24,100.2,102.06,579563.0
HBL,2022-05-24,101.0,103.29,101.0,102.33,533064.0
HBL,2022-05-25,102.45,102.9,101.02,102.61,2212379.0
HBL,2022-05-26,102.62,103.97,102.6,103.41,284727.0
HBL,2022-05-27,104.0,106.44,103.04,103.71,865427.0
HBL,2022-05-30,104.0,105.38,102.21,103.44,84055.0
HBL,2022-05-31,104.88,104.88,102.17,103.4,1211963.0
HBL,2022-06-01,103.0,103.8,101.7,102.02,597954.0
HBL,2022-06-02,102.99,103.0,99.3,99.64,1278137.0
HBL,2022-06-03,99.85,99.96,96.0,96.72,3428620.0
HBL,2022-06-06,96.1,99.0,96.1,98.19,338817.0
HBL,2022-06-07,99.49,99.9,96.15,97.08,263677.0
HBL,2022-06-08,98.33,98.33,95.75,95.89,282448.0
HBL,2022-06-09,95.89,96.89,95.05,95.35,159495.0
HBL,2022-06-10,96.58,96.58,95.0,95.23,328567.0
HBL,2022-06-13,95.99,95.99,89.0,90.44,1666847.0
HBL,2022-06-14,91.0,93.85,90.01,93.48,496900.0
HBL,2022-06-15,94.68,95.99,93.0,95.28,373084.0
HBL,2022-06-16,94.01,96.0,94.01,94.98,301742.0
HBL,2022-06-17,96.49,97.0,94.0,95.73,660783.0
HBL,2022-06-20,96.48,96.75,94.11,95.4,85696.0
HBL,2022-06-21,96.43,97.1,94.22,96.96,4839780.0
HBL,2022-06-22,96.15,99.39,96.15,96.73,3538321.0
HBL,2022-06-23,95.05,97.7,95.0,95.31,623293.0
HBL,2022-06-24,96.48,96.48,90.0,92.87,1533544.0
HBL,2022-06-27,93.0,97.49,91.1,95.24,992359.0
HBL,2022-06-28,93.61,96.44,93.61,94.97,573062.0
HBL,2022-06-29,94.99,95.13,88.3,90.08,3443169.0
HBL,2022-06-30,89.9,92.5,89.27,91.34,2566730.0
HBL,2022-07-01,91.49,91.98,89.72,91.14,652624.0
HBL,2022-07-04,91.25,92.59,90.0,92.12,204822.0
HBL,2022-07-05,92.0,92.55,90.5,90.67,96954.0
HBL,2022-07-06,91.9,91.98,90.11,91.7,121903.0
HBL,2022-07-07,91.6,91.97,91.12,91.82,45485.0
HBL,2022-07-13,89.05,93.97,89.05,93.06,92146.0
HBL,2022-07-14,94.0,94.3,92.41,93.79,488639.0
HBL,2022-07-15,94.98,94.98,92.52,92.86,119617.0
HBL,2022-07-18,90.27,92.85,90.27,90.93,212336.0
HBL,2022-07-19,91.0,91.94,87.8,88.58,536224.0
HBL,2022-07-20,89.25,90.0,87.48,88.33,147724.0
HBL,2022-07-21,89.8,89.8,86.0,86.53,477633.0
HBL,2022-07-22,88.95,88.95,83.9,84.64,353168.0
HBL,2022-07-25,85.45,85.45,83.5,83.57,94226.0
HBL,2022-07-26,83.6,84.48,81.1,83.92,311482.0
HBL,2022-07-27,86.99,86.99,82.99,84.44,1366469.0
HBL,2022-07-28,84.62,86.9,84.05,86.45,2531280.0
HBL,2022-07-29,86.9,86.9,85.0,86.25,628902.0
HBL,2022-08-01,88.95,88.95,83.36,85.97,734281.0
HBL,2022-08-02,86.0,86.0,84.9,85.05,710610.0
HBL,2022-08-03,85.6,87.95,84.21,86.51,1646552.0
HBL,2022-08-04,86.9,87.49,85.01,86.51,438995.0
HBL,2022-08-05,88.39,89.95,86.0,88.68,1594932.0
HBL,2022-08-10,89.0,92.89,89.0,91.29,1378718.0
HBL,2022-08-11,92.88,92.88,87.8,88.09,505366.0
HBL,2022-08-12,88.98,91.17,86.4,90.93,580206.0
HBL,2022-08-15,91.0,97.74,91.0,95.35,1772521.0
HBL,2022-08-16,95.5,99.8,94.0,96.95,1572294.0
HBL,2022-08-17,96.0,101.4,95.8,96.41,1225443.0
HBL,2022-08-18,97.89,98.49,96.5,96.61,292307.0
HBL,2022-08-19,97.99,97.99,94.1,96.37,506768.0
HBL,2022-08-22,97.49,98.5,94.45,94.73,811424.0
HBL,2022-08-23,93.01,98.0,93.01,94.57,1247637.0
HBL,2022-08-24,95.45,96.0,93.66,94.01,1771932.0
HBL,2022-08-25,94.25,95.68,94.25,95.29,725249.0
HBL,2022-08-26,95.06,96.2,93.39,93.78,504502.0
HBL,2022-08-29,94.5,94.5,90.03,92.44,411039.0
HBL,2022-08-30,93.11,94.87,90.41,90.9,664612.0
HBL,2022-08-31,91.99,91.99,89.27,90.66,680614.0
HBL,2022-09-01,91.18,91.18,89.75,90.25,258339.0
HBL,2022-09-02,90.95,90.95,88.06,89.87,170854.0
HBL,2022-09-05,91.0,91.0,88.0,88.5,274439.0
HBL,2022-09-06,89.35,89.35,87.8,88.45,118957.0
HBL,2022-09-07,89.0,89.0,87.1,87.98,298849.0
HBL,2022-09-08,88.74,88.74,87.15,87.55,142679.0
HBL,2022-09-09,88.18,88.18,87.1,87.53,77062.0
HBL,2022-09-12,87.5,89.0,87.02,87.14,312556.0
HBL,2022-09-13,87.53,88.75,86.81,87.99,409207.0
HBL,2022-09-14,88.49,88.49,86.52,86.76,193026.0
HBL,2022-09-15,87.49,87.6,83.3,84.56,422866.0
HBL,2022-09-16,84.0,86.0,82.7,83.15,1606236.0
HBL,2022-09-19,83.4,84.78,81.5,81.89,715849.0
HBL,2022-09-20,82.4,83.3,81.51,82.04,619915.0
HBL,2022-09-21,82.04,83.0,81.38,81.91,257611.0
HBL,2022-09-22,82.7,82.7,80.11,81.81,604518.0
HBL,2022-09-23,82.7,82.7,80.5,80.94,4937798.0
HBL,2022-09-26,80.61,82.49,80.61,81.05,522497.0
HBL,2022-09-27,81.79,81.79,80.62,81.06,937046.0
HBL,2022-09-28,81.7,84.1,81.15,81.47,1037680.0
HBL,2022-09-29,80.01,80.01,75.36,75.36,1825607.0
HBL,2022-09-30,69.71,69.71,69.71,69.71,697317.0
HBL,2022-10-03,67.26,70.95,67.05,68.19,13165202.0
HBL,2022-10-04,68.5,70.6,68.39,69.37,3411030.0
HBL,2022-10-05,69.03,70.59,69.03,69.61,940289.0
HBL,2022-10-06,69.98,71.39,69.5,71.13,2492074.0
HBL,2022-10-07,71.0,72.0,70.1,71.58,2131520.0
HBL,2022-10-10,72.49,72.49,70.7,71.52,1457962.0
HBL,2022-10-11,71.75,72.9,71.4,71.52,1303660.0
HBL,2022-10-12,71.5,72.0,70.01,71.64,883409.0
HBL,2022-10-13,71.99,71.99,71.35,71.53,1179978.0
HBL,2022-10-14,72.0,72.5,70.61,71.55,2259053.0
HBL,2022-10-17,71.9,71.9,71.4,71.51,1290144.0
HBL,2022-10-18,71.94,71.94,71.3,71.55,1366844.0
HBL,2022-10-19,71.5,71.8,71.4,71.53,1289881.0
HBL,2022-10-20,71.74,71.74,71.37,71.49,3777764.0
HBL,2022-10-21,71.49,71.89,70.5,71.49,3101946.0
HBL,2022-10-24,71.85,71.85,70.8,71.5,1516345.0
HBL,2022-10-25,71.51,71.68,70.8,71.09,524964.0
HBL,2022-10-26,71.0,71.1,69.52,69.85,646270.0
HBL,2022-10-27,70.99,70.99,69.46,69.78,399202.0
HBL,2022-10-28,70.88,70.88,69.13,69.55,356998.0
HBL,2022-10-31,69.5,70.48,69.35,69.73,491769.0
HBL,2022-11-01,70.49,70.5,69.7,69.97,992103.0
HBL,2022-11-02,69.85,70.49,69.08,69.29,517560.0
HBL,2022-11-03,69.48,70.0,68.7,69.11,1513917.0
HBL,2022-11-04,68.01,68.4,67.3,67.42,257254.0
HBL,2022-11-07,67.51,68.67,67.51,67.65,302170.0
HBL,2022-11-08,68.0,68.25,67.51,67.6,369854.0
HBL,2022-11-10,68.0,71.25,67.5,69.62,3760847.0
HBL,2022-11-11,69.99,70.29,69.26,69.49,541124.0
HBL,2022-11-14,69.49,70.29,69.1,69.92,575232.0
HBL,2022-11-15,70.0,70.0,69.6,69.76,497806.0
HBL,2022-11-16,69.2,69.9,68.75,69.16,352781.0
HBL,2022-11-17,69.16,69.9,68.36,68.48,329673.0
HBL,2022-11-18,69.4,69.4,67.85,68.29,637019.0
HBL,2022-11-21,67.52,68.49,67.5,68.13,265275.0
HBL,2022-11-22,68.9,68.92,68.0,68.27,100657.0
HBL,2022-11-23,68.73,68.95,68.11,68.37,132930.0
HBL,2022-11-24,68.1,68.67,67.51,67.68,1192088.0
HBL,2022-11-25,68.48,68.48,67.76,68.0,1248248.0
HBL,2022-11-28,69.0,69.0,66.5,66.94,712640.0
HBL,2022-11-29,67.87,68.5,66.52,68.2,778638.0
HBL,2022-11-30,68.49,68.75,66.5,66.59,807766.0
HBL,2022-12-01,66.98,70.1,66.98,67.92,5477595.0
HBL,2022-12-02,68.45,68.9,67.51,68.6,1432799.0
HBL,2022-12-05,69.45,69.45,67.6,67.78,876686.0
HBL,2022-12-06,68.0,68.29,67.15,67.93,311749.0
HBL,2022-12-07,68.0,68.25,67.3,67.5,1709572.0
HBL,2022-12-08,68.34,68.34,66.75,66.9,665889.0
HBL,2022-12-09,67.65,67.75,65.5,65.77,1549529.0
HBL,2022-12-12,66.29,66.35,65.2,65.57,5508129.0
HBL,2022-12-13,65.5,66.8,65.1,65.97,3577369.0
HBL,2022-12-14,65.55,66.45,65.55,65.85,738520.0
HBL,2022-12-15,66.0,66.0,62.11,64.34,2313381.0
HBL,2022-12-16,64.89,65.35,63.2,64.49,470757.0
HBL,2022-12-19,65.0,66.0,64.02,64.77,705108.0
HBL,2022-12-20,64.1,65.0,62.35,62.96,663578.0
HBL,2022-12-21,64.49,64.49,62.01,62.6,503372.0
HBL,2022-12-22,63.0,63.82,62.5,62.94,508933.0
HBL,2022-12-23,62.95,63.45,61.45,62.05,313705.0
HBL,2022-12-26,63.43,63.43,62.22,62.68,413864.0
HBL,2022-12-27,63.4,63.4,61.94,62.63,232433.0
HBL,2022-12-28,62.89,62.89,61.7,61.95,256561.0
HBL,2022-12-29,62.75,62.75,59.25,59.92,3057746.0
HBL,2022-12-30,60.34,64.0,59.6,63.73,3213843.0
HBL,2023-01-02,63.4,64.85,62.75,64.51,958977.0
HBL,2023-01-03,64.22,65.55,62.8,63.61,1449704.0
HBL,2023-01-04,62.1,64.0,62.1,63.78,109780.0
HBL,2023-01-05,64.7,64.8,63.0,64.55,199038.0
HBL,2023-01-06,64.97,64.97,63.51,64.04,145546.0
HBL,2023-01-09,63.75,63.75,61.8,61.99,280281.0
HBL,2023-01-10,62.2,63.77,62.2,62.49,289175.0
HBL,2023-01-11,62.5,63.5,62.3,63.2,288783.0
HBL,2023-01-12,63.94,63.96,62.8,62.9,277856.0
HBL,2023-01-13,62.3,62.95,61.74,62.37,133141.0
HBL,2023-01-16,63.15,63.15,60.99,61.77,134620.0
HBL,2023-01-17,62.98,62.98,60.9,61.4,426538.0
HBL,2023-01-18,61.3,62.4,61.0,61.99,461778.0
HBL,2023-01-19,61.97,62.5,60.05,62.19,729812.0
HBL,2023-01-20,62.5,63.8,61.0,61.7,1032972.0
HBL,2023-01-23,62.0,62.0,60.52,61.72,239903.0
HBL,2023-01-24,60.7,63.59,60.7,63.26,466645.0
HBL,2023-01-25,64.4,68.0,63.5,68.0,4073727.0
HBL,2023-01-26,70.5,73.1,70.5,73.1,8725035.0
HBL,2023-01-27,77.5,78.45,75.15,76.36,8556359.0
HBL,2023-01-30,75.95,76.5,72.25,73.06,1799948.0
HBL,2023-01-31,73.65,73.94,72.0,72.28,1474564.0
HBL,2023-02-01,71.81,74.5,71.81,72.41,6169725.0
HBL,2023-02-02,72.99,73.15,71.56,72.98,1219556.0
HBL,2023-02-03,73.0,74.1,72.06,73.27,1100144.0
HBL,2023-02-06,73.65,74.75,72.99,73.82,2747178.0
HBL,2023-02-07,73.55,75.0,73.5,74.21,4774538.0
HBL,2023-02-08,75.0,76.95,74.5,75.13,8611564.0
HBL,2023-02-09,75.74,79.74,75.74,78.55,6601780.0
HBL,2023-02-10,77.6,81.89,77.1,78.57,6746833.0
HBL,2023-02-13,78.98,80.0,77.9,78.85,2463261.0
HBL,2023-02-14,79.49,79.49,76.01,76.26,662428.0
HBL,2023-02-15,77.3,79.5,75.25,78.51,2352267.0
HBL,2023-02-16,79.4,79.4,76.5,76.79,1180501.0
HBL,2023-02-17,76.8,77.89,75.5,76.94,1178941.0
HBL,2023-02-20,77.0,77.0,74.32,74.93,399563.0
HBL,2023-02-21,75.89,75.99,74.03,74.48,373135.0
HBL,2023-02-22,74.5,76.5,73.4,75.42,735903.0
HBL,2023-02-23,75.39,75.45,73.0,73.38,634632.0
HBL,2023-02-24,73.5,74.8,69.31,69.56,1747078.0
HBL,2023-02-27,69.99,70.59,69.0,70.14,6188576.0
HBL,2023-02-28,70.5,70.73,69.24,69.37,2530013.0
HBL,2023-03-01,69.98,70.74,68.1,70.02,2117777.0
HBL,2023-03-02,70.75,72.5,69.5,71.53,2228981.0
HBL,2023-03-03,71.34,72.49,69.26,71.59,2962095.0
HBL,2023-03-06,72.34,72.34,70.03,71.67,1149366.0
HBL,2023-03-07,72.0,73.95,71.0,73.51,2982777.0
HBL,2023-03-08,74.7,75.3,73.7,74.74,3751825.0
HBL,2023-03-09,74.9,75.5,73.55,74.8,2483866.0
HBL,2023-03-10,74.9,75.99,74.7,75.27,1314955.0
HBL,2023-03-13,75.99,76.49,75.11,75.52,953150.0
HBL,2023-03-14,75.79,76.15,74.63,75.14,1293717.0
HBL,2023-03-15,73.55,76.97,73.55,75.65,4823752.0
HBL,2023-03-16,75.0,77.5,75.0,77.27,3058688.0
HBL,2023-03-17,77.51,79.4,74.5,75.61,9176555.0
HBL,2023-03-20,74.0,75.3,73.5,73.61,1059164.0
HBL,2023-03-21,73.5,74.84,72.75,73.91,318828.0
HBL,2023-03-22,74.24,74.7,72.51,72.98,204125.0
HBL,2023-03-24,74.85,74.85,71.31,72.5,82419.0
HBL,2023-03-27,72.99,73.88,71.51,72.95,804895.0
HBL,2023-03-28,73.94,76.0,73.65,74.75,3527993.0
HBL,2023-03-29,74.77,75.0,73.04,73.49,756878.0
HBL,2023-03-30,74.0,74.0,72.1,72.93,885431.0
HBL,2023-03-31,73.75,74.0,72.75,73.28,1791061.0
HBL,2023-04-03,74.0,74.25,71.15,73.14,323949.0
HBL,2023-04-04,73.5,74.0,72.6,73.03,200392.0
HBL,2023-04-05,74.49,74.75,72.6,73.82,2104072.0
HBL,2023-04-06,74.65,75.05,73.71,74.51,1718970.0
HBL,2023-04-07,74.65,75.01,74.1,74.28,2316191.0
HBL,2023-04-10,74.69,74.69,72.5,73.05,744066.0
HBL,2023-04-11,73.2,73.5,72.99,73.0,319761.0
HBL,2023-04-12,73.2,74.53,73.0,74.43,877738.0
HBL,2023-04-13,74.33,74.98,73.71,74.26,334999.0
HBL,2023-04-17,73.68,74.99,73.68,74.25,986977.0
HBL,2023-04-18,74.3,75.1,74.25,74.95,1068363.0
HBL,2023-04-19,74.25,75.42,74.25,74.88,1087505.0
HBL,2023-04-20,74.87,76.5,74.66,75.51,1068917.0
HBL,2023-04-26,75.0,76.5,74.3,74.66,1410115.0
HBL,2023-04-27,75.3,75.3,73.51,73.99,2102744.0
HBL,2023-04-28,74.8,74.8,72.12,72.51,1504181.0
HBL,2023-05-02,73.9,77.94,73.9,77.94,6029192.0
HBL,2023-05-03,81.5,82.01,77.5,78.24,23530334.0
HBL,2023-05-04,78.25,79.01,77.25,77.81,4781142.0
HBL,2023-05-05,76.89,78.78,75.8,76.96,2692466.0
HBL,2023-05-08,77.01,77.79,76.01,76.43,2168371.0
HBL,2023-05-09,76.85,76.85,73.0,73.5,4802446.0
HBL,2023-05-10,73.5,73.99,71.36,71.84,2522826.0
HBL,2023-05-11,72.31,74.59,72.15,73.21,2009034.0
HBL,2023-05-12,73.2,73.67,72.35,72.89,1814440.0
HBL,2023-05-15,73.0,73.5,71.82,73.1,1434377.0
HBL,2023-05-16,73.9,73.9,72.5,73.69,4289687.0
HBL,2023-05-17,73.69,74.99,73.63,74.05,2857483.0
HBL,2023-05-18,74.05,74.48,72.8,73.04,990829.0
HBL,2023-05-19,73.4,73.4,72.7,73.09,1091821.0
HBL,2023-05-22,73.0,73.2,72.7,72.79,965778.0
HBL,2023-05-23,72.6,73.4,72.41,72.58,758419.0
HBL,2023-05-24,72.95,73.7,72.8,73.13,1057146.0
HBL,2023-05-25,73.0,73.45,72.49,72.53,1323502.0
HBL,2023-05-26,72.12,73.0,71.7,72.19,2197486.0
HBL,2023-05-29,72.9,72.9,71.6,72.18,3047216.0
HBL,2023-05-30,72.1,74.95,72.03,74.32,5905853.0
HBL,2023-05-31,73.2,75.1,72.75,73.49,2100421.0
HBL,2023-06-01,73.88,74.0,72.8,72.96,475369.0
HBL,2023-06-02,73.38,73.38,72.0,72.18,3159408.0
HBL,2023-06-05,72.7,72.73,71.7,71.99,601559.0
HBL,2023-06-06,72.01,72.3,71.15,71.67,2155824.0
HBL,2023-06-07,71.55,72.2,71.2,71.74,1216068.0
HBL,2023-06-08,71.9,72.0,70.29,70.51,650557.0
HBL,2023-06-09,70.8,70.8,69.1,69.85,1121869.0
HBL,2023-06-12,69.7,69.7,66.0,67.26,3481955.0
HBL,2023-06-13,67.49,68.19,67.49,67.66,315133.0
HBL,2023-06-14,68.33,69.9,67.71,68.51,2204042.0
HBL,2023-06-15,67.67,69.25,67.5,68.84,737148.0
HBL,2023-06-16,68.25,69.69,68.1,68.49,788930.0
HBL,2023-06-19,68.49,69.4,67.9,68.55,4276332.0
HBL,2023-06-20,69.0,69.47,67.98,68.08,1338108.0
HBL,2023-06-21,68.05,68.74,67.9,68.1,1615439.0
HBL,2023-06-22,68.1,69.0,66.83,67.85,1688972.0
HBL,2023-06-23,68.0,69.45,66.6,68.17,1719662.0
HBL,2023-06-26,69.02,70.49,69.02,69.93,2341449.0
HBL,2023-06-27,69.88,74.2,68.8,73.23,6688542.0
HBL,2023-07-03,78.5,78.72,76.75,78.63,6303547.0
HBL,2023-07-04,79.7,79.7,76.62,76.78,2601726.0
HBL,2023-07-05,77.35,78.48,76.5,77.79,1703209.0
HBL,2023-07-06,78.9,79.29,77.62,79.14,2958196.0
HBL,2023-07-07,79.16,79.7,78.33,79.05,1098658.0
HBL,2023-07-10,79.01,79.4,77.86,78.16,1306297.0
HBL,2023-07-11,78.4,79.9,77.85,79.34,3957277.0
HBL,2023-07-12,79.5,80.8,79.15,79.9,3194172.0
HBL,2023-07-13,80.44,81.25,78.9,79.41,4784952.0
HBL,2023-07-14,80.0,80.0,78.3,78.41,3772721.0
HBL,2023-07-17,78.41,79.69,78.04,78.41,3165527.0
HBL,2023-07-18,78.6,78.95,77.14,78.08,5530864.0
HBL,2023-07-19,78.68,79.11,77.7,78.08,3659248.0
HBL,2023-07-20,78.44,79.4,77.85,78.03,3842743.0
HBL,2023-07-21,78.39,79.75,78.04,79.05,8255291.0
HBL,2023-07-24,79.89,79.98,79.06,79.47,2161744.0
HBL,2023-07-25,79.1,85.43,79.1,85.43,12648864.0
HBL,2023-07-26,86.49,87.0,82.12,84.92,10322599.0
HBL,2023-07-27,84.5,91.29,84.5,90.77,11869542.0
HBL,2023-07-31,91.5,97.58,91.5,97.26,14673538.0
HBL,2023-08-01,96.94,98.0,95.01,96.65,6095517.0
HBL,2023-08-02,96.5,103.9,95.52,102.2,18677605.0
HBL,2023-08-03,104.98,107.8,104.6,105.24,12084315.0
HBL,2023-08-04,104.0,104.89,102.2,104.31,4067599.0
HBL,2023-08-07,104.0,105.7,103.1,103.93,3719995.0
HBL,2023-08-08,103.03,103.5,100.26,100.91,2947084.0
HBL,2023-08-09,100.75,104.3,100.0,103.28,3628129.0
HBL,2023-08-10,104.0,104.2,101.0,101.57,2293921.0
HBL,2023-08-11,102.0,105.5,101.72,102.43,11415132.0
HBL,2023-08-15,103.0,103.45,101.82,102.11,866453.0
HBL,2023-08-16,101.05,102.5,100.5,101.28,1007952.0
HBL,2023-08-17,100.2,101.8,99.95,101.33,1319849.0
HBL,2023-08-18,101.25,102.45,101.05,101.25,1530212.0
HBL,2023-08-21,100.19,101.0,98.01,98.56,1396037.0
HBL,2023-08-22,98.29,99.32,97.6,98.56,1901474.0
HBL,2023-08-23,99.4,100.5,97.5,99.79,4511576.0
HBL,2023-08-24,99.25,100.75,99.25,99.9,10046060.0
HBL,2023-08-25,99.5,100.1,99.4,99.77,1378150.0
HBL,2023-08-28,99.06,99.88,98.25,98.93,808711.0
HBL,2023-08-29,98.0,98.84,96.15,97.59,1417854.0
HBL,2023-08-30,97.6,98.25,95.35,97.87,2201296.0
HBL,2023-08-31,99.0,99.0,94.0,96.14,2999070.0
HBL,2023-09-01,96.0,96.9,94.1,95.87,913660.0
HBL,2023-09-04,97.0,98.99,95.5,96.31,347198.0
HBL,2023-09-05,96.0,98.5,96.0,97.65,1186285.0
HBL,2023-09-06,97.96,98.5,97.21,97.64,1227413.0
HBL,2023-09-07,98.47,98.5,97.1,97.48,1186121.0
HBL,2023-09-08,97.99,97.99,96.42,97.31,3200703.0
HBL,2023-09-11,97.5,98.4,96.3,96.77,2835937.0
HBL,2023-09-12,97.0,97.63,95.9,96.25,1456006.0
HBL,2023-09-13,96.3,96.6,95.75,95.86,893778.0
HBL,2023-09-14,96.65,96.65,95.45,95.79,1058498.0
HBL,2023-09-15,96.5,96.5,94.55,95.14,4841767.0
HBL,2023-09-18,95.97,96.5,94.95,95.55,889980.0
HBL,2023-09-19,96.0,96.75,95.5,96.02,1715578.0
HBL,2023-09-20,96.8,96.8,95.45,95.51,882935.0
HBL,2023-09-21,95.5,96.75,95.01,96.26,3144597.0
HBL,2023-09-22,96.5,96.69,95.76,96.28,1863813.0
HBL,2023-09-25,96.6,96.6,94.25,94.43,2349224.0
HBL,2023-09-26,94.35,94.35,92.02,92.48,2075200.0
HBL,2023-09-27,92.0,92.5,90.41,90.51,1839908.0
HBL,2023-09-28,90.98,90.99,89.7,90.44,1735704.0
HBL,2023-10-02,90.52,91.38,89.56,90.03,473314.0
HBL,2023-10-03,90.0,90.49,89.55,90.01,2027775.0
HBL,2023-10-04,90.11,95.6,90.11,95.13,6427190.0
HBL,2023-10-05,95.89,96.95,95.25,96.35,2769647.0
HBL,2023-10-06,96.0,96.84,94.55,94.93,1659892.0
HBL,2023-10-09,94.13,95.3,93.0,93.87,884303.0
HBL,2023-10-10,93.5,94.93,93.3,94.05,1548916.0
HBL,2023-10-11,94.05,94.9,93.81,94.75,1574495.0
HBL,2023-10-12,94.49,95.7,94.3,95.34,6603532.0
HBL,2023-10-13,96.0,98.1,95.55,97.19,4567050.0
HBL,2023-10-16,98.7,99.75,96.9,97.07,2261851.0
HBL,2023-10-17,97.49,97.95,95.8,96.03,893777.0
HBL,2023-10-18,95.99,96.9,94.85,95.17,564595.0
HBL,2023-10-19,95.5,99.0,95.1,98.24,3130496.0
HBL,2023-10-20,98.55,100.94,97.6,99.84,6108214.0
HBL,2023-10-23,101.0,101.0,99.13,99.34,1445805.0
HBL,2023-10-24,99.9,99.9,98.11,99.12,815048.0
HBL,2023-10-25,99.4,100.7,96.5,97.45,2706525.0
HBL,2023-10-26,97.75,98.68,95.8,96.02,1123703.0
HBL,2023-10-27,96.7,97.5,95.01,95.38,1515079.0
HBL,2023-10-30,95.99,95.99,92.8,93.69,8100776.0
HBL,2023-10-31,94.35,95.0,93.55,93.75,1751671.0
HBL,2023-11-01,94.01,96.68,94.0,95.45,3197497.0
HBL,2023-11-02,93.0,94.99,92.53,94.79,1403865.0
HBL,2023-11-03,94.8,95.5,93.0,93.45,818894.0
HBL,2023-11-06,93.98,94.94,93.3,94.26,1160523.0
HBL,2023-11-07,94.05,96.25,93.75,94.05,2191751.0
HBL,2023-11-08,94.05,97.0,94.0,96.07,7270220.0
HBL,2023-11-10,96.25,97.6,96.05,96.67,3398014.0
HBL,2023-11-13,96.9,98.0,96.9,97.46,2758478.0
HBL,2023-11-14,97.2,97.99,97.0,97.27,2515511.0
HBL,2023-11-15,98.0,99.01,96.8,97.58,3705878.0
HBL,2023-11-16,98.0,98.5,96.26,97.56,1969654.0
HBL,2023-11-17,101.0,101.2,96.7,97.02,2955404.0
HBL,2023-11-20,97.5,97.69,95.82,96.43,405567.0
HBL,2023-11-21,97.0,97.7,96.65,96.75,1664356.0
HBL,2023-11-22,96.05,97.75,96.05,97.12,1455934.0
HBL,2023-11-23,96.5,98.4,96.1,96.91,3262230.0
HBL,2023-11-24,97.4,104.18,97.0,101.42,11462732.0
HBL,2023-11-27,102.25,109.03,102.1,109.03,10967560.0
HBL,2023-11-28,111.25,116.5,111.25,114.75,7088651.0
HBL,2023-11-29,115.0,116.5,109.5,111.18,3955219.0
HBL,2023-11-30,112.98,114.1,109.05,111.67,3226380.0
HBL,2023-12-01,112.49,112.99,110.5,111.54,885115.0
HBL,2023-12-04,112.0,113.1,111.16,111.51,1225196.0
HBL,2023-12-05,111.53,114.4,111.53,112.13,2229251.0
HBL,2023-12-06,113.0,118.0,112.45,116.96,2952670.0
HBL,2023-12-07,118.11,124.2,118.11,121.09,6384442.0
HBL,2023-12-08,122.0,130.17,121.2,129.52,8661913.0
HBL,2023-12-11,129.47,132.5,121.16,124.52,24836375.0
HBL,2023-12-12,124.98,125.4,122.5,123.72,2279126.0
HBL,2023-12-13,124.7,125.6,121.2,122.89,4172921.0
HBL,2023-12-14,123.94,124.49,121.0,123.33,4067144.0
HBL,2023-12-15,124.0,126.7,122.5,124.81,3642220.0
HBL,2023-12-18,125.11,126.5,123.0,123.58,1659917.0
HBL,2023-12-19,123.95,123.95,118.2,120.01,2757183.0
HBL,2023-12-20,119.1,121.0,116.25,119.16,2337889.0
HBL,2023-12-21,116.55,120.25,116.1,119.68,902675.0
HBL,2023-12-22,119.5,121.0,115.0,115.95,1557241.0
HBL,2023-12-26,116.0,118.8,107.25,108.0,5375214.0
HBL,2023-12-27,110.5,110.94,107.05,110.03,2964157.0
HBL,2023-12-28,111.26,113.49,110.2,111.16,3342584.0
HBL,2023-12-29,111.01,112.0,109.55,110.84,1490758.0
HBL,2024-01-01,110.83,116.5,110.83,115.75,2877447.0
HBL,2024-01-02,116.89,118.8,115.0,116.53,4163065.0
HBL,2024-01-03,117.01,119.21,116.49,117.69,3264531.0
HBL,2024-01-04,117.1,117.75,116.1,116.5,1132175.0
HBL,2024-01-05,117.45,117.99,115.2,117.41,1060265.0
HBL,2024-01-08,117.25,118.0,116.01,116.36,573038.0
HBL,2024-01-09,116.99,117.44,115.27,115.58,390894.0
HBL,2024-01-10,117.0,117.0,114.9,115.04,447283.0
HBL,2024-01-11,115.25,117.78,114.01,117.42,1236084.0
HBL,2024-01-12,118.0,119.0,117.5,118.47,1597241.0
HBL,2024-01-15,119.3,120.81,117.27,117.75,1911765.0
HBL,2024-01-16,117.26,118.0,116.25,116.62,1139653.0
HBL,2024-01-17,116.01,117.2,114.93,115.42,5075262.0
HBL,2024-01-18,115.0,115.85,112.66,114.65,872339.0
HBL,2024-01-19,115.25,116.5,114.07,114.63,358815.0
HBL,2024-01-22,114.64,115.48,113.1,115.0,563759.0
HBL,2024-01-23,115.1,116.6,115.1,116.01,9668921.0
HBL,2024-01-24,116.95,116.95,115.5,115.73,744945.0
HBL,2024-01-25,116.0,117.01,115.01,115.84,3340148.0
HBL,2024-01-26,116.0,116.89,113.51,114.0,2069564.0
HBL,2024-01-29,113.9,113.97,111.51,112.03,3150745.0
HBL,2024-01-30,112.99,113.98,110.4,111.05,1339104.0
HBL,2024-01-31,111.7,112.4,110.51,111.18,956494.0
HBL,2024-02-01,111.48,112.35,111.2,111.72,636327.0
HBL,2024-02-02,112.0,112.83,111.5,111.87,2207990.0
HBL,2024-02-06,113.7,113.7,111.8,112.3,1221222.0
HBL,2024-02-07,112.89,114.0,112.34,112.94,2244630.0
HBL,2024-02-09,110.5,111.9,106.27,110.72,1497628.0
HBL,2024-02-12,110.0,112.4,105.35,108.42,3683386.0
HBL,2024-02-13,107.01,110.5,103.0,110.0,1386292.0
HBL,2024-02-14,111.0,112.55,111.0,111.9,961375.0
HBL,2024-02-15,111.11,112.49,108.35,109.64,939367.0
HBL,2024-02-16,110.5,111.39,108.01,110.06,524336.0
HBL,2024-02-19,110.0,111.48,108.51,110.56,448399.0
HBL,2024-02-20,110.0,111.29,108.91,110.0,347629.0
HBL,2024-02-21,110.55,113.0,110.55,111.74,528231.0
HBL,2024-02-22,112.0,113.4,110.05,112.95,725835.0
HBL,2024-02-23,113.03,115.01,112.0,113.77,3344363.0
HBL,2024-02-26,113.77,116.0,113.77,114.75,3552299.0
HBL,2024-02-27,115.5,116.0,114.2,115.18,3449850.0
HBL,2024-02-28,115.0,116.98,114.06,114.8,5010576.0
HBL,2024-02-29,115.0,116.55,115.0,115.97,1616054.0
HBL,2024-03-01,116.05,117.8,115.85,117.06,2452549.0
HBL,2024-03-04,117.0,117.0,114.85,115.42,4070863.0
HBL,2024-03-05,116.0,116.41,115.05,115.7,1626318.0
HBL,2024-03-06,116.0,117.95,115.8,115.95,1631771.0
HBL,2024-03-07,116.19,116.5,114.61,114.93,677456.0
HBL,2024-03-08,115.49,116.0,114.31,114.46,491915.0
HBL,2024-03-11,114.0,116.0,114.0,114.67,396401.0
HBL,2024-03-12,114.67,114.91,113.26,113.68,317710.0
HBL,2024-03-13,113.68,114.0,112.06,112.79,471491.0
HBL,2024-03-14,112.99,114.0,112.55,113.65,1131221.0
HBL,2024-03-15,113.2,114.49,113.2,113.59,651359.0
HBL,2024-03-18,109.5,109.5,108.0,108.6,555706.0
HBL,2024-03-19,108.5,110.45,108.11,108.24,1222965.0
HBL,2024-03-20,109.0,109.5,107.49,108.21,734100.0
HBL,2024-03-21,108.74,108.8,106.19,107.0,2215557.0
HBL,2024-03-22,107.0,107.0,104.51,104.99,1356805.0
HBL,2024-03-25,105.0,105.75,103.0,104.13,925714.0
HBL,2024-03-26,104.49,105.0,103.0,104.21,898188.0
HBL,2024-03-27,104.0,106.4,103.5,104.46,1253860.0
HBL,2024-03-28,104.5,105.75,104.11,105.65,432652.0
HBL,2024-03-29,105.95,106.45,104.25,104.42,671014.0
HBL,2024-04-01,104.95,105.9,104.65,104.99,358080.0
HBL,2024-04-02,105.49,105.49,104.1,104.6,278078.0
HBL,2024-04-03,105.0,106.7,104.6,106.47,1048329.0
HBL,2024-04-04,106.69,109.9,106.0,108.85,1760545.0
HBL,2024-04-08,108.99,110.7,107.95,110.3,1508661.0
HBL,2024-04-09,111.79,112.84,108.75,109.65,4306345.0
HBL,2024-04-15,111.48,111.5,108.99,110.96,1519132.0
HBL,2024-04-16,111.3,118.48,111.0,115.81,15884192.0
HBL,2024-04-17,116.0,117.5,114.5,115.42,3631693.0
HBL,2024-04-18,115.8,116.73,113.6,114.35,3250009.0
HBL,2024-04-19,113.4,115.85,113.15,115.08,2278618.0
HBL,2024-04-22,115.1,116.5,112.51,114.53,48145538.0
HBL,2024-04-23,115.0,116.6,113.6,115.94,13143411.0
HBL,2024-04-24,115.99,119.1,114.98,118.2,12553982.0
HBL,2024-04-25,119.4,119.8,117.26,117.73,4556109.0
HBL,2024-04-26,118.0,118.6,116.3,117.89,3845181.0
HBL,2024-04-29,118.05,118.8,115.4,116.68,5594822.0
HBL,2024-04-30,116.94,118.2,116.0,116.47,4028185.0
HBL,2024-05-02,113.5,115.75,112.0,112.61,3468446.0
HBL,2024-05-03,111.73,113.88,111.73,112.1,6791235.0
HBL,2024-05-06,113.02,113.35,111.4,112.0,2726018.0
HBL,2024-05-07,111.98,113.49,111.5,112.88,3366186.0
HBL,2024-05-08,113.39,114.3,112.06,113.76,2989702.0
HBL,2024-05-09,113.51,114.6,112.9,113.56,1997634.0
HBL,2024-05-10,113.2,113.8,112.5,112.96,790046.0
HBL,2024-05-13,113.41,114.1,113.0,113.43,1666197.0
HBL,2024-05-14,113.1,115.26,113.1,114.9,4424900.0
HBL,2024-05-15,115.01,115.85,114.5,115.1,2513749.0
HBL,2024-05-16,115.5,116.4,114.8,115.98,4248282.0
HBL,2024-05-17,116.0,116.74,115.25,115.46,1108541.0
HBL,2024-05-20,116.1,116.1,113.27,113.79,1263164.0
HBL,2024-05-21,113.5,114.7,113.3,113.71,1899860.0
HBL,2024-05-22,113.9,114.25,112.51,112.93,777246.0
HBL,2024-05-23,112.75,113.97,112.26,113.29,905976.0
HBL,2024-05-24,113.25,114.95,113.05,114.29,2939584.0
HBL,2024-05-27,114.6,116.8,113.83,115.78,6155777.0
HBL,2024-05-29,114.75,115.35,113.1,113.82,1996194.0
HBL,2024-05-30,114.4,114.5,113.36,113.73,1100479.0
HBL,2024-05-31,114.0,114.38,113.4,113.97,2288708.0
HBL,2024-06-03,114.0,114.49,112.9,113.08,1294625.0
HBL,2024-06-04,113.08,113.5,111.22,111.98,2328511.0
HBL,2024-06-05,112.0,112.0,108.4,108.85,2994912.0
HBL,2024-06-06,108.85,110.49,108.1,108.82,1251708.0
HBL,2024-06-07,108.82,109.5,104.12,106.85,2526399.0
HBL,2024-06-10,106.48,107.46,105.1,105.48,1047371.0
HBL,2024-06-11,105.48,107.25,104.5,105.0,619877.0
HBL,2024-06-12,104.07,106.44,104.06,104.76,391283.0
HBL,2024-06-13,105.0,110.4,104.8,109.51,5604030.0
HBL,2024-06-14,110.0,113.25,108.9,112.37,5185713.0
HBL,2024-06-20,113.35,121.92,112.06,121.92,20943162.0
HBL,2024-06-21,123.5,127.97,122.4,125.65,12901998.0
HBL,2024-06-24,125.8,129.98,125.8,126.83,5385468.0
HBL,2024-06-25,126.8,128.3,125.5,126.31,2583232.0
HBL,2024-06-26,126.95,126.95,123.25,123.71,2146667.0
HBL,2024-06-27,125.0,126.0,123.25,123.96,1148778.0
HBL,2024-06-28,124.6,124.6,121.6,124.03,3455006.0
HBL,2024-07-01,123.99,125.7,122.52,125.07,1963928.0
HBL,2024-07-02,125.99,126.8,125.43,126.03,2221151.0
HBL,2024-07-03,126.75,133.75,126.5,132.52,7324743.0
HBL,2024-07-04,132.49,134.9,127.0,132.71,6996226.0
HBL,2024-07-05,132.5,140.75,130.3,139.0,10034650.0
HBL,2024-07-08,140.0,145.1,137.51,142.98,5278504.0
HBL,2024-07-09,143.11,145.9,139.0,140.55,3225650.0
HBL,2024-07-10,141.49,141.49,137.0,137.96,1934735.0
HBL,2024-07-11,137.9,141.97,134.4,139.95,4112879.0
HBL,2024-07-12,139.99,148.1,137.49,146.63,13200563.0
HBL,2024-07-15,148.0,153.26,148.0,148.77,7829515.0
HBL,2024-07-18,148.9,149.79,146.6,148.14,3008807.0
HBL,2024-07-19,148.25,148.25,140.1,141.7,4105210.0
HBL,2024-07-22,141.64,144.25,137.5,142.43,5099615.0
HBL,2024-07-23,143.48,145.0,140.1,141.31,2318442.0
HBL,2024-07-24,141.6,143.39,141.0,141.49,988990.0
HBL,2024-07-25,142.0,142.0,138.5,139.74,2704698.0
HBL,2024-07-26,139.7,139.7,136.0,136.92,675443.0
HBL,2024-07-29,135.79,138.69,135.55,136.11,1836143.0
HBL,2024-07-30,137.98,138.8,133.12,133.63,1604367.0
HBL,2024-07-31,133.63,136.9,130.3,131.86,2350522.0
HBL,2024-08-01,131.86,133.68,131.0,133.24,1582379.0
HBL,2024-08-02,134.5,137.5,132.0,135.88,4088836.0
HBL,2024-08-05,135.0,135.5,130.53,131.58,1826989.0
HBL,2024-08-06,132.87,135.2,131.11,132.49,2048309.0
HBL,2024-08-07,131.17,134.95,131.17,134.1,1305601.0
HBL,2024-08-08,133.85,136.74,132.6,136.21,3188687.0
HBL,2024-08-09,136.25,138.0,135.12,137.86,1073467.0
HBL,2024-08-12,136.14,138.3,136.14,137.42,643068.0
HBL,2024-08-13,137.0,137.9,135.61,137.0,479120.0
HBL,2024-08-15,137.0,138.95,136.0,137.97,428031.0
HBL,2024-08-16,138.48,138.94,136.52,137.37,181836.0
HBL,2024-08-19,137.45,138.0,134.6,137.34,702144.0
HBL,2024-08-20,137.99,138.0,136.01,136.91,186616.0
HBL,2024-08-21,136.95,137.48,135.05,135.99,403561.0
HBL,2024-08-22,136.0,136.0,132.51,133.9,842193.0
HBL,2024-08-23,134.6,134.6,133.0,134.07,515666.0
HBL,2024-08-26,134.12,134.95,128.5,129.07,3044515.0
HBL,2024-08-27,129.01,129.98,127.9,128.48,635725.0
HBL,2024-08-28,129.0,129.0,126.5,127.92,514558.0
HBL,2024-08-29,128.0,128.98,126.0,127.04,1469353.0
HBL,2024-08-30,126.78,128.8,124.6,125.42,2262774.0
HBL,2024-09-02,125.55,129.1,121.99,123.23,4119350.0
HBL,2024-09-03,119.5,120.0,118.5,119.58,1820294.0
HBL,2024-09-04,120.0,120.65,119.4,119.96,471361.0
HBL,2024-09-05,120.45,120.45,118.0,118.53,1560409.0
HBL,2024-09-06,118.5,119.95,118.03,119.5,985098.0
HBL,2024-09-09,119.9,119.9,116.0,116.63,1674924.0
HBL,2024-09-10,116.1,120.4,116.1,119.74,2113941.0
HBL,2024-09-11,119.49,119.5,116.06,117.02,1837630.0
HBL,2024-09-12,117.25,117.4,115.0,116.43,1187511.0
HBL,2024-09-13,117.0,117.48,114.8,115.5,745390.0
HBL,2024-09-16,114.9,116.45,114.55,116.0,238665.0
HBL,2024-09-18,115.55,116.9,115.55,116.26,904474.0
HBL,2024-09-19,116.7,122.1,116.01,119.67,3631265.0
HBL,2024-09-20,119.25,129.97,119.25,127.85,16166846.0
HBL,2024-09-23,128.0,129.38,126.41,128.31,6578961.0
HBL,2024-09-24,128.95,129.4,126.28,128.43,4258144.0
HBL,2024-09-25,128.99,130.2,127.05,129.45,3701632.0
HBL,2024-09-26,130.0,132.4,128.15,128.8,4352809.0
HBL,2024-09-27,128.0,129.65,127.6,127.86,2536054.0
HBL,2024-09-30,128.5,128.89,123.6,127.04,2427707.0
HBL,2024-10-01,127.01,128.87,124.1,124.94,1360816.0
HBL,2024-10-02,124.75,127.0,123.1,126.62,4590754.0
HBL,2024-10-03,126.05,129.8,125.57,128.19,7029524.0
HBL,2024-10-04,128.27,131.25,127.6,129.44,2129048.0
HBL,2024-10-07,129.0,129.81,128.25,129.1,2489854.0
HBL,2024-10-08,128.75,140.6,128.75,137.75,10525888.0
HBL,2024-10-09,140.11,144.0,139.0,140.23,5628651.0
HBL,2024-10-10,140.94,140.94,136.66,137.64,2862475.0
HBL,2024-10-11,137.5,138.9,134.79,136.05,4278696.0
HBL,2024-10-14,136.8,137.0,135.0,135.37,1370755.0
HBL,2024-10-15,135.25,137.98,134.61,137.25,674825.0
HBL,2024-10-16,137.95,139.5,134.01,134.84,2452858.0
HBL,2024-10-17,135.75,135.75,132.25,134.08,1650771.0
HBL,2024-10-18,132.26,134.95,131.6,134.02,1812545.0
HBL,2024-10-21,134.02,135.48,133.5,135.22,1067275.0
HBL,2024-10-22,135.2,138.0,135.11,135.28,1433632.0
HBL,2024-10-23,135.92,139.32,134.5,138.74,3975976.0
HBL,2024-10-24,136.97,139.89,135.0,138.25,4238144.0
HBL,2024-10-25,137.15,139.74,137.15,138.77,3277897.0
HBL,2024-10-28,138.5,141.5,138.5,139.86,3452345.0
HBL,2024-10-29,139.4,141.85,139.01,139.77,1472662.0
HBL,2024-10-30,140.0,140.5,136.1,136.98,619331.0
HBL,2024-10-31,137.0,137.0,130.0,130.75,3432757.0
HBL,2024-11-01,130.49,134.9,130.05,133.93,942345.0
HBL,2024-11-04,133.9,134.99,131.5,132.02,443202.0
HBL,2024-11-05,131.51,131.51,129.76,130.44,702163.0
HBL,2024-11-06,130.44,132.01,129.51,131.42,518233.0
HBL,2024-11-07,131.75,132.4,129.0,129.58,1417473.0
HBL,2024-11-08,129.51,130.94,128.46,128.95,1166098.0
HBL,2024-11-11,130.94,130.94,127.01,127.44,1128150.0
HBL,2024-11-12,128.0,128.0,125.0,125.49,1043642.0
HBL,2024-11-13,125.5,125.9,124.4,125.35,1150637.0
HBL,2024-11-14,125.5,130.99,125.25,130.53,2093410.0
HBL,2024-11-15,131.0,135.0,131.0,133.87,2916396.0
HBL,2024-11-18,134.2,139.6,132.05,138.35,2788981.0
HBL,2024-11-19,138.75,141.0,137.6,138.27,1966284.0
HBL,2024-11-20,138.5,140.98,133.51,134.09,4070058.0
HBL,2024-11-21,134.1,135.9,133.51,134.9,2979799.0
HBL,2024-11-22,135.5,148.39,135.5,144.7,19337975.0
HBL,2024-11-25,145.2,154.69,145.0,147.18,8325904.0
HBL,2024-11-26,147.74,161.9,144.1,154.51,15664430.0
HBL,2024-11-27,159.97,169.96,158.5,169.96,16437727.0
HBL,2024-11-28,175.26,182.4,171.75,177.44,9935745.0
HBL,2024-11-29,178.0,182.9,172.5,181.0,4003513.0
HBL,2024-12-02,182.35,184.79,177.75,182.44,3552010.0
HBL,2024-12-03,182.45,182.45,175.11,178.24,3401122.0
HBL,2024-12-04,178.16,179.0,172.8,173.77,4623087.0
HBL,2024-12-05,173.8,176.9,170.87,174.52,5266009.0
HBL,2024-12-06,175.0,177.25,173.05,174.16,3748921.0
HBL,2024-12-09,170.01,171.98,166.24,167.12,3592330.0
HBL,2024-12-10,167.0,168.45,161.44,163.8,3169807.0
HBL,2024-12-11,163.6,166.45,161.1,164.14,1676345.0
HBL,2024-12-12,164.0,170.0,164.0,169.41,3035039.0
HBL,2024-12-13,169.0,169.4,160.62,162.03,2530295.0
HBL,2024-12-16,162.0,162.75,158.55,159.63,4109609.0
HBL,2024-12-17,158.06,167.1,157.71,163.55,3255283.0
HBL,2024-12-18,167.0,167.1,160.01,161.72,1767041.0
HBL,2024-12-19,161.72,163.1,152.5,154.49,2194124.0
HBL,2024-12-20,153.11,157.0,153.0,156.55,1293668.0
HBL,2024-12-23,157.99,162.0,157.2,160.2,1939151.0
HBL,2024-12-24,160.43,162.51,157.75,158.28,1415722.0
HBL,2024-12-26,158.3,158.3,154.01,156.85,1519902.0
HBL,2024-12-27,156.5,157.69,155.0,156.18,1197397.0
HBL,2024-12-30,159.09,171.8,157.12,171.5,7671167.0
HBL,2024-12-31,173.11,178.5,168.96,174.46,7407018.0
HBL,2025-01-01,174.95,175.5,172.55,174.03,1804563.0
HBL,2025-01-02,174.0,179.95,174.0,177.02,4388527.0
HBL,2025-01-03,177.76,182.5,174.0,181.5,4584507.0
HBL,2025-01-06,182.9,182.9,176.5,180.05,4291933.0
HBL,2025-01-07,180.11,181.75,171.1,176.61,2682335.0
HBL,2025-01-08,176.8,178.5,171.5,173.05,673197.0
HBL,2025-01-09,172.1,176.0,170.5,174.15,1870419.0
HBL,2025-01-10,174.48,174.48,171.51,172.22,543986.0
HBL,2025-01-13,173.11,174.0,172.0,173.11,832354.0
HBL,2025-01-14,173.93,173.95,171.26,171.87,812561.0
HBL,2025-01-15,173.3,174.8,171.5,171.7,1548222.0
HBL,2025-01-16,172.95,173.48,171.01,172.35,1232646.0
HBL,2025-01-17,173.0,174.0,171.51,173.19,1706111.0
HBL,2025-01-20,172.9,175.25,172.1,173.25,1662367.0
HBL,2025-01-21,175.9,176.5,173.25,173.87,2763327.0
HBL,2025-01-22,173.87,175.05,171.6,172.23,3466260.0
HBL,2025-01-23,173.39,173.39,171.5,171.65,713488.0
HBL,2025-01-24,172.7,176.4,171.75,174.51,3353657.0
HBL,2025-01-27,174.52,176.1,173.6,174.3,2683010.0
HBL,2025-01-28,175.38,175.88,172.7,174.67,2280815.0
HBL,2025-01-29,175.9,175.9,172.05,173.72,1520016.0
HBL,2025-01-30,173.0,175.4,173.0,173.75,1126862.0
HBL,2025-01-31,173.17,179.4,173.0,175.99,2648935.0
HBL,2025-02-03,176.0,177.0,172.0,172.35,1015872.0
HBL,2025-02-04,173.0,173.49,169.05,169.54,1734368.0
HBL,2025-02-06,170.0,171.0,163.2,164.77,2172957.0
HBL,2025-02-07,165.0,168.49,163.2,164.14,1574322.0
HBL,2025-02-10,164.05,168.0,160.1,166.12,516169.0
HBL,2025-02-11,167.0,168.95,164.25,165.53,493311.0
HBL,2025-02-12,165.5,167.86,162.84,163.42,866334.0
HBL,2025-02-13,163.05,164.89,162.52,163.26,313059.0
HBL,2025-02-14,164.47,164.5,162.0,162.52,313820.0
HBL,2025-02-17,162.52,163.98,160.52,162.81,246520.0
HBL,2025-02-18,163.85,165.3,162.5,164.91,410196.0
HBL,2025-02-19,165.79,167.0,162.05,162.46,1208852.0
HBL,2025-02-20,162.72,162.72,159.11,160.43,898037.0
HBL,2025-02-21,160.7,161.97,157.5,158.2,468454.0
HBL,2025-02-24,158.5,158.5,149.6,154.38,7249879.0
HBL,2025-02-25,157.0,160.0,154.2,155.73,2334637.0
HBL,2025-02-26,155.01,156.39,152.9,153.74,808789.0
HBL,2025-02-27,153.5,154.4,150.31,151.69,670014.0
HBL,2025-02-28,153.0,153.45,151.53,152.47,1146474.0
HBL,2025-03-03,152.0,152.9,150.0,151.33,175840.0
HBL,2025-03-04,152.0,153.48,151.0,152.93,217870.0
HBL,2025-03-05,153.0,154.0,151.11,151.67,286992.0
HBL,2025-03-06,152.85,154.0,151.3,153.38,380000.0
HBL,2025-03-07,153.99,154.6,153.17,153.99,213958.0
HBL,2025-03-10,154.98,158.5,153.74,157.42,1360061.0
HBL,2025-03-11,158.0,158.99,155.01,155.65,785703.0
HBL,2025-03-12,155.65,157.99,155.55,156.35,766770.0
HBL,2025-03-13,156.88,160.75,156.5,157.36,1196969.0
HBL,2025-03-14,157.99,158.88,156.71,157.4,381403.0
HBL,2025-03-17,153.0,153.9,152.1,152.49,1343015.0
HBL,2025-03-18,152.5,153.9,152.5,153.38,1060902.0
HBL,2025-03-19,153.7,155.0,153.0,154.02,1120793.0
HBL,2025-03-20,154.11,155.0,153.88,154.03,1916112.0
HBL,2025-03-21,155.2,155.6,152.05,152.34,1177327.0
HBL,2025-03-24,154.4,154.4,151.0,151.46,191587.0
HBL,2025-03-25,151.02,154.1,151.0,151.6,818442.0
HBL,2025-03-26,153.0,154.5,152.07,152.89,754544.0
HBL,2025-03-27,153.97,154.0,152.5,152.79,568480.0
HBL,2025-04-03,153.48,154.9,152.08,153.7,1200284.0
HBL,2025-04-04,154.48,162.5,154.0,158.24,5435627.0
HBL,2025-04-07,155.51,158.0,143.11,152.01,1971965.0
HBL,2025-04-08,154.0,154.5,150.02,151.15,2340621.0
HBL,2025-04-09,150.9,152.5,148.75,150.25,987736.0
HBL,2025-04-10,153.95,153.95,150.67,151.04,2934385.0
HBL,2025-04-11,152.0,152.0,149.11,149.99,716336.0
HBL,2025-04-14,150.0,154.0,150.0,152.3,1745894.0
HBL,2025-04-15,153.9,154.6,152.05,152.48,1781141.0
HBL,2025-04-16,152.55,153.5,150.5,151.34,1080459.0
HBL,2025-04-17,151.0,152.99,150.99,152.18,916312.0
HBL,2025-04-18,152.52,153.4,142.9,146.66,9362714.0
HBL,2025-04-21,146.9,147.63,143.89,144.11,3660704.0
HBL,2025-04-22,144.9,145.89,143.36,144.19,1889245.0
HBL,2025-04-23,143.55,144.0,139.61,140.71,4346336.0
HBL,2025-04-24,139.0,139.48,137.75,138.22,1647520.0
HBL,2025-04-25,139.41,148.5,138.1,147.79,6914449.0
HBL,2025-04-28,151.64,154.99,149.5,150.6,5938523.0
HBL,2025-04-29,150.1,153.2,148.8,152.36,3484079.0
HBL,2025-04-30,151.9,151.9,146.88,147.34,3494774.0
HBL,2025-05-02,148.99,154.5,148.99,153.98,4361232.0
HBL,2025-05-05,150.0,150.0,147.1,147.38,1110494.0
HBL,2025-05-06,146.99,148.8,144.1,145.01,1129102.0
HBL,2025-05-07,140.0,143.5,139.0,140.49,1583584.0
HBL,2025-05-08,141.79,143.45,127.52,129.94,2473224.0
HBL,2025-05-09,131.0,140.5,130.5,139.99,1956686.0
HBL,2025-05-12,153.99,153.99,149.0,153.99,3231472.0
HBL,2025-05-13,155.0,159.25,154.0,158.05,10567032.0
HBL,2025-05-14,159.0,159.8,155.25,156.07,4540806.0
HBL,2025-05-15,156.0,159.25,155.1,157.5,2983095.0
HBL,2025-05-16,156.03,158.5,156.03,157.91,1867791.0
HBL,2025-05-19,158.01,158.99,156.5,158.51,1438626.0
HBL,2025-05-20,158.51,158.51,154.0,154.81,1100499.0
HBL,2025-05-21,155.0,157.75,152.17,156.91,3248216.0
HBL,2025-05-22,157.95,158.0,155.01,155.45,1288445.0
HBL,2025-05-23,155.05,155.94,153.99,154.09,487379.0
HBL,2025-05-26,155.5,156.59,152.8,152.92,777098.0
HBL,2025-05-27,154.6,154.65,152.53,153.73,168651.0
HBL,2025-05-29,154.85,155.5,153.1,153.8,267857.0
HBL,2025-05-30,154.01,155.49,152.7,153.32,452399.0
HBL,2025-06-02,153.89,156.5,153.0,153.24,672839.0
HBL,2025-06-03,154.0,163.0,154.0,161.19,5945782.0
HBL,2025-06-04,162.05,165.9,160.51,164.08,4475040.0
HBL,2025-06-05,163.99,164.89,160.49,161.46,964278.0
HBL,2025-06-10,163.4,164.3,161.32,162.94,774292.0
HBL,2025-06-11,165.0,166.89,164.0,165.16,1938183.0
HBL,2025-06-12,165.0,169.8,164.5,165.67,3992975.0
HBL,2025-06-13,164.01,164.88,161.5,162.57,1918468.0
HBL,2025-06-16,161.22,163.95,161.22,163.42,949307.0
HBL,2025-06-17,164.8,168.25,163.5,166.77,5191778.0
HBL,2025-06-18,166.75,168.95,164.01,165.19,1827120.0
HBL,2025-06-19,165.9,168.75,165.11,166.09,1011245.0
HBL,2025-06-20,166.5,167.5,165.6,166.3,532303.0
HBL,2025-06-23,165.0,165.8,160.05,161.59,816594.0
HBL,2025-06-24,166.0,169.0,165.0,168.49,2138870.0
HBL,2025-06-25,167.0,175.5,167.0,173.6,5944985.0
HBL,2025-06-26,173.6,174.0,169.0,169.1,2044629.0
HBL,2025-06-27,169.99,176.8,169.99,173.12,3202967.0
HBL,2025-06-30,174.0,179.99,173.5,179.19,3441747.0
HBL,2025-07-01,180.0,184.8,179.2,183.79,7442615.0
HBL,2025-07-02,184.5,192.5,184.45,189.2,6603701.0
HBL,2025-07-03,189.0,189.94,184.0,186.36,2102504.0
HBL,2025-07-04,185.8,197.51,184.3,196.71,4952704.0
HBL,2025-07-07,199.0,208.75,197.6,203.92,6311350.0
HBL,2025-07-08,205.0,206.79,202.11,203.84,1801109.0
HBL,2025-07-09,203.7,203.89,200.1,200.83,1434607.0
HBL,2025-07-10,200.83,205.0,200.01,204.27,2490100.0
HBL,2025-07-11,204.3,205.65,200.25,201.77,2145453.0
HBL,2025-07-14,202.5,221.95,201.8,220.79,8673875.0
HBL,2025-07-15,221.0,232.7,216.0,217.98,11574070.0
HBL,2025-07-16,217.98,220.49,214.0,216.17,3070646.0
HBL,2025-07-17,216.25,226.0,215.0,223.45,3176593.0
HBL,2025-07-18,223.45,226.0,220.0,222.42,2610289.0
HBL,2025-07-21,223.8,234.0,223.5,227.16,5321459.0
HBL,2025-07-22,227.59,239.49,227.59,237.2,10906148.0
HBL,2025-07-23,238.51,240.0,233.7,234.27,3665011.0
HBL,2025-07-24,234.0,235.5,226.11,228.02,2710121.0
HBL,2025-07-25,227.9,228.94,224.0,226.49,3281185.0
HBL,2025-07-28,226.0,227.0,219.52,223.2,2250610.0
HBL,2025-07-29,223.2,225.05,214.0,216.29,1463605.0
HBL,2025-07-30,216.6,225.5,216.36,223.23,2784711.0
HBL,2025-07-31,225.5,229.4,219.91,221.94,6469386.0
HBL,2025-08-01,222.0,234.0,220.5,231.37,6775996.0
HBL,2025-08-04,233.0,244.44,233.0,238.04,9247674.0
HBL,2025-08-05,235.98,239.5,234.99,236.97,2808951.0
HBL,2025-08-06,238.02,260.67,238.02,259.98,14442976.0
HBL,2025-08-07,262.01,274.9,260.52,267.41,10786603.0
HBL,2025-08-08,266.0,266.0,259.1,261.33,3172573.0
HBL,2025-08-11,261.0,267.5,261.0,265.65,3749318.0
HBL,2025-08-12,267.5,274.0,266.0,271.06,4502657.0
HBL,2025-08-13,272.49,279.49,270.25,275.76,3301172.0
LUCK,2000-08-15,11.5,11.7,10.7,10.8,2996500.0
LUCK,2000-08-16,10.8,10.85,10.1,10.35,1235500.0
LUCK,2000-08-17,10.35,10.7,10.15,10.25,744500.0
LUCK,2000-08-18,10.25,10.3,9.75,9.9,1239000.0
LUCK,2000-08-21,9.9,10.0,9.5,9.6,594500.0
LUCK,2000-08-22,9.6,9.95,9.6,9.85,829000.0
LUCK,2000-08-23,9.85,10.25,9.65,9.7,1364500.0
LUCK,2000-08-24,9.7,9.85,9.55,9.6,344500.0
LUCK,2000-08-25,9.6,9.65,8.85,8.9,846000.0
LUCK,2000-08-28,8.9,9.4,8.65,9.25,1219000.0
LUCK,2000-08-29,9.25,9.65,9.3,9.45,1050000.0
LUCK,2000-08-30,9.45,9.55,9.25,9.4,568500.0
LUCK,2000-08-31,9.4,9.4,9.25,9.3,330000.0
LUCK,2000-09-01,9.3,9.35,8.95,9.0,732500.0
LUCK,2000-09-04,9.0,9.35,9.05,9.3,408500.0
LUCK,2000-09-05,9.3,9.35,9.1,9.15,776000.0
LUCK,2000-09-06,9.15,10.0,9.5,9.7,2997500.0
LUCK,2000-09-07,9.7,9.8,9.4,9.6,976500.0
LUCK,2000-09-08,9.6,9.65,9.4,9.45,432500.0
LUCK,2000-09-11,9.45,10.2,9.65,9.95,2289500.0
LUCK,2000-09-12,9.95,10.05,9.8,9.95,564000.0
LUCK,2000-09-13,9.95,10.0,9.7,9.7,387500.0
LUCK,2000-09-14,9.7,9.75,9.6,9.7,196000.0
LUCK,2000-09-15,9.7,9.7,9.45,9.6,366500.0
LUCK,2000-09-18,9.6,9.6,9.4,9.45,93500.0
LUCK,2000-09-19,9.45,9.5,9.4,9.5,210000.0
LUCK,2000-09-20,9.5,9.45,9.3,9.4,166500.0
LUCK,2000-09-21,9.4,9.55,9.25,9.45,825000.0
LUCK,2000-09-22,9.45,9.6,9.3,9.4,490000.0
LUCK,2000-09-25,9.4,9.65,9.25,9.35,677500.0
LUCK,2000-09-26,9.35,9.65,9.2,9.5,825000.0
LUCK,2000-09-27,9.5,9.6,9.2,9.25,1280500.0
LUCK,2000-09-28,9.25,9.25,9.0,9.2,547000.0
LUCK,2000-09-29,9.2,9.25,9.0,9.05,405500.0
LUCK,2000-10-02,9.05,9.2,9.1,9.15,181000.0
LUCK,2000-10-03,9.15,9.3,9.05,9.15,339500.0
LUCK,2000-10-04,9.15,9.2,9.0,9.1,104500.0
LUCK,2000-10-05,9.1,9.1,9.0,9.0,138000.0
LUCK,2000-10-06,9.0,8.95,8.7,8.9,182500.0
LUCK,2000-10-09,8.9,9.15,8.9,9.05,123000.0
LUCK,2000-10-10,9.05,9.05,8.85,8.95,41000.0
LUCK,2000-10-11,8.95,8.85,8.75,8.8,74500.0
LUCK,2000-10-12,8.8,8.85,8.6,8.7,77000.0
LUCK,2000-10-13,8.7,8.7,8.25,8.25,335500.0
LUCK,2000-10-16,8.25,8.4,8.25,8.4,163000.0
LUCK,2000-10-17,8.4,8.4,8.25,8.4,53000.0
LUCK,2000-10-18,8.4,8.3,7.95,8.15,131000.0
LUCK,2000-10-19,8.15,8.2,7.9,8.05,86000.0
LUCK,2000-10-20,8.05,7.95,7.6,7.7,115500.0
LUCK,2000-10-23,7.7,8.0,7.75,7.95,81500.0
LUCK,2000-10-24,7.95,7.95,7.75,7.9,65000.0
LUCK,2000-10-25,7.9,7.85,7.7,7.75,58500.0
LUCK,2000-10-26,7.75,7.7,7.0,7.3,236500.0
LUCK,2000-10-27,7.3,7.4,7.1,7.1,102000.0
LUCK,2000-10-30,7.1,7.35,6.95,6.95,161000.0
LUCK,2000-10-31,6.95,7.5,6.85,7.3,288000.0
LUCK,2000-11-01,7.3,7.35,7.2,7.25,142000.0
LUCK,2000-11-02,7.25,7.3,7.2,7.25,114500.0
LUCK,2000-11-03,7.25,7.7,7.15,7.65,569000.0
LUCK,2000-11-06,7.65,7.85,7.5,7.7,282500.0
LUCK,2000-11-07,7.7,7.75,7.55,7.6,106000.0
LUCK,2000-11-08,7.6,7.6,7.4,7.5,125000.0
LUCK,2000-11-10,7.5,7.45,7.25,7.3,123000.0
LUCK,2000-11-13,7.3,7.55,7.25,7.45,265500.0
LUCK,2000-11-14,7.45,7.6,7.45,7.6,134000.0
LUCK,2000-11-15,7.6,7.6,7.35,7.35,24500.0
LUCK,2000-11-16,7.35,7.45,7.15,7.3,126500.0
LUCK,2000-11-17,7.3,7.55,7.3,7.5,341500.0
LUCK,2000-11-20,7.5,7.65,7.0,7.0,223500.0
LUCK,2000-11-21,7.0,7.7,6.7,7.55,611500.0
LUCK,2000-11-22,7.55,7.85,7.55,7.6,510500.0
LUCK,2000-11-23,7.6,7.7,7.3,7.3,175500.0
LUCK,2000-11-24,7.3,7.4,7.1,7.2,205500.0
LUCK,2000-11-27,7.2,7.25,7.1,7.25,33500.0
LUCK,2000-11-28,7.25,7.2,7.1,7.2,36000.0
LUCK,2000-11-29,7.2,7.3,6.9,7.05,235000.0
LUCK,2000-11-30,7.05,7.0,6.9,6.9,120000.0
LUCK,2000-12-02,6.9,7.05,6.85,6.95,45500.0
LUCK,2000-12-04,6.95,7.2,6.85,7.0,186000.0
LUCK,2000-12-05,7.0,7.45,7.1,7.1,325000.0
LUCK,2000-12-06,7.1,7.2,7.05,7.1,67000.0
LUCK,2000-12-07,7.1,7.15,7.05,7.1,73500.0
LUCK,2000-12-09,7.1,7.35,7.15,7.35,83000.0
LUCK,2000-12-11,7.35,7.8,7.35,7.6,451500.0
LUCK,2000-12-12,7.6,7.65,7.35,7.45,119000.0
LUCK,2000-12-13,7.45,7.45,7.25,7.25,132500.0
LUCK,2000-12-14,7.25,7.3,7.15,7.15,84500.0
LUCK,2000-12-16,7.15,8.15,7.4,8.1,1231000.0
LUCK,2000-12-18,8.1,8.5,8.15,8.2,693000.0
LUCK,2000-12-19,8.2,8.25,8.0,8.15,433500.0
LUCK,2000-12-20,8.15,8.5,8.0,8.3,1247000.0
LUCK,2000-12-21,8.3,8.9,8.25,8.45,1846500.0
LUCK,2000-12-23,8.45,8.7,8.4,8.5,468500.0
LUCK,2000-12-26,8.5,8.55,8.35,8.4,117000.0
LUCK,2001-01-01,8.4,8.25,7.95,8.1,1281000.0
LUCK,2001-01-02,8.1,8.7,8.25,8.45,825000.0
LUCK,2001-01-03,8.45,8.7,8.45,8.6,620000.0
LUCK,2001-01-04,8.6,9.0,8.5,8.5,619500.0
LUCK,2001-01-05,8.5,8.6,8.35,8.4,221500.0
LUCK,2001-01-08,8.4,8.6,8.25,8.25,101500.0
LUCK,2001-01-09,8.25,8.4,8.1,8.25,186000.0
LUCK,2001-01-10,8.25,8.3,8.05,8.15,93000.0
LUCK,2001-01-11,8.15,8.1,7.7,7.75,116000.0
LUCK,2001-01-12,7.75,7.75,7.4,7.5,496500.0
LUCK,2001-01-15,7.5,7.6,7.4,7.4,74500.0
LUCK,2001-01-16,7.4,7.7,7.55,7.6,134000.0
LUCK,2001-01-17,7.6,7.8,7.45,7.6,355500.0
LUCK,2001-01-18,7.6,7.7,7.35,7.4,176000.0
LUCK,2001-01-19,7.4,7.4,7.25,7.4,154000.0
LUCK,2001-01-22,7.4,7.6,7.4,7.4,205500.0
LUCK,2001-01-23,7.4,7.45,7.4,7.45,249500.0
LUCK,2001-01-24,7.45,7.45,7.4,7.4,71500.0
LUCK,2001-01-25,7.4,7.35,7.1,7.15,59500.0
LUCK,2001-01-26,7.15,7.2,7.0,7.1,117000.0
LUCK,2001-01-29,7.1,7.2,7.0,7.15,35500.0
LUCK,2001-01-30,7.15,7.15,7.0,7.15,44500.0
LUCK,2001-01-31,7.15,7.2,7.1,7.15,43500.0
LUCK,2001-02-01,7.15,7.25,7.15,7.15,79000.0
LUCK,2001-02-02,7.15,7.25,7.1,7.25,55500.0
LUCK,2001-02-06,7.25,7.3,7.25,7.25,21500.0
LUCK,2001-02-07,7.25,7.25,7.15,7.25,19000.0
LUCK,2001-02-08,7.25,7.35,7.2,7.2,22500.0
LUCK,2001-02-09,7.2,7.25,7.1,7.15,34000.0
LUCK,2001-02-12,7.15,7.3,7.05,7.1,91000.0
LUCK,2001-02-13,7.1,7.2,7.05,7.15,70500.0
LUCK,2001-02-14,7.15,7.2,7.1,7.1,30000.0
LUCK,2001-02-15,7.1,7.25,7.0,7.0,118500.0
LUCK,2001-02-16,7.0,7.0,6.75,6.9,183500.0
LUCK,2001-02-19,6.9,7.0,6.85,6.95,31500.0
LUCK,2001-02-20,6.95,6.95,6.8,6.8,55500.0
LUCK,2001-02-21,6.8,6.9,6.7,6.7,62000.0
LUCK,2001-02-22,6.7,6.8,6.55,6.65,181500.0
LUCK,2001-02-23,6.65,6.6,6.45,6.45,87500.0
LUCK,2001-02-26,6.45,6.75,6.5,6.75,121000.0
LUCK,2001-02-27,6.75,7.0,6.8,6.9,153500.0
LUCK,2001-02-28,6.9,7.1,6.9,7.0,181500.0
LUCK,2001-03-01,7.0,7.65,7.0,7.5,544000.0
LUCK,2001-03-02,7.5,7.5,7.25,7.3,254500.0
LUCK,2001-03-09,7.3,7.45,7.2,7.25,28000.0
LUCK,2001-03-12,7.25,7.2,6.95,7.05,44000.0
LUCK,2001-03-13,7.05,7.05,6.9,7.0,155000.0
LUCK,2001-03-14,7.0,7.0,6.95,6.95,39500.0
LUCK,2001-03-15,6.95,7.0,6.8,6.9,53500.0
LUCK,2001-03-16,6.9,7.0,6.9,6.9,16500.0
LUCK,2001-03-19,6.9,6.85,6.8,6.8,36500.0
LUCK,2001-03-20,6.8,6.95,6.7,6.9,174500.0
LUCK,2001-03-21,6.9,6.85,6.7,6.7,51000.0
LUCK,2001-03-22,6.7,6.7,6.4,6.45,89500.0
LUCK,2001-03-26,6.45,6.55,6.35,6.4,43500.0
LUCK,2001-03-27,6.4,6.65,6.45,6.55,65000.0
LUCK,2001-03-28,6.55,6.5,6.45,6.45,26500.0
LUCK,2001-03-29,6.45,6.55,6.2,6.25,50500.0
LUCK,2001-03-30,6.25,6.4,6.2,6.35,81500.0
LUCK,2001-04-02,6.35,6.4,6.35,6.35,25000.0
LUCK,2001-04-03,6.35,6.45,6.35,6.35,35000.0
LUCK,2001-04-06,6.35,6.35,6.2,6.35,80000.0
LUCK,2001-04-09,6.35,6.35,6.25,6.3,44000.0
LUCK,2001-04-10,6.3,6.4,6.25,6.35,81500.0
LUCK,2001-04-11,6.35,6.35,6.15,6.2,174500.0
LUCK,2001-04-12,6.2,6.4,6.1,6.4,129500.0
LUCK,2001-04-13,6.4,7.0,6.3,7.0,196000.0
LUCK,2001-04-16,7.0,6.95,6.7,6.9,126000.0
LUCK,2001-04-17,6.9,6.85,6.75,6.85,34500.0
LUCK,2001-04-18,6.85,6.85,6.8,6.85,32000.0
LUCK,2001-04-19,6.85,7.1,6.8,6.8,264000.0
LUCK,2001-04-20,6.8,6.9,6.75,6.85,58500.0
LUCK,2001-04-23,6.85,6.95,6.9,6.9,48500.0
LUCK,2001-04-24,6.9,6.85,6.65,6.7,62500.0
LUCK,2001-04-25,6.7,6.75,6.6,6.7,27000.0
LUCK,2001-04-26,6.7,6.8,6.65,6.75,70000.0
LUCK,2001-04-27,6.75,6.8,6.6,6.6,32500.0
LUCK,2001-04-30,6.6,6.65,6.55,6.65,52000.0
LUCK,2001-05-02,6.65,7.15,6.7,7.15,399000.0
LUCK,2001-05-03,7.15,7.2,6.95,6.95,122500.0
LUCK,2001-05-04,6.95,6.95,6.85,6.85,125000.0
LUCK,2001-05-07,6.85,7.6,6.75,7.5,1180500.0
LUCK,2001-05-08,7.5,7.55,7.15,7.15,783000.0
LUCK,2001-05-09,7.15,7.2,7.05,7.15,401500.0
LUCK,2001-05-10,7.15,7.3,7.1,7.2,203000.0
LUCK,2001-05-11,7.2,7.2,7.0,7.15,271000.0
LUCK,2001-05-14,7.15,7.15,7.05,7.1,37000.0
LUCK,2001-05-15,7.1,7.1,7.05,7.05,16500.0
LUCK,2001-05-16,7.05,7.25,7.1,7.2,147500.0
LUCK,2001-05-17,7.2,7.2,7.1,7.15,88000.0
LUCK,2001-05-18,7.15,7.3,7.1,7.15,265500.0
LUCK,2001-05-21,7.15,7.15,7.05,7.1,119500.0
LUCK,2001-05-22,7.1,7.1,7.05,7.05,79000.0
LUCK,2001-05-23,7.05,7.1,6.95,6.95,83500.0
LUCK,2001-05-24,6.95,7.15,6.95,7.15,177000.0
LUCK,2001-05-25,7.15,7.1,6.95,6.95,51500.0
LUCK,2001-05-28,6.95,7.1,7.0,7.05,17000.0
LUCK,2001-05-29,7.05,7.1,7.0,7.0,14000.0
LUCK,2001-05-30,7.0,7.15,7.0,7.1,68000.0
LUCK,2001-05-31,7.1,7.45,7.05,7.35,586500.0
LUCK,2001-06-01,7.35,7.4,7.25,7.3,349000.0
LUCK,2001-06-04,7.3,7.85,7.25,7.7,881000.0
LUCK,2001-06-06,7.7,7.75,7.25,7.3,233500.0
LUCK,2001-06-07,7.3,7.4,7.25,7.25,119000.0
LUCK,2001-06-08,7.25,7.35,7.1,7.35,675000.0
LUCK,2001-06-11,7.35,7.55,7.35,7.45,127000.0
LUCK,2001-06-12,7.45,7.6,7.45,7.45,304000.0
LUCK,2001-06-13,7.45,7.5,7.4,7.45,84500.0
LUCK,2001-06-14,7.45,7.5,7.35,7.45,148500.0
LUCK,2001-06-15,7.45,7.7,7.35,7.7,223500.0
LUCK,2001-06-18,7.7,8.05,7.7,7.9,1455000.0
LUCK,2001-06-19,7.9,7.7,7.35,7.4,787000.0
LUCK,2001-06-20,7.4,7.4,7.2,7.35,138000.0
LUCK,2001-06-21,7.35,7.4,7.15,7.2,142500.0
LUCK,2001-06-22,7.2,7.25,6.95,6.95,223500.0
LUCK,2001-06-25,6.95,7.1,6.95,6.95,107000.0
LUCK,2001-06-26,6.95,6.95,6.9,6.95,39000.0
LUCK,2001-06-27,6.95,7.15,6.85,7.0,1675000.0
LUCK,2001-06-28,7.0,7.1,6.95,7.0,581500.0
LUCK,2001-06-29,7.0,7.05,6.75,6.8,79500.0
LUCK,2001-07-03,6.8,6.75,6.6,6.65,34000.0
LUCK,2001-07-04,6.65,6.75,6.6,6.6,54000.0
LUCK,2001-07-05,6.6,6.75,6.25,6.45,70500.0
LUCK,2001-07-06,6.45,6.4,6.2,6.2,110500.0
LUCK,2001-07-09,6.2,6.5,6.3,6.3,82500.0
LUCK,2001-07-10,6.3,6.4,6.25,6.25,70000.0
LUCK,2001-07-11,6.25,6.35,6.15,6.35,27000.0
LUCK,2001-07-12,6.35,6.55,6.2,6.45,85500.0
LUCK,2001-07-13,6.45,6.4,6.2,6.3,79500.0
LUCK,2001-07-16,6.3,6.4,6.3,6.4,34000.0
LUCK,2001-07-17,6.4,6.35,6.15,6.25,59500.0
LUCK,2001-07-18,6.25,6.2,6.15,6.15,69000.0
LUCK,2001-07-19,6.15,6.25,6.15,6.25,49500.0
LUCK,2001-07-20,6.25,6.25,6.05,6.15,51500.0
LUCK,2001-07-23,6.15,6.5,6.05,6.5,224000.0
LUCK,2001-07-24,6.5,6.65,6.4,6.6,150000.0
LUCK,2001-07-25,6.6,6.65,6.45,6.45,145500.0
LUCK,2001-07-26,6.45,6.5,6.4,6.4,78000.0
LUCK,2001-07-27,6.4,6.45,6.4,6.4,64000.0
LUCK,2001-07-30,6.4,6.5,6.4,6.45,79000.0
LUCK,2001-07-31,6.45,6.45,6.3,6.3,61000.0
LUCK,2001-08-01,6.3,6.5,6.35,6.45,63000.0
LUCK,2001-08-02,6.45,6.45,6.35,6.4,39000.0
LUCK,2001-08-03,6.4,6.5,6.35,6.4,51000.0
LUCK,2001-08-06,6.4,6.6,6.4,6.4,59000.0
LUCK,2001-08-07,6.4,6.4,6.3,6.35,67000.0
LUCK,2001-08-08,6.35,6.35,6.25,6.25,15000.0
LUCK,2001-08-09,6.25,6.2,6.15,6.15,17000.0
LUCK,2001-08-10,6.15,6.3,6.05,6.1,50000.0
LUCK,2001-08-13,6.1,6.35,6.25,6.35,41500.0
LUCK,2001-08-15,6.35,6.5,6.35,6.4,177500.0
LUCK,2001-08-16,6.4,6.7,6.5,6.55,180500.0
LUCK,2001-08-17,6.55,6.7,6.35,6.35,83000.0
LUCK,2001-08-20,6.35,6.45,6.3,6.4,22000.0
LUCK,2001-08-21,6.4,6.45,6.3,6.35,50500.0
LUCK,2001-08-22,6.35,6.35,6.15,6.15,59500.0
LUCK,2001-08-23,6.15,6.35,6.15,6.15,202000.0
LUCK,2001-08-24,6.15,6.3,6.15,6.3,14000.0
LUCK,2001-08-27,6.3,6.25,6.15,6.25,1500.0
LUCK,2001-08-28,6.25,6.1,6.05,6.05,32500.0
LUCK,2001-08-29,6.05,6.2,6.05,6.2,4500.0
LUCK,2001-08-30,6.2,6.15,6.15,6.15,2000.0
LUCK,2001-08-31,6.15,6.2,6.1,6.1,218000.0
LUCK,2001-09-03,6.1,6.05,6.0,6.05,11000.0
LUCK,2001-09-04,6.05,6.1,5.95,5.95,13500.0
LUCK,2001-09-05,5.95,6.0,5.9,5.9,23000.0
LUCK,2001-09-06,5.9,5.9,5.85,5.9,15500.0
LUCK,2001-09-07,5.9,5.9,5.8,5.8,12000.0
LUCK,2001-09-10,5.8,5.9,5.75,5.9,27500.0
LUCK,2001-09-11,5.9,5.9,5.35,5.35,220000.0
LUCK,2001-09-12,5.35,5.25,4.95,5.1,81500.0
LUCK,2001-09-13,5.1,5.2,4.9,4.9,96000.0
LUCK,2001-09-14,4.9,4.9,4.4,4.45,129500.0
LUCK,2001-09-24,4.45,4.5,4.25,4.25,750000.0
LUCK,2001-09-25,4.25,4.9,4.05,4.65,244000.0
LUCK,2001-09-26,4.65,4.85,4.45,4.5,221000.0
LUCK,2001-09-27,4.5,4.75,4.55,4.65,165500.0
LUCK,2001-09-28,4.65,4.75,4.5,4.55,817500.0
LUCK,2001-10-01,4.55,4.5,4.35,4.5,5500.0
LUCK,2001-10-02,4.5,4.4,4.3,4.3,159500.0
LUCK,2001-10-03,4.3,4.5,4.1,4.3,83000.0
LUCK,2001-10-04,4.3,4.5,4.3,4.4,18000.0
LUCK,2001-10-05,4.4,5.1,4.4,5.1,345500.0
LUCK,2001-10-09,5.1,5.45,5.0,5.3,138500.0
LUCK,2001-10-10,5.3,5.5,5.25,5.25,59000.0
LUCK,2001-10-11,5.25,5.4,5.25,5.35,31500.0
LUCK,2001-10-12,5.35,5.6,5.4,5.6,86500.0
LUCK,2001-10-15,5.6,6.25,5.75,6.25,256500.0
LUCK,2001-10-16,6.25,6.3,6.0,6.25,183500.0
LUCK,2001-10-17,6.25,6.75,6.2,6.5,338000.0
LUCK,2001-10-18,6.5,6.55,6.2,6.2,133000.0
LUCK,2001-10-19,6.2,6.25,6.1,6.25,31500.0
LUCK,2001-10-22,6.25,7.25,6.35,7.05,811500.0
LUCK,2001-10-23,7.05,7.2,6.8,6.9,449000.0
LUCK,2001-10-24,6.9,7.15,6.8,6.9,420000.0
LUCK,2001-10-25,6.9,7.1,6.8,7.0,503000.0
LUCK,2001-10-26,7.0,7.0,6.85,6.85,63500.0
LUCK,2001-10-29,6.85,7.25,6.9,7.05,288000.0
LUCK,2001-10-30,7.05,7.75,6.9,7.25,1277000.0
LUCK,2001-10-31,7.25,7.6,7.0,7.15,236000.0
LUCK,2001-11-01,7.15,7.15,6.8,6.9,244500.0
LUCK,2001-11-02,6.9,7.0,6.85,6.9,71000.0
LUCK,2001-11-05,6.9,7.0,6.8,6.8,50500.0
LUCK,2001-11-06,6.8,6.8,6.7,6.7,36500.0
LUCK,2001-11-07,6.7,6.8,6.65,6.7,37500.0
LUCK,2001-11-08,6.7,7.3,6.7,7.25,549000.0
LUCK,2001-11-12,7.25,7.4,7.0,7.0,246000.0
LUCK,2001-11-13,7.0,6.9,6.7,6.8,219500.0
LUCK,2001-11-14,6.8,7.65,6.9,7.5,522000.0
LUCK,2001-11-15,7.5,7.85,7.5,7.8,640500.0
LUCK,2001-11-16,7.8,8.3,7.9,8.15,1758500.0
LUCK,2001-11-19,8.15,8.5,7.8,7.85,1074500.0
LUCK,2001-11-20,7.85,8.0,7.5,7.55,196000.0
LUCK,2001-11-21,7.55,8.15,7.5,7.7,915000.0
LUCK,2001-11-22,7.7,7.7,7.5,7.7,193000.0
LUCK,2001-11-24,7.7,8.1,7.8,7.95,398500.0
LUCK,2001-11-26,7.95,8.15,7.8,7.9,286000.0
LUCK,2001-11-27,7.9,7.9,7.75,7.85,100500.0
LUCK,2001-11-28,7.85,8.15,7.9,8.0,756500.0
LUCK,2001-11-29,8.0,7.9,7.65,7.7,439000.0
LUCK,2001-12-01,7.7,7.45,7.35,7.35,973500.0
LUCK,2001-12-03,7.35,7.4,7.15,7.35,320500.0
LUCK,2001-12-04,7.35,7.5,7.35,7.45,194000.0
LUCK,2001-12-05,7.45,7.85,7.5,7.7,470000.0
LUCK,2001-12-06,7.7,8.15,7.85,8.05,1210500.0
LUCK,2001-12-08,8.05,8.4,8.1,8.4,1005500.0
LUCK,2001-12-10,8.4,8.4,8.2,8.3,115000.0
LUCK,2001-12-11,8.3,8.2,8.0,8.1,48000.0
LUCK,2001-12-12,8.1,8.1,7.9,8.1,90500.0
LUCK,2001-12-15,8.1,8.15,7.95,8.1,68500.0
LUCK,2001-12-20,8.1,8.1,7.9,8.0,124500.0
LUCK,2001-12-21,7.25,8.2,7.5,8.05,481000.0
LUCK,2001-12-24,8.05,7.85,7.25,7.4,325000.0
LUCK,2001-12-26,7.4,7.75,7.25,7.5,192000.0
LUCK,2001-12-27,7.5,7.5,6.95,7.0,178500.0
LUCK,2001-12-28,7.0,7.0,6.5,6.85,81500.0
LUCK,2001-12-31,6.85,7.2,6.75,6.9,166000.0
LUCK,2002-01-01,6.9,7.45,7.15,7.45,240500.0
LUCK,2002-01-02,7.45,7.6,7.25,7.4,335500.0
LUCK,2002-01-03,7.4,7.6,7.05,7.55,47500.0
LUCK,2002-01-04,7.55,7.75,7.5,7.7,364000.0
LUCK,2002-01-07,7.7,8.1,7.75,8.0,910000.0
LUCK,2002-01-08,8.0,8.0,7.7,7.85,527500.0
LUCK,2002-01-09,7.85,8.6,7.8,8.5,2273500.0
LUCK,2002-01-10,8.5,8.65,8.3,8.3,1255500.0
LUCK,2002-01-11,8.3,8.4,8.15,8.3,782500.0
LUCK,2002-01-14,8.3,8.8,8.55,8.75,1006000.0
LUCK,2002-01-15,8.75,8.8,8.5,8.5,590500.0
LUCK,2002-01-16,8.5,8.7,8.4,8.6,607000.0
LUCK,2002-01-17,8.6,9.05,8.5,9.0,3619500.0
LUCK,2002-01-18,9.0,9.5,9.1,9.3,2787000.0
LUCK,2002-01-21,9.3,9.55,9.25,9.25,1323500.0
LUCK,2002-01-22,9.25,9.6,9.0,9.2,1613000.0
LUCK,2002-01-23,9.2,9.7,9.25,9.6,1554500.0
LUCK,2002-01-24,9.6,9.75,9.45,9.55,1467000.0
LUCK,2002-01-25,9.55,9.9,9.45,9.75,2155000.0
LUCK,2002-01-28,9.75,10.25,9.75,10.2,2638500.0
LUCK,2002-01-29,10.2,10.65,9.85,10.6,8091500.0
LUCK,2002-01-30,10.6,10.85,10.5,10.55,6852000.0
LUCK,2002-01-31,10.55,11.95,10.8,11.9,17806500.0
LUCK,2002-02-01,11.9,12.55,11.6,12.1,9932500.0
LUCK,2002-02-04,12.1,12.7,11.3,11.3,5117500.0
LUCK,2002-02-06,11.3,11.6,10.6,10.8,4657500.0
LUCK,2002-02-07,10.8,11.7,10.55,11.6,6722500.0
LUCK,2002-02-08,11.6,11.9,11.3,11.4,2779000.0
LUCK,2002-02-11,11.4,12.1,10.85,11.7,4739000.0
LUCK,2002-02-12,11.7,11.85,11.05,11.15,1706500.0
LUCK,2002-02-13,11.15,11.3,10.1,10.3,2380000.0
LUCK,2002-02-14,10.3,10.7,9.6,10.4,2744500.0
LUCK,2002-02-15,10.4,10.95,10.2,10.4,1979500.0
LUCK,2002-02-18,10.4,10.35,9.55,9.7,1309000.0
LUCK,2002-02-19,9.7,11.15,9.7,11.05,5340500.0
LUCK,2002-02-20,11.05,11.35,10.4,10.45,5716500.0
LUCK,2002-02-21,10.45,11.1,10.25,10.75,2622000.0
LUCK,2002-02-26,10.75,10.95,10.25,10.35,419500.0
LUCK,2002-02-27,10.35,10.65,10.2,10.6,813000.0
LUCK,2002-02-28,10.6,10.65,10.25,10.55,393500.0
LUCK,2002-03-01,10.55,11.1,10.5,10.5,2063500.0
LUCK,2002-03-04,10.5,10.95,10.5,10.7,823000.0
LUCK,2002-03-05,10.7,11.05,10.65,10.9,1419000.0
LUCK,2002-03-06,10.9,11.2,10.75,11.15,2396000.0
LUCK,2002-03-07,11.15,11.35,11.0,11.15,2420500.0
LUCK,2002-03-08,11.15,11.3,10.95,11.1,1057000.0
LUCK,2002-03-11,11.1,11.35,11.1,11.2,1536000.0
LUCK,2002-03-12,11.2,11.2,10.95,11.1,772500.0
LUCK,2002-03-13,11.1,11.2,10.55,10.55,845000.0
LUCK,2002-03-14,10.55,10.9,10.6,10.8,472500.0
LUCK,2002-03-15,10.8,10.8,10.35,10.35,544500.0
LUCK,2002-03-18,10.35,10.4,10.0,10.1,518500.0
LUCK,2002-03-19,10.1,10.35,9.9,10.35,352500.0
LUCK,2002-03-20,10.35,10.35,10.15,10.35,173000.0
LUCK,2002-03-21,10.35,10.55,10.05,10.4,875000.0
LUCK,2002-03-22,10.4,10.65,10.3,10.4,338500.0
LUCK,2002-03-26,10.4,10.45,10.2,10.2,565000.0
LUCK,2002-03-27,10.2,10.2,9.95,10.05,533000.0
LUCK,2002-03-28,10.05,10.1,9.85,10.05,252500.0
LUCK,2002-03-29,10.05,10.25,10.0,10.05,279500.0
LUCK,2002-04-01,10.05,10.3,9.8,9.8,327000.0
LUCK,2002-04-02,9.8,10.05,9.85,9.9,116500.0
LUCK,2002-04-03,9.9,10.1,9.75,9.85,280000.0
LUCK,2002-04-04,9.85,10.0,9.75,9.75,229000.0
LUCK,2002-04-05,9.75,9.8,9.7,9.75,138000.0
LUCK,2002-04-08,9.75,9.75,9.65,9.7,61500.0
LUCK,2002-04-09,9.7,9.75,9.5,9.6,52500.0
LUCK,2002-04-10,9.6,9.55,9.15,9.3,167000.0
LUCK,2002-04-11,9.3,9.6,9.3,9.5,179500.0
LUCK,2002-04-12,9.5,9.75,9.5,9.75,137000.0
LUCK,2002-04-15,9.75,10.15,9.8,10.1,507500.0
LUCK,2002-04-16,10.1,10.2,9.95,9.95,237500.0
LUCK,2002-04-17,9.95,10.0,9.7,9.8,181500.0
LUCK,2002-04-18,9.8,9.8,9.6,9.8,73500.0
LUCK,2002-04-19,9.8,9.85,9.6,9.75,13500.0
LUCK,2002-04-22,9.75,9.6,9.4,9.5,72500.0
LUCK,2002-04-23,9.5,9.75,9.55,9.6,232000.0
LUCK,2002-04-24,9.6,10.0,9.65,9.9,338000.0
LUCK,2002-04-25,9.9,10.05,9.7,9.9,114500.0
LUCK,2002-04-26,9.9,9.85,9.55,9.85,95500.0
LUCK,2002-04-29,9.85,10.1,9.85,9.95,295500.0
LUCK,2002-04-30,9.95,10.1,9.85,9.9,356000.0
LUCK,2002-05-02,9.9,10.05,9.8,9.9,1982500.0
LUCK,2002-05-03,9.9,9.9,9.7,9.7,71000.0
LUCK,2002-05-06,9.7,10.05,9.7,9.85,231000.0
LUCK,2002-05-07,9.85,9.85,9.55,9.6,152000.0
LUCK,2002-05-08,9.6,9.4,8.75,8.95,355500.0
LUCK,2002-05-09,8.95,9.2,8.9,9.15,217000.0
LUCK,2002-05-10,9.15,9.2,8.9,9.05,132000.0
LUCK,2002-05-13,9.05,9.4,8.8,9.0,139500.0
LUCK,2002-05-14,9.0,9.2,8.8,9.0,99500.0
LUCK,2002-05-15,9.0,9.0,8.85,9.0,56500.0
LUCK,2002-05-16,9.0,9.25,8.9,9.0,368000.0
LUCK,2002-05-17,9.0,9.0,8.55,8.95,146500.0
LUCK,2002-05-20,8.95,8.25,7.45,7.45,116500.0
LUCK,2002-05-21,7.45,7.5,6.45,6.95,445500.0
LUCK,2002-05-22,6.95,7.5,6.6,6.9,371500.0
LUCK,2002-05-24,6.9,8.4,7.15,8.4,570500.0
LUCK,2002-05-27,8.4,8.75,7.95,8.2,193500.0
LUCK,2002-05-28,8.2,7.9,7.7,7.7,91000.0
LUCK,2002-05-29,7.7,8.1,7.7,7.8,209000.0
LUCK,2002-05-30,7.8,8.05,7.65,7.65,67500.0
LUCK,2002-05-31,7.65,7.75,7.5,7.55,60000.0
LUCK,2002-06-03,7.55,7.85,7.1,7.25,174500.0
LUCK,2002-06-04,7.25,7.85,7.35,7.6,115000.0
LUCK,2002-06-05,7.6,8.15,7.7,8.15,217500.0
LUCK,2002-06-06,8.15,8.25,7.95,8.05,268000.0
LUCK,2002-06-07,8.05,7.95,7.7,7.85,76500.0
LUCK,2002-06-10,7.85,8.75,8.1,8.7,615000.0
LUCK,2002-06-11,8.7,8.9,8.5,8.65,386500.0
LUCK,2002-06-12,8.65,8.75,8.5,8.6,88000.0
LUCK,2002-06-13,8.6,8.6,8.5,8.55,16500.0
LUCK,2002-06-14,8.55,8.75,8.15,8.4,241000.0
LUCK,2002-06-17,8.4,8.55,8.3,8.35,76000.0
LUCK,2002-06-18,8.35,8.35,8.2,8.3,36500.0
LUCK,2002-06-19,8.3,8.2,8.1,8.1,61000.0
LUCK,2002-06-20,8.1,8.5,8.0,8.45,72500.0
LUCK,2002-06-21,8.45,8.55,8.3,8.3,23000.0
LUCK,2002-06-24,8.3,8.3,8.15,8.3,16000.0
LUCK,2002-06-25,8.3,8.6,8.35,8.35,38000.0
LUCK,2002-06-26,8.35,8.5,8.25,8.35,34500.0
LUCK,2002-06-27,8.35,8.3,8.15,8.3,36000.0
LUCK,2002-06-28,8.3,8.35,8.2,8.2,12500.0
LUCK,2002-07-01,8.2,8.75,8.15,8.7,135500.0
LUCK,2002-07-02,8.7,9.2,8.75,9.1,677500.0
LUCK,2002-07-03,9.1,9.3,8.9,9.05,396500.0
LUCK,2002-07-04,9.05,9.15,8.95,9.05,143500.0
LUCK,2002-07-05,9.05,9.05,8.9,8.9,47500.0
LUCK,2002-07-08,8.9,9.15,8.9,8.95,48000.0
LUCK,2002-07-09,8.95,9.0,8.8,8.8,54000.0
LUCK,2002-07-10,8.8,8.85,8.8,8.8,33000.0
LUCK,2002-07-11,8.8,8.85,8.6,8.8,57500.0
LUCK,2002-07-12,8.8,8.8,8.7,8.7,61500.0
LUCK,2002-07-15,8.7,8.8,8.4,8.6,111000.0
LUCK,2002-07-16,8.6,8.8,8.55,8.55,145000.0
LUCK,2002-07-17,8.55,8.9,8.6,8.75,344000.0
LUCK,2002-07-18,8.75,9.0,8.7,8.9,157500.0
LUCK,2002-07-19,8.9,9.1,8.85,8.85,23500.0
LUCK,2002-07-22,8.85,8.95,8.8,8.9,97000.0
LUCK,2002-07-23,8.9,9.05,8.8,8.8,81500.0
LUCK,2002-07-24,8.8,8.95,8.8,8.9,182500.0
LUCK,2002-07-25,8.9,9.0,8.9,8.95,212500.0
LUCK,2002-07-26,8.95,8.85,8.8,8.8,13500.0
LUCK,2002-07-29,8.8,8.75,8.5,8.6,44500.0
LUCK,2002-07-30,8.6,8.7,8.6,8.6,15500.0
LUCK,2002-07-31,8.6,8.9,8.65,8.7,54500.0
LUCK,2002-08-01,8.7,8.9,8.7,8.7,65500.0
LUCK,2002-08-02,8.7,8.85,8.6,8.6,42500.0
LUCK,2002-08-05,8.6,8.75,8.6,8.6,26000.0
LUCK,2002-08-06,8.6,8.7,8.55,8.7,21000.0
LUCK,2002-08-07,8.7,8.75,8.65,8.7,167500.0
LUCK,2002-08-08,8.7,8.85,8.75,8.75,112500.0
LUCK,2002-08-09,8.75,8.75,8.7,8.75,44000.0
LUCK,2002-08-12,8.75,8.9,8.7,8.75,139500.0
LUCK,2002-08-13,8.75,9.05,8.8,8.95,704000.0
LUCK,2002-08-15,8.95,8.95,8.65,8.65,295500.0
LUCK,2002-08-16,8.65,8.65,8.5,8.55,212500.0
LUCK,2002-08-19,8.55,8.7,8.55,8.6,133500.0
LUCK,2002-08-20,8.6,8.65,8.5,8.6,247500.0
LUCK,2002-08-21,8.6,8.65,8.5,8.55,152500.0
LUCK,2002-08-22,8.55,8.7,8.45,8.6,269500.0
LUCK,2002-08-23,8.6,8.75,8.5,8.55,593500.0
LUCK,2002-08-26,8.55,8.65,8.4,8.55,299000.0
LUCK,2002-08-27,8.55,8.85,8.55,8.7,266500.0
LUCK,2002-08-28,8.7,9.1,8.6,8.95,1334000.0
LUCK,2002-08-29,8.95,9.45,8.75,9.35,1791000.0
LUCK,2002-08-30,9.35,9.7,9.3,9.55,1326500.0
LUCK,2002-09-02,9.55,9.8,9.1,9.3,685000.0
LUCK,2002-09-03,9.3,9.4,9.2,9.3,246500.0
LUCK,2002-09-04,9.3,9.45,9.25,9.25,224000.0
LUCK,2002-09-05,9.25,9.4,9.25,9.3,386000.0
LUCK,2002-09-06,9.3,9.4,9.3,9.35,96500.0
LUCK,2002-09-09,9.35,9.35,9.1,9.2,220500.0
LUCK,2002-09-10,9.2,9.15,8.9,8.9,190000.0
LUCK,2002-09-11,8.9,9.0,8.9,9.0,50500.0
LUCK,2002-09-12,9.0,9.1,8.9,8.9,83000.0
LUCK,2002-09-13,8.9,9.15,8.9,8.9,177000.0
LUCK,2002-09-16,8.9,9.0,8.8,8.8,80000.0
LUCK,2002-09-17,8.8,8.95,8.8,8.9,87500.0
LUCK,2002-09-18,8.9,9.0,8.8,8.95,26000.0
LUCK,2002-09-19,8.95,9.05,8.95,9.0,83500.0
LUCK,2002-09-20,9.0,9.1,8.95,9.05,64000.0
LUCK,2002-09-23,9.05,9.65,9.1,9.6,1077500.0
LUCK,2002-09-24,9.6,9.75,9.5,9.6,909500.0
LUCK,2002-09-25,9.6,9.6,9.25,9.25,335000.0
LUCK,2002-09-26,9.25,9.65,9.3,9.5,2408000.0
LUCK,2002-09-27,9.5,9.7,9.35,9.65,1546500.0
LUCK,2002-09-30,9.65,9.9,9.7,9.75,1060500.0
LUCK,2002-10-01,9.75,10.05,9.7,9.95,1642500.0
LUCK,2002-10-02,9.95,10.05,9.95,10.05,1700000.0
LUCK,2002-10-03,10.05,10.0,9.7,9.75,548000.0
LUCK,2002-10-04,9.75,9.9,9.75,9.8,225000.0
LUCK,2002-10-07,9.8,10.05,9.75,9.95,794500.0
LUCK,2002-10-08,9.95,10.2,9.85,9.9,1439000.0
LUCK,2002-10-09,9.9,10.05,9.85,9.85,239000.0
LUCK,2002-10-11,9.85,9.75,9.35,9.65,185000.0
LUCK,2002-10-14,9.65,9.6,9.35,9.6,141000.0
LUCK,2002-10-15,9.6,9.8,9.7,9.75,105500.0
LUCK,2002-10-16,9.75,10.1,9.7,10.1,524000.0
LUCK,2002-10-17,10.1,10.3,10.1,10.25,625000.0
LUCK,2002-10-18,10.25,10.45,10.15,10.2,526000.0
LUCK,2002-10-21,10.2,10.55,10.15,10.4,558500.0
LUCK,2002-10-22,9.65,10.05,9.7,9.8,399500.0
LUCK,2002-10-23,9.8,10.1,9.9,9.95,871000.0
LUCK,2002-10-24,9.95,10.2,9.95,10.05,550000.0
LUCK,2002-10-25,10.05,10.25,9.7,9.9,949000.0
LUCK,2002-10-28,9.9,9.9,9.5,9.5,364000.0
LUCK,2002-10-29,9.5,9.6,9.4,9.55,162500.0
LUCK,2002-10-30,9.55,9.6,9.45,9.55,98000.0
LUCK,2002-10-31,9.55,9.9,9.7,9.75,617000.0
LUCK,2002-11-01,9.75,10.1,9.8,10.0,845000.0
LUCK,2002-11-04,10.0,10.45,9.9,10.05,2206500.0
LUCK,2002-11-05,10.05,10.65,10.15,10.45,2290000.0
LUCK,2002-11-06,10.45,10.6,10.0,10.05,663500.0
LUCK,2002-11-07,10.05,10.3,10.0,10.15,201500.0
LUCK,2002-11-08,10.15,10.05,9.9,9.95,198000.0
LUCK,2002-11-11,9.95,10.1,9.8,10.0,330500.0
LUCK,2002-11-12,10.0,10.1,10.0,10.1,1030000.0
LUCK,2002-11-13,10.1,10.2,10.1,10.2,503500.0
LUCK,2002-11-14,10.2,10.4,10.0,10.0,816000.0
LUCK,2002-11-15,10.0,10.05,9.9,10.0,161000.0
LUCK,2002-11-18,10.0,10.1,9.95,9.95,305500.0
LUCK,2002-11-19,9.95,10.2,10.0,10.0,1429000.0
LUCK,2002-11-20,10.0,10.25,10.0,10.25,919500.0
LUCK,2002-11-21,10.25,10.8,10.35,10.55,3048500.0
LUCK,2002-11-22,10.55,11.0,10.45,10.75,2360500.0
LUCK,2002-11-25,10.75,10.8,10.55,10.6,277500.0
LUCK,2002-11-26,10.6,10.55,10.25,10.3,432500.0
LUCK,2002-11-27,10.3,10.25,10.0,10.1,321000.0
LUCK,2002-11-28,10.1,10.05,9.7,9.7,347000.0
LUCK,2002-11-29,9.7,10.05,9.85,10.05,162000.0
LUCK,2002-12-02,10.05,10.2,10.05,10.15,152500.0
LUCK,2002-12-04,10.15,10.4,10.15,10.2,233500.0
LUCK,2002-12-09,10.2,10.5,10.15,10.4,784500.0
LUCK,2002-12-10,10.4,10.8,10.4,10.5,1327000.0
LUCK,2002-12-11,10.5,11.1,10.45,11.05,2806000.0
LUCK,2002-12-12,11.05,11.45,11.1,11.1,4104000.0
LUCK,2002-12-13,11.1,11.25,10.8,10.9,1453500.0
LUCK,2002-12-16,10.9,11.1,10.75,10.85,571000.0
LUCK,2002-12-17,10.85,10.9,10.5,10.75,528000.0
LUCK,2002-12-18,10.75,10.75,10.45,10.6,433000.0
LUCK,2002-12-19,10.6,10.9,10.6,10.6,874000.0
LUCK,2002-12-20,10.6,10.7,10.5,10.5,283000.0
LUCK,2002-12-23,10.5,10.7,10.3,10.35,563500.0
LUCK,2002-12-24,10.35,10.75,10.5,10.7,526500.0
LUCK,2002-12-26,10.7,11.3,10.7,11.2,2494500.0
LUCK,2002-12-27,11.2,11.6,11.05,11.2,1994500.0
LUCK,2002-12-30,11.2,11.5,11.05,11.3,1908000.0
LUCK,2002-12-31,11.3,11.55,11.2,11.2,947500.0
LUCK,2003-01-01,11.2,11.3,10.9,11.0,595000.0
LUCK,2003-01-02,11.0,11.15,10.75,11.0,466000.0
LUCK,2003-01-03,11.0,11.5,11.1,11.5,1425500.0
LUCK,2003-01-06,11.5,11.75,11.4,11.5,1588000.0
LUCK,2003-01-07,11.5,11.55,11.35,11.35,648500.0
LUCK,2003-01-08,11.35,11.45,10.9,11.1,525500.0
LUCK,2003-01-09,11.1,11.15,10.85,11.0,201000.0
LUCK,2003-01-10,11.0,11.4,10.95,11.15,589000.0
LUCK,2003-01-13,11.15,11.3,10.95,11.1,340500.0
LUCK,2003-01-14,11.1,11.2,11.0,11.05,435500.0
LUCK,2003-01-15,11.05,11.55,11.1,11.5,1867000.0
LUCK,2003-01-16,11.5,11.55,11.0,11.2,737500.0
LUCK,2003-01-17,11.2,11.3,10.75,10.95,799000.0
LUCK,2003-01-20,10.95,11.0,10.6,10.75,724500.0
LUCK,2003-01-21,10.75,10.85,10.3,10.4,493000.0
LUCK,2003-01-22,10.4,10.6,10.25,10.35,408500.0
LUCK,2003-01-23,10.35,10.5,9.6,10.0,1139500.0
LUCK,2003-01-24,10.0,9.95,9.25,9.7,693000.0
LUCK,2003-01-27,9.7,10.4,9.85,10.4,355500.0
LUCK,2003-01-28,10.4,10.45,9.95,10.15,290500.0
LUCK,2003-01-29,10.15,10.1,9.5,10.05,288500.0
LUCK,2003-01-30,10.05,10.2,9.95,10.0,71000.0
LUCK,2003-01-31,10.0,9.9,9.5,9.55,230500.0
LUCK,2003-02-03,9.55,9.5,9.15,9.5,140000.0
LUCK,2003-02-04,9.5,9.75,9.25,9.4,116500.0
LUCK,2003-02-06,9.4,9.7,9.3,9.3,40500.0
LUCK,2003-02-07,9.3,9.7,9.35,9.35,36000.0
LUCK,2003-02-10,9.35,9.4,8.75,8.9,279000.0
LUCK,2003-02-17,8.9,9.05,8.7,9.0,200000.0
LUCK,2003-02-18,9.0,9.25,9.0,9.1,154000.0
LUCK,2003-02-19,9.1,9.25,9.0,9.0,103000.0
LUCK,2003-02-20,9.0,9.2,8.9,8.95,52500.0
LUCK,2003-02-21,8.95,9.2,9.0,9.0,47500.0
LUCK,2003-02-24,9.0,8.95,8.8,8.95,16000.0
LUCK,2003-02-25,8.95,8.95,8.7,8.7,49000.0
LUCK,2003-02-26,8.7,8.9,8.5,8.5,86000.0
LUCK,2003-02-27,8.5,8.5,8.3,8.45,14500.0
LUCK,2003-02-28,8.45,8.6,8.45,8.6,38500.0
LUCK,2003-03-03,8.6,9.1,8.75,9.1,123000.0
LUCK,2003-03-04,9.1,9.2,8.5,8.6,59000.0
LUCK,2003-03-05,8.6,8.8,8.6,8.8,10500.0
LUCK,2003-03-06,8.8,8.9,8.7,8.7,36000.0
LUCK,2003-03-07,8.7,8.6,8.4,8.6,30000.0
LUCK,2003-03-10,8.6,8.6,8.45,8.6,10000.0
LUCK,2003-03-11,8.6,8.8,8.65,8.75,92000.0
LUCK,2003-03-12,8.75,9.2,8.85,9.0,303500.0
LUCK,2003-03-17,9.0,9.05,8.75,8.95,100500.0
LUCK,2003-03-18,8.95,9.15,9.0,9.0,197500.0
LUCK,2003-03-19,9.0,9.15,9.0,9.0,192500.0
LUCK,2003-03-20,9.0,9.1,8.9,9.0,52000.0
LUCK,2003-03-21,9.0,9.4,8.9,9.25,384000.0
LUCK,2003-03-24,9.25,9.7,9.15,9.45,337500.0
LUCK,2003-03-25,9.45,9.5,9.35,9.5,51000.0
LUCK,2003-03-26,9.5,9.8,9.5,9.7,209500.0
LUCK,2003-03-27,9.7,9.85,9.7,9.7,157000.0
LUCK,2003-03-28,9.7,10.0,9.7,9.8,371500.0
LUCK,2003-03-31,9.8,10.05,9.75,10.05,302000.0
LUCK,2003-04-01,10.05,10.05,9.6,10.0,271000.0
LUCK,2003-04-02,10.0,10.35,10.05,10.1,425000.0
LUCK,2003-04-03,10.1,9.9,9.75,9.9,175000.0
LUCK,2003-04-04,9.9,10.0,9.95,10.0,128000.0
LUCK,2003-04-07,10.0,10.3,10.1,10.3,155500.0
LUCK,2003-04-08,10.3,10.6,10.25,10.45,489500.0
LUCK,2003-04-09,10.45,10.65,10.35,10.4,377500.0
LUCK,2003-04-10,10.4,10.8,10.35,10.75,236500.0
LUCK,2003-04-11,10.75,11.05,10.7,10.8,412000.0
LUCK,2003-04-14,10.8,11.2,10.75,11.2,513500.0
LUCK,2003-04-15,11.2,11.15,10.8,10.95,227500.0
LUCK,2003-04-16,10.95,11.15,10.85,11.15,259000.0
LUCK,2003-04-17,11.15,11.3,11.0,11.15,735000.0
LUCK,2003-04-18,11.15,11.45,11.0,11.4,627000.0
LUCK,2003-04-21,11.4,11.65,11.15,11.5,1894500.0
LUCK,2003-04-22,11.5,11.6,10.5,10.5,1882000.0
LUCK,2003-04-23,10.5,11.0,10.55,10.8,512000.0
LUCK,2003-04-24,10.8,11.05,10.6,10.65,205000.0
LUCK,2003-04-25,10.65,10.85,10.3,10.55,448500.0
LUCK,2003-04-28,10.55,10.9,10.6,10.7,756000.0
LUCK,2003-04-29,10.7,10.9,10.65,10.8,752500.0
LUCK,2003-04-30,10.8,10.85,10.6,10.7,442000.0
LUCK,2003-05-02,10.7,10.75,10.55,10.75,366000.0
LUCK,2003-05-05,10.75,11.85,10.9,11.85,3993000.0
LUCK,2003-05-06,11.85,12.5,11.8,12.25,9609000.0
LUCK,2003-05-07,12.25,12.75,12.05,12.1,5846000.0
LUCK,2003-05-08,12.1,12.4,11.8,12.0,1277500.0
LUCK,2003-05-09,12.0,13.5,12.1,13.3,21799000.0
LUCK,2003-05-12,13.3,13.7,13.15,13.5,4680500.0
LUCK,2003-05-13,13.5,14.05,13.45,13.65,7699000.0
LUCK,2003-05-14,13.65,13.95,13.45,13.65,2494000.0
LUCK,2003-05-16,13.65,13.7,12.9,13.4,2026000.0
LUCK,2003-05-19,13.4,13.55,12.85,12.9,1402000.0
LUCK,2003-05-20,12.9,13.3,12.7,12.8,3207000.0
LUCK,2003-05-21,12.8,13.65,12.75,13.6,7328000.0
LUCK,2003-05-22,13.6,14.05,13.55,13.75,7726500.0
LUCK,2003-05-23,13.75,14.7,13.8,14.35,20106500.0
LUCK,2003-05-26,14.35,14.75,14.3,14.45,5967500.0
LUCK,2003-05-27,14.45,15.9,14.1,15.35,10813000.0
LUCK,2003-05-28,15.35,15.65,14.35,14.45,6163000.0
LUCK,2003-05-29,14.45,14.7,13.95,14.35,2020500.0
LUCK,2003-05-30,14.35,14.7,13.8,13.9,2118500.0
LUCK,2003-06-02,13.9,14.2,13.75,13.9,1712000.0
LUCK,2003-06-03,13.9,14.4,13.8,14.25,2370500.0
LUCK,2003-06-04,14.25,14.55,14.15,14.3,3025500.0
LUCK,2003-06-05,14.3,14.55,14.15,14.25,2940000.0
LUCK,2003-06-06,14.25,14.95,14.1,14.75,7575000.0
LUCK,2003-06-09,14.75,15.25,14.25,14.95,12220500.0
LUCK,2003-06-10,14.95,15.1,14.6,14.7,3605500.0
LUCK,2003-06-11,14.7,14.85,14.25,14.45,1663000.0
LUCK,2003-06-12,14.45,14.85,14.15,14.75,2612500.0
LUCK,2003-06-13,14.75,16.25,14.8,16.25,23155000.0
LUCK,2003-06-16,16.25,16.55,15.55,15.7,6605500.0
LUCK,2003-06-17,15.7,17.2,15.6,17.15,27710000.0
LUCK,2003-06-18,17.15,17.85,16.8,16.95,14506000.0
LUCK,2003-06-19,16.95,17.15,16.0,16.45,9733500.0
LUCK,2003-06-20,16.45,16.8,16.15,16.3,2939000.0
LUCK,2003-06-23,16.3,17.0,16.3,16.8,8785500.0
LUCK,2003-06-24,16.8,18.25,16.95,17.95,29884500.0
LUCK,2003-06-25,17.95,19.45,17.75,19.45,37321000.0
LUCK,2003-06-26,19.45,20.8,18.45,20.0,32951500.0
LUCK,2003-06-27,20.0,20.35,19.0,19.0,12172500.0
LUCK,2003-06-30,19.0,18.5,18.0,18.05,9889000.0
LUCK,2003-07-01,18.05,18.45,17.55,17.95,11438500.0
LUCK,2003-07-02,17.95,18.0,17.1,17.5,3545500.0
LUCK,2003-07-03,17.5,17.5,16.6,17.15,3973500.0
LUCK,2003-07-04,17.15,17.5,16.8,16.8,1940500.0
LUCK,2003-07-07,16.8,17.65,16.6,17.15,6127500.0
LUCK,2003-07-08,17.15,17.4,16.9,17.05,1401000.0
LUCK,2003-07-09,17.05,18.05,17.05,17.6,13504000.0
LUCK,2003-07-10,17.6,18.0,17.5,17.8,6763500.0
LUCK,2003-07-11,17.8,18.8,18.0,18.6,13904500.0
LUCK,2003-07-14,18.6,20.1,18.75,19.9,28813500.0
LUCK,2003-07-15,19.9,20.15,18.9,18.9,8219500.0
LUCK,2003-07-16,18.9,18.95,17.9,18.85,7481500.0
LUCK,2003-07-17,18.85,20.35,18.7,20.0,30116000.0
LUCK,2003-07-18,20.0,20.85,19.85,20.0,20294000.0
LUCK,2003-07-21,20.0,20.8,19.4,20.4,21394000.0
LUCK,2003-07-22,20.4,20.65,19.75,20.1,11993000.0
LUCK,2003-07-23,20.1,21.6,19.85,21.6,48115500.0
LUCK,2003-07-24,21.6,22.25,21.45,21.5,33332000.0
LUCK,2003-07-25,21.5,21.65,20.85,21.0,9359000.0
LUCK,2003-07-28,21.0,21.65,20.8,21.5,8085500.0
LUCK,2003-07-29,21.5,21.95,21.0,21.15,11480500.0
LUCK,2003-07-30,21.15,21.8,21.25,21.4,6785000.0
LUCK,2003-07-31,21.4,21.85,21.15,21.25,4755000.0
LUCK,2003-08-01,21.25,22.2,20.55,21.4,14077000.0
LUCK,2003-08-04,21.4,22.5,20.8,21.75,17149000.0
LUCK,2003-08-05,21.75,22.35,21.25,21.6,6428500.0
LUCK,2003-08-06,21.6,22.5,21.85,22.3,13326000.0
LUCK,2003-08-07,22.3,23.75,22.7,23.0,24252500.0
LUCK,2003-08-08,23.0,23.7,22.0,22.4,7472000.0
LUCK,2003-08-11,22.4,22.75,21.3,21.4,2421000.0
LUCK,2003-08-12,21.4,22.5,21.35,22.1,5214500.0
LUCK,2003-08-13,22.1,22.7,21.0,21.0,3748000.0
LUCK,2003-08-15,21.0,21.3,19.95,20.35,2828000.0
LUCK,2003-08-18,20.35,21.0,19.6,21.0,1711000.0
LUCK,2003-08-19,21.0,21.6,20.6,21.6,3126000.0
LUCK,2003-08-20,21.6,23.2,21.9,23.2,18343500.0
LUCK,2003-08-21,23.2,24.6,22.5,23.7,23857500.0
LUCK,2003-08-22,23.7,24.65,23.7,23.9,19498500.0
LUCK,2003-08-25,23.9,24.65,23.6,23.65,14675500.0
LUCK,2003-08-26,23.65,24.25,22.85,23.6,10396500.0
LUCK,2003-08-27,23.6,23.95,23.0,23.25,3973000.0
LUCK,2003-08-28,23.25,23.9,22.8,23.45,15771000.0
LUCK,2003-08-29,23.45,23.5,22.5,22.5,4132000.0
LUCK,2003-09-01,22.5,22.7,21.8,22.6,3692500.0
LUCK,2003-09-02,22.6,23.25,22.5,22.95,9076000.0
LUCK,2003-09-03,22.95,23.25,22.35,22.35,10484500.0
LUCK,2003-09-04,22.35,23.55,21.9,22.7,14226500.0
LUCK,2003-09-05,22.7,24.2,22.25,23.95,33157000.0
LUCK,2003-09-08,23.95,25.55,24.25,24.9,52491000.0
LUCK,2003-09-09,24.9,25.3,24.4,24.65,13614000.0
LUCK,2003-09-10,24.65,26.0,24.55,25.95,28340500.0
LUCK,2003-09-11,25.95,26.55,25.0,25.6,33192000.0
LUCK,2003-09-12,25.6,26.45,25.25,25.9,14112500.0
LUCK,2003-09-15,25.9,27.45,25.85,26.2,31565500.0
LUCK,2003-09-16,26.2,26.35,24.9,24.9,13981000.0
LUCK,2003-09-17,24.9,25.75,23.7,23.8,16427000.0
LUCK,2003-09-18,23.8,25.5,24.2,25.35,8832500.0
LUCK,2003-09-19,25.35,25.4,24.1,24.1,5911000.0
LUCK,2003-09-22,24.1,24.1,22.9,22.9,2656500.0
LUCK,2003-09-23,22.9,22.65,21.8,21.8,2556000.0
LUCK,2003-09-24,21.8,22.75,20.75,20.75,4902000.0
LUCK,2003-09-25,20.75,22.3,20.8,22.3,6977500.0
LUCK,2003-09-26,22.3,23.55,21.25,21.8,7283500.0
LUCK,2003-09-29,21.8,22.0,20.75,20.75,4281000.0
LUCK,2003-09-30,20.75,20.8,19.75,20.65,4189500.0
LUCK,2003-10-01,20.65,22.1,20.65,21.75,11287000.0
LUCK,2003-10-02,21.75,23.1,21.7,22.85,13958500.0
LUCK,2003-10-03,22.85,24.25,22.75,24.0,19460000.0
LUCK,2003-10-06,24.0,25.4,24.2,24.65,26009500.0
LUCK,2003-10-07,24.65,24.95,23.6,23.9,9490500.0
LUCK,2003-10-08,23.9,24.55,23.6,23.6,6691000.0
LUCK,2003-10-09,23.6,24.0,22.45,22.45,6550500.0
LUCK,2003-10-10,22.45,23.05,21.35,22.25,11089000.0
LUCK,2003-10-13,22.25,22.9,21.8,21.85,4511500.0
LUCK,2003-10-14,21.85,21.6,20.8,20.8,3617500.0
LUCK,2003-10-15,20.8,21.05,19.8,20.9,3910500.0
LUCK,2003-10-16,20.9,21.4,20.7,21.1,749000.0
LUCK,2003-10-17,21.1,21.55,20.05,20.35,468000.0
LUCK,2003-10-20,20.35,20.7,19.95,20.6,292000.0
LUCK,2003-10-21,20.6,21.2,20.6,20.7,285500.0
LUCK,2003-10-22,20.7,20.5,20.0,20.0,427000.0
LUCK,2003-10-23,19.25,19.4,18.3,18.35,1754500.0
LUCK,2003-10-24,18.35,19.85,17.35,19.85,3647500.0
LUCK,2003-10-27,19.85,21.15,19.3,20.4,4802000.0
LUCK,2003-10-28,20.4,20.8,19.45,19.45,1814500.0
LUCK,2003-10-29,19.45,20.25,18.9,19.2,1911500.0
LUCK,2003-10-30,19.2,19.7,18.2,18.65,2031000.0
LUCK,2003-10-31,18.65,19.3,18.25,18.6,1162000.0
LUCK,2003-11-03,18.6,19.1,18.5,19.0,1328000.0
LUCK,2003-11-04,19.0,20.5,19.2,20.5,3313500.0
LUCK,2003-11-05,20.5,20.9,19.5,19.5,2749000.0
LUCK,2003-11-06,19.5,19.55,18.5,18.95,1305500.0
LUCK,2003-11-07,18.95,19.8,19.05,19.45,1780500.0
LUCK,2003-11-10,19.45,20.1,19.15,19.75,909500.0
LUCK,2003-11-11,19.75,20.5,19.75,20.4,1665000.0
LUCK,2003-11-12,20.4,21.15,20.15,20.95,2818000.0
LUCK,2003-11-13,20.95,21.0,19.95,20.05,1454000.0
LUCK,2003-11-14,20.05,20.05,19.3,19.8,1621500.0
LUCK,2003-11-17,19.8,20.2,19.75,20.0,1205500.0
LUCK,2003-11-18,20.0,20.5,19.85,20.1,1805000.0
LUCK,2003-11-19,20.1,20.85,20.15,20.8,3295000.0
LUCK,2003-11-20,20.8,21.45,20.9,21.4,2954000.0
LUCK,2003-11-21,21.4,22.7,21.3,22.2,5082000.0
LUCK,2003-11-24,22.2,23.2,22.5,23.0,6223500.0
LUCK,2003-11-25,23.0,23.25,22.5,22.85,3092500.0
LUCK,2003-12-01,22.85,24.55,23.1,24.35,9968500.0
LUCK,2003-12-02,24.35,25.1,23.7,24.65,9621500.0
LUCK,2003-12-03,24.65,24.9,23.5,24.0,3011000.0
LUCK,2003-12-04,24.0,23.9,22.8,23.25,2804000.0
LUCK,2003-12-05,23.25,23.45,22.1,22.4,2801500.0
LUCK,2003-12-08,22.4,23.6,22.6,23.0,3120000.0
LUCK,2003-12-09,23.0,24.15,23.0,24.0,6419500.0
LUCK,2003-12-10,24.0,24.8,24.1,24.6,7029000.0
LUCK,2003-12-11,24.6,24.75,23.4,23.4,5228000.0
LUCK,2003-12-12,23.4,24.2,22.75,24.1,10814500.0
LUCK,2003-12-15,24.1,24.35,23.25,23.55,2571000.0
LUCK,2003-12-16,23.55,23.85,22.6,23.05,2462500.0
LUCK,2003-12-17,23.05,23.8,22.8,22.95,2414500.0
LUCK,2003-12-18,22.95,23.95,22.55,23.85,4507500.0
LUCK,2003-12-19,23.85,24.4,23.9,24.2,7312000.0
LUCK,2003-12-22,24.2,25.15,24.4,24.8,17036000.0
LUCK,2003-12-23,24.8,25.55,24.5,25.35,18524000.0
LUCK,2003-12-24,25.35,25.85,25.0,25.65,18315500.0
LUCK,2003-12-26,25.65,25.35,24.5,25.15,8477000.0
LUCK,2003-12-29,25.15,25.8,25.0,25.45,12588000.0
LUCK,2003-12-30,25.45,25.65,24.5,24.6,8040000.0
LUCK,2003-12-31,24.6,25.2,24.5,24.65,8616000.0
LUCK,2004-01-01,24.65,25.35,24.4,24.8,12075500.0
LUCK,2004-01-02,24.8,25.1,24.4,24.6,2866000.0
LUCK,2004-01-05,24.6,25.65,24.8,25.25,19265000.0
LUCK,2004-01-06,25.25,25.6,24.7,25.4,13954500.0
LUCK,2004-01-07,25.4,25.85,25.4,25.6,9054000.0
LUCK,2004-01-08,25.6,25.9,24.5,25.3,9026500.0
LUCK,2004-01-09,25.3,25.5,24.7,25.0,4440500.0
LUCK,2004-01-12,25.0,26.65,25.2,26.45,37285000.0
LUCK,2004-01-13,26.45,26.55,26.05,26.25,8069000.0
LUCK,2004-01-14,26.25,26.85,26.15,26.5,24141000.0
LUCK,2004-01-15,26.5,27.0,26.45,26.55,15076000.0
LUCK,2004-01-16,26.55,26.7,26.3,26.5,5342000.0
LUCK,2004-01-19,26.5,27.3,26.7,26.7,18982500.0
LUCK,2004-01-20,26.7,27.15,26.15,26.95,11169500.0
LUCK,2004-01-21,26.95,27.7,27.1,27.55,18720000.0
LUCK,2004-01-22,27.55,28.25,27.45,27.75,19805500.0
LUCK,2004-01-23,27.75,28.1,27.45,27.85,13825000.0
LUCK,2004-01-26,27.85,27.9,26.8,26.9,4439500.0
LUCK,2004-01-27,26.9,27.45,26.75,27.3,5139500.0
LUCK,2004-01-28,27.3,28.5,27.55,28.2,25170500.0
LUCK,2004-01-29,28.2,28.5,27.8,28.05,8897000.0
LUCK,2004-01-30,28.05,28.25,27.85,27.95,5628000.0
LUCK,2004-02-06,27.95,28.0,27.35,27.65,1777500.0
LUCK,2004-02-09,27.65,27.85,26.5,26.65,3091500.0
LUCK,2004-02-10,26.65,27.65,26.0,27.4,6020500.0
LUCK,2004-02-11,27.4,27.55,26.8,26.9,2619000.0
LUCK,2004-02-12,26.9,26.9,26.0,26.3,2103000.0
LUCK,2004-02-13,26.3,26.45,26.05,26.4,1255500.0
LUCK,2004-02-16,26.4,26.6,25.25,25.7,3147000.0
LUCK,2004-02-17,25.7,25.8,24.75,25.15,2487000.0
LUCK,2004-02-18,25.15,25.35,24.5,25.25,1270500.0
LUCK,2004-02-19,25.25,25.4,24.8,24.8,2519500.0
LUCK,2004-02-20,24.8,25.0,24.0,24.45,3195500.0
LUCK,2004-02-23,24.45,25.2,24.15,24.25,3768500.0
LUCK,2004-02-24,24.25,26.05,24.45,26.05,10963500.0
LUCK,2004-02-25,26.05,27.1,26.2,26.45,11684500.0
LUCK,2004-02-26,26.45,26.6,25.6,25.75,4862000.0
LUCK,2004-02-27,25.75,26.05,25.45,25.8,2232000.0
LUCK,2004-03-03,25.8,26.25,25.55,25.75,2278000.0
LUCK,2004-03-04,25.75,26.2,25.75,26.15,3184000.0
LUCK,2004-03-05,26.15,26.8,26.25,26.5,7215500.0
LUCK,2004-03-08,26.5,27.15,26.2,26.4,7449500.0
LUCK,2004-03-09,26.4,26.65,25.9,26.5,6253000.0
LUCK,2004-03-10,26.5,26.9,26.2,26.4,2460000.0
LUCK,2004-03-11,26.4,27.0,26.15,26.95,6988500.0
LUCK,2004-03-12,26.95,28.95,27.1,28.95,42561500.0
LUCK,2004-03-15,28.95,29.75,28.65,29.1,27869500.0
LUCK,2004-03-16,29.1,30.25,28.75,29.65,43992000.0
LUCK,2004-03-17,29.65,29.75,29.4,29.55,11098000.0
LUCK,2004-03-18,29.55,31.45,29.55,30.9,70200000.0
LUCK,2004-03-19,30.9,32.0,31.0,31.85,43101500.0
LUCK,2004-03-22,31.85,32.05,31.4,31.75,18790000.0
LUCK,2004-03-24,31.75,32.2,31.75,31.95,17870500.0
LUCK,2004-03-25,31.95,32.8,31.65,32.2,37037000.0
LUCK,2004-03-26,32.2,33.1,32.1,32.5,28063500.0
LUCK,2004-03-29,32.5,33.65,32.4,33.5,53497000.0
LUCK,2004-03-30,33.5,34.05,33.15,33.3,30896000.0
LUCK,2004-03-31,33.3,33.65,32.9,33.35,18167000.0
LUCK,2004-04-01,33.35,33.9,33.35,33.4,16681000.0
LUCK,2004-04-02,33.4,35.05,33.35,34.75,43449000.0
LUCK,2004-04-05,34.75,35.15,34.55,34.75,7769500.0
LUCK,2004-04-06,34.75,35.2,34.3,34.8,18156000.0
LUCK,2004-04-07,34.8,35.6,34.95,34.95,21422500.0
LUCK,2004-04-08,34.95,35.5,34.65,34.8,16723000.0
LUCK,2004-04-09,34.8,36.0,33.1,35.35,33431000.0
LUCK,2004-04-12,35.35,38.0,35.6,38.0,52249000.0
LUCK,2004-04-13,38.0,39.6,38.0,38.5,46189500.0
LUCK,2004-04-14,38.5,39.5,38.05,39.1,38821500.0
LUCK,2004-04-15,39.1,41.25,39.2,40.7,47367500.0
LUCK,2004-04-16,40.7,43.75,41.05,43.3,40354500.0
LUCK,2004-04-19,43.3,45.4,43.2,44.2,67107000.0
LUCK,2004-04-20,44.2,44.45,43.0,43.1,26204000.0
LUCK,2004-04-21,43.1,43.45,40.95,40.95,13937500.0
LUCK,2004-04-22,40.95,40.4,38.95,39.45,23590000.0
LUCK,2004-04-23,39.45,39.1,37.5,37.5,9893500.0
LUCK,2004-04-26,37.5,36.15,35.65,35.65,12974500.0
LUCK,2004-04-27,35.65,38.3,35.3,38.2,42487500.0
LUCK,2004-04-28,38.2,38.95,36.35,37.35,37236000.0
LUCK,2004-04-29,37.35,39.3,36.5,38.65,49063000.0
LUCK,2004-04-30,38.65,39.7,38.35,39.05,25617500.0
LUCK,2004-05-04,39.05,39.9,38.75,39.55,17287000.0
LUCK,2004-05-05,39.55,41.0,39.45,40.95,44673000.0
LUCK,2004-05-06,40.95,41.3,40.65,40.75,19247500.0
LUCK,2004-05-07,40.75,42.5,39.3,42.3,45948000.0
LUCK,2004-05-10,42.3,43.35,42.05,42.2,49174500.0
LUCK,2004-05-11,42.2,42.9,41.75,42.15,19082500.0
LUCK,2004-05-12,42.15,42.75,40.05,41.0,24310500.0
LUCK,2004-05-13,41.0,42.1,40.45,41.95,19809500.0
LUCK,2004-05-14,41.95,42.95,41.9,42.5,20815000.0
LUCK,2004-05-17,42.5,43.3,41.7,42.0,24172500.0
LUCK,2004-05-18,42.0,42.55,41.2,41.65,13382000.0
LUCK,2004-05-19,41.65,42.6,41.5,42.5,12820500.0
LUCK,2004-05-20,42.5,43.2,42.45,42.5,15406000.0
LUCK,2004-05-21,42.5,42.65,41.9,42.15,9764500.0
LUCK,2004-05-24,42.15,42.55,41.45,41.5,6524000.0
LUCK,2004-05-25,41.5,41.9,40.75,40.95,3635500.0
LUCK,2004-05-26,40.95,43.95,41.15,43.6,53748500.0
LUCK,2004-05-27,43.6,44.25,43.25,44.0,34947500.0
LUCK,2004-05-28,44.0,44.2,43.2,43.6,13068500.0
LUCK,2004-05-31,43.6,43.75,42.95,43.7,13906000.0
LUCK,2004-06-01,43.7,43.7,42.55,43.35,18508500.0
LUCK,2004-06-02,43.35,44.45,43.5,43.75,29205500.0
LUCK,2004-06-03,43.75,43.95,41.6,41.6,12188500.0
LUCK,2004-06-04,41.6,42.65,40.25,42.65,11926500.0
LUCK,2004-06-07,42.65,43.45,42.3,42.85,10467500.0
LUCK,2004-06-08,42.85,43.1,41.55,42.5,8262000.0
LUCK,2004-06-09,42.5,42.6,41.6,41.65,4599000.0
LUCK,2004-06-10,41.65,41.5,39.6,39.75,10687500.0
LUCK,2004-06-11,39.75,40.6,38.5,40.1,10165000.0
LUCK,2004-06-14,40.1,38.4,38.1,38.1,1639500.0
LUCK,2004-06-15,38.1,39.3,36.2,38.8,16779500.0
LUCK,2004-06-16,38.8,39.45,38.3,38.9,10665500.0
LUCK,2004-06-17,38.9,39.35,37.25,37.5,8111000.0
LUCK,2004-06-18,37.5,38.5,35.65,36.5,10208500.0
LUCK,2004-06-21,36.5,37.05,34.8,34.95,9473500.0
LUCK,2004-06-22,34.95,36.75,34.7,36.65,19163500.0
LUCK,2004-06-23,36.65,37.3,35.9,36.85,16337000.0
LUCK,2004-06-24,36.85,37.7,36.85,37.55,11475500.0
LUCK,2004-06-25,37.55,38.0,36.85,36.9,11417000.0
LUCK,2004-06-28,36.9,39.5,37.65,39.3,19609500.0
LUCK,2004-06-29,39.3,40.7,39.4,39.9,34452500.0
LUCK,2004-06-30,39.9,40.35,39.0,39.1,14554000.0
LUCK,2004-07-01,39.1,42.0,39.45,42.0,44363500.0
LUCK,2004-07-02,42.0,42.7,41.85,42.1,23382000.0
LUCK,2004-07-05,42.1,42.45,41.6,41.65,5029500.0
LUCK,2004-07-06,41.65,43.55,41.35,42.5,33323500.0
LUCK,2004-07-07,42.5,42.7,41.85,42.15,11329500.0
LUCK,2004-07-08,42.15,42.55,41.85,42.1,5458500.0
LUCK,2004-07-09,42.1,42.8,42.15,42.55,12412000.0
LUCK,2004-07-12,42.55,43.15,42.35,42.4,12600500.0
LUCK,2004-07-13,42.4,42.6,41.7,41.9,5662500.0
LUCK,2004-07-14,41.9,42.7,41.5,41.75,8446000.0
LUCK,2004-07-15,41.75,41.85,41.1,41.15,3927500.0
LUCK,2004-07-16,41.15,41.3,39.3,39.8,9204000.0
LUCK,2004-07-19,39.8,40.95,39.9,40.5,15207500.0
LUCK,2004-07-20,40.5,40.75,39.3,40.15,8449500.0
LUCK,2004-07-21,40.15,41.25,40.25,40.6,8960500.0
LUCK,2004-07-22,40.6,40.85,39.9,40.45,10090000.0
LUCK,2004-07-23,40.45,40.65,40.0,40.2,4862500.0
LUCK,2004-07-26,40.2,40.3,39.15,39.15,4065000.0
LUCK,2004-07-27,39.15,39.2,37.2,38.4,5930000.0
LUCK,2004-07-28,38.4,40.2,38.5,39.7,15835000.0
LUCK,2004-07-29,39.7,40.05,38.95,39.15,4643500.0
LUCK,2004-07-30,39.15,39.65,38.0,39.65,5763000.0
LUCK,2004-08-02,39.65,39.75,38.95,39.0,6230000.0
LUCK,2004-08-03,39.0,39.9,38.9,39.75,10799000.0
LUCK,2004-08-04,39.75,40.8,39.95,40.35,18010000.0
LUCK,2004-08-05,40.35,40.65,39.95,40.0,7250000.0
LUCK,2004-08-06,40.0,40.8,39.8,40.75,13843500.0
LUCK,2004-08-09,40.75,41.25,40.5,40.6,12854000.0
LUCK,2004-08-10,40.6,41.15,39.7,40.1,11054000.0
LUCK,2004-08-11,40.1,40.35,39.25,39.25,6273500.0
LUCK,2004-08-12,39.25,39.9,38.9,39.3,7816500.0
LUCK,2004-08-13,39.3,39.5,38.5,38.75,5019000.0
LUCK,2004-08-16,38.75,38.65,37.7,38.55,8343000.0
LUCK,2004-08-17,38.55,39.25,38.25,39.15,9546000.0
LUCK,2004-08-18,39.15,39.45,38.9,39.15,5281500.0
LUCK,2004-08-19,39.15,39.3,38.05,38.15,6778000.0
LUCK,2004-08-20,38.15,38.6,38.1,38.1,4168000.0
LUCK,2004-08-23,38.1,38.25,37.7,37.85,1917500.0
LUCK,2004-08-24,37.85,38.05,37.25,37.25,3191000.0
LUCK,2004-08-25,37.25,37.9,37.1,37.7,5282500.0
LUCK,2004-08-26,37.7,38.1,37.7,37.8,3249000.0
LUCK,2004-08-27,37.8,38.25,37.8,38.05,4622000.0
LUCK,2004-08-30,38.05,38.2,37.1,37.25,2789500.0
LUCK,2004-08-31,37.25,37.75,36.4,37.75,5432500.0
LUCK,2004-09-01,37.75,38.4,37.55,37.8,10567500.0
LUCK,2004-09-02,37.8,37.9,37.35,37.65,1935500.0
LUCK,2004-09-03,37.65,37.8,37.05,37.35,1239500.0
LUCK,2004-09-06,37.35,37.0,35.5,35.5,5339500.0
LUCK,2004-09-07,35.5,35.9,34.15,34.85,5217500.0
LUCK,2004-09-08,34.85,35.8,35.0,35.25,6368000.0
LUCK,2004-09-09,35.25,35.6,34.5,34.6,4428000.0
LUCK,2004-09-10,34.6,35.85,34.25,35.85,7221500.0
LUCK,2004-09-13,35.85,36.5,35.2,35.75,10162000.0
LUCK,2004-09-14,35.75,35.85,34.3,35.5,9351500.0
LUCK,2004-09-15,35.5,35.8,34.75,35.15,6544000.0
LUCK,2004-09-16,35.15,35.8,35.2,35.7,6646000.0
LUCK,2004-09-17,35.7,36.25,34.6,35.3,5874000.0
LUCK,2004-09-20,35.3,35.55,35.0,35.2,2218000.0
LUCK,2004-09-21,35.2,35.4,34.2,34.25,2698500.0
LUCK,2004-09-22,34.25,34.5,32.55,32.8,6972500.0
LUCK,2004-09-23,32.8,34.1,32.15,33.95,13674500.0
LUCK,2004-09-24,33.95,35.1,33.95,35.05,9533500.0
LUCK,2004-09-27,35.05,36.25,35.5,36.0,11640000.0
LUCK,2004-09-28,36.0,36.45,35.4,35.5,8023000.0
LUCK,2004-09-29,35.5,36.85,35.4,36.6,13617000.0
LUCK,2004-09-30,36.6,38.15,36.6,37.65,22525500.0
LUCK,2004-10-01,37.65,38.0,37.3,37.4,9742500.0
LUCK,2004-10-04,37.4,38.15,37.2,37.6,6668000.0
LUCK,2004-10-05,37.6,38.4,37.1,37.55,16178000.0
LUCK,2004-10-06,37.55,37.85,37.05,37.4,13449000.0
LUCK,2004-10-07,37.4,37.7,36.75,37.25,7759500.0
LUCK,2004-10-08,37.25,37.95,37.1,37.65,13575000.0
LUCK,2004-10-11,37.65,38.4,37.5,38.4,13916000.0
LUCK,2004-10-12,38.4,38.75,38.15,38.35,9403000.0
LUCK,2004-10-13,38.35,39.05,38.35,39.0,2661500.0
LUCK,2004-10-14,39.0,39.8,38.6,39.75,1889000.0
LUCK,2004-10-15,39.75,40.0,38.8,38.8,256500.0
LUCK,2004-10-18,38.8,38.9,37.3,38.85,513000.0
LUCK,2004-10-19,38.85,39.0,37.25,39.0,787500.0
LUCK,2004-10-20,36.28,37.4,35.75,35.75,1925500.0
LUCK,2004-10-21,35.75,36.85,35.0,35.85,5526000.0
LUCK,2004-10-22,35.85,36.15,35.5,35.8,1072500.0
LUCK,2004-10-25,35.8,36.4,35.95,36.05,2566000.0
LUCK,2004-10-26,36.05,36.25,35.05,35.3,1298000.0
LUCK,2004-10-27,35.3,35.45,34.65,34.75,595500.0
LUCK,2004-10-28,34.75,35.15,34.15,34.3,1556000.0
LUCK,2004-10-29,34.3,34.45,33.3,33.65,1435500.0
LUCK,2004-11-01,33.65,34.35,33.55,33.8,2934500.0
LUCK,2004-11-02,33.8,36.1,33.9,36.0,9388500.0
LUCK,2004-11-03,36.0,36.6,35.15,35.25,10248500.0
LUCK,2004-11-04,35.25,36.2,35.4,35.5,3777000.0
LUCK,2004-11-05,35.5,36.1,34.55,36.0,3205000.0
LUCK,2004-11-08,36.0,36.8,36.25,36.55,7117000.0
LUCK,2004-11-10,36.55,37.45,36.65,37.4,12890500.0
LUCK,2004-11-12,37.4,37.95,37.35,37.55,4794500.0
LUCK,2004-11-18,37.55,38.5,37.75,38.4,11358000.0
LUCK,2004-11-19,38.4,39.15,38.1,38.6,19713000.0
LUCK,2004-11-22,38.6,39.0,37.9,38.95,15171500.0
LUCK,2004-11-23,38.95,39.25,38.3,38.55,10300000.0
LUCK,2004-11-24,38.55,38.75,38.3,38.3,4937000.0
LUCK,2004-11-25,38.3,38.7,38.05,38.1,5990500.0
LUCK,2004-11-26,38.1,38.75,38.0,38.7,9435500.0
LUCK,2004-11-29,38.7,39.5,38.55,39.05,20772000.0
LUCK,2004-11-30,39.05,39.25,38.65,38.95,11545500.0
LUCK,2004-12-01,38.95,39.0,38.5,38.65,5343500.0
LUCK,2004-12-02,38.65,38.9,38.05,38.15,6145000.0
LUCK,2004-12-03,38.15,38.7,38.15,38.4,5638500.0
LUCK,2004-12-06,38.4,39.15,38.55,39.1,10240000.0
LUCK,2004-12-07,39.1,39.4,38.8,39.0,9471500.0
LUCK,2004-12-08,39.0,39.4,38.8,39.0,10243000.0
LUCK,2004-12-09,39.0,39.7,39.1,39.1,13925000.0
LUCK,2004-12-10,39.1,39.35,37.15,38.05,9109000.0
LUCK,2004-12-13,38.05,38.55,38.1,38.4,3930000.0
LUCK,2004-12-14,38.4,39.3,38.2,39.25,17306000.0
LUCK,2004-12-15,39.25,39.45,38.8,39.25,8724000.0
LUCK,2004-12-16,39.25,39.2,38.2,38.6,11765000.0
LUCK,2004-12-17,38.6,39.6,38.75,39.25,18998000.0
LUCK,2004-12-20,39.25,39.55,38.85,38.85,6133500.0
LUCK,2004-12-21,38.85,39.2,38.4,38.95,7072500.0
LUCK,2004-12-22,38.95,39.4,38.65,38.85,7907500.0
LUCK,2004-12-23,38.85,39.25,38.5,38.6,4653500.0
LUCK,2004-12-24,38.6,38.85,38.1,38.25,5653000.0
LUCK,2004-12-27,38.25,39.0,38.0,38.35,6391500.0
LUCK,2004-12-28,38.35,38.7,38.25,38.35,2156000.0
LUCK,2004-12-29,38.35,41.2,38.45,41.2,68908500.0
LUCK,2004-12-30,41.2,42.65,40.0,40.45,64215000.0
LUCK,2004-12-31,40.45,41.55,40.2,40.65,27295500.0
LUCK,2005-01-03,40.65,41.2,40.4,40.75,12885500.0
LUCK,2005-01-04,40.75,41.95,40.8,41.8,29961500.0
LUCK,2005-01-05,41.8,42.9,41.05,41.2,41838000.0
LUCK,2005-01-06,41.2,42.0,41.1,41.75,18261000.0
LUCK,2005-01-07,41.75,42.0,39.7,40.4,16327000.0
LUCK,2005-01-10,40.4,42.45,40.4,41.95,25418000.0
LUCK,2005-01-11,41.95,42.75,41.4,42.1,20470000.0
LUCK,2005-01-12,42.1,43.9,42.1,42.65,32100000.0
LUCK,2005-01-13,42.65,43.3,40.55,40.55,19374000.0
LUCK,2005-01-14,40.55,41.45,39.2,40.8,14283500.0
LUCK,2005-01-17,40.8,41.9,40.4,41.9,9865000.0
LUCK,2005-01-18,41.9,42.75,41.85,42.2,20987500.0
LUCK,2005-01-19,42.2,43.0,41.95,42.6,18881500.0
LUCK,2005-01-24,42.6,44.0,42.75,43.25,28127500.0
LUCK,2005-01-25,43.25,44.25,42.35,42.6,10266000.0
LUCK,2005-01-26,42.6,42.8,41.55,41.75,3557000.0
LUCK,2005-01-27,41.75,43.2,41.3,42.1,23206500.0
LUCK,2005-01-28,42.1,42.45,40.0,41.25,11636000.0
LUCK,2005-01-31,41.25,42.65,40.8,41.9,13726500.0
LUCK,2005-02-01,41.9,43.55,42.25,43.1,18765500.0
LUCK,2005-02-02,43.1,44.3,43.0,43.3,24053500.0
LUCK,2005-02-03,43.3,43.75,42.9,43.0,7263500.0
LUCK,2005-02-04,43.0,44.15,42.75,42.75,13870000.0
LUCK,2005-02-07,42.75,43.3,42.5,42.7,4833500.0
LUCK,2005-02-08,42.7,45.6,42.85,44.85,68973000.0
LUCK,2005-02-09,44.85,45.85,44.2,45.45,34146500.0
LUCK,2005-02-10,45.45,46.5,45.3,45.85,21371000.0
LUCK,2005-02-11,45.85,46.3,45.25,46.05,14395500.0
LUCK,2005-02-14,46.05,49.5,46.6,49.5,35958000.0
LUCK,2005-02-15,49.5,52.2,50.5,51.0,33804000.0
LUCK,2005-02-16,51.0,54.2,49.75,52.25,60786500.0
LUCK,2005-02-17,52.25,53.45,50.95,52.0,23357500.0
LUCK,2005-02-18,52.0,53.55,51.15,52.05,26953500.0
LUCK,2005-02-21,52.05,54.95,52.5,53.6,33499500.0
LUCK,2005-02-22,53.6,55.5,52.4,54.85,40500000.0
LUCK,2005-02-23,54.85,56.5,53.75,54.5,26383500.0
LUCK,2005-02-24,54.5,54.7,51.8,51.8,10479500.0
LUCK,2005-02-25,51.8,50.8,49.25,49.25,13670000.0
LUCK,2005-02-28,49.25,50.25,47.75,48.1,6995000.0
LUCK,2005-03-01,48.1,50.25,48.15,49.0,5943000.0
LUCK,2005-03-02,49.0,50.75,46.55,46.6,4815500.0
LUCK,2005-03-03,46.6,49.55,46.6,48.8,6376500.0
LUCK,2005-03-04,48.8,51.1,48.8,49.65,5135000.0
LUCK,2005-03-07,49.65,53.35,49.0,53.15,23744500.0
LUCK,2005-03-08,53.15,54.6,50.5,50.5,15204500.0
LUCK,2005-03-09,50.5,52.75,50.75,50.95,7793500.0
LUCK,2005-03-10,50.95,53.6,49.75,51.0,11104500.0
LUCK,2005-03-11,51.0,53.8,50.5,50.8,14308000.0
LUCK,2005-03-14,50.8,54.6,51.6,54.55,16485000.0
LUCK,2005-03-15,54.55,55.6,53.2,54.1,10286500.0
LUCK,2005-03-16,54.1,54.5,51.4,51.9,5750500.0
LUCK,2005-03-17,51.9,53.0,49.35,51.0,8251500.0
LUCK,2005-03-18,51.0,54.2,50.0,51.95,8097000.0
LUCK,2005-03-21,51.95,53.1,49.4,50.25,5472500.0
LUCK,2005-03-22,50.25,50.0,47.75,47.8,2256000.0
LUCK,2005-03-24,47.8,48.7,45.45,45.75,3117000.0
LUCK,2005-03-25,45.75,46.2,43.5,43.5,2236000.0
LUCK,2005-03-28,43.5,46.7,41.8,42.85,2563500.0
LUCK,2005-03-29,42.85,46.05,42.5,46.05,1907500.0
LUCK,2005-03-30,46.05,49.5,48.75,49.5,3172500.0
LUCK,2005-03-31,49.5,52.5,48.1,48.5,7612500.0
LUCK,2005-04-01,48.5,51.0,47.5,51.0,2010000.0
LUCK,2005-04-04,51.0,54.3,51.7,53.9,9387000.0
LUCK,2005-04-05,53.9,54.3,51.65,52.3,4534000.0
LUCK,2005-04-06,52.3,53.35,50.7,51.65,1619000.0
LUCK,2005-04-07,51.65,54.55,51.5,54.0,9457500.0
LUCK,2005-04-08,54.0,54.4,52.0,52.35,2989500.0
LUCK,2005-04-11,52.35,53.7,49.75,49.75,1558500.0
LUCK,2005-04-12,49.75,48.5,47.3,47.3,1532500.0
LUCK,2005-04-13,47.3,50.8,46.2,50.8,1854500.0
LUCK,2005-04-14,50.8,52.5,49.75,51.4,2673500.0
LUCK,2005-04-15,51.4,52.2,51.0,51.05,2308000.0
LUCK,2005-04-18,51.05,51.6,48.5,48.6,1820500.0
LUCK,2005-04-19,48.6,49.5,46.2,46.2,1878500.0
LUCK,2005-04-20,46.2,47.6,44.5,46.6,1725500.0
LUCK,2005-04-21,46.6,48.85,46.75,47.25,1282500.0
LUCK,2005-04-25,47.25,48.6,46.05,46.1,722000.0
LUCK,2005-04-26,46.1,46.5,45.2,46.25,397000.0
LUCK,2005-04-27,46.25,47.75,46.15,46.95,1007000.0
LUCK,2005-04-28,46.95,47.4,45.8,45.8,309500.0
LUCK,2005-04-29,45.8,46.6,45.0,45.4,499500.0
LUCK,2005-05-02,45.4,46.0,44.3,45.5,909500.0
LUCK,2005-05-03,45.5,45.9,44.15,45.5,447500.0
LUCK,2005-05-04,45.5,45.8,44.65,45.45,282000.0
LUCK,2005-05-05,45.45,46.25,45.0,46.2,2257000.0
LUCK,2005-05-06,46.2,46.9,45.4,46.0,812500.0
LUCK,2005-05-09,46.0,46.75,45.2,46.6,1830500.0
LUCK,2005-05-10,46.6,47.1,45.9,46.5,1088500.0
LUCK,2005-05-11,46.5,46.9,45.9,46.75,1003500.0
LUCK,2005-05-12,46.75,46.8,45.0,45.65,883500.0
LUCK,2005-05-13,45.65,46.85,45.05,46.55,1851000.0
LUCK,2005-05-16,46.55,47.2,45.1,45.7,769500.0
LUCK,2005-05-17,45.7,45.75,44.65,44.8,523000.0
LUCK,2005-05-18,44.8,44.9,43.6,43.8,412500.0
LUCK,2005-05-19,43.8,44.3,43.5,43.95,265000.0
LUCK,2005-05-20,43.95,43.9,42.0,42.4,856000.0
LUCK,2005-05-23,42.4,42.5,40.3,40.3,144500.0
LUCK,2005-05-24,40.3,39.6,38.3,38.3,2092500.0
LUCK,2005-05-25,38.3,38.4,36.4,36.5,1692500.0
LUCK,2005-05-26,36.5,36.25,34.7,34.7,2293500.0
LUCK,2005-05-27,34.7,34.9,33.0,33.0,4352500.0
LUCK,2005-05-30,33.0,34.2,32.15,34.2,2798500.0
LUCK,2005-05-31,34.2,35.9,33.95,35.9,2746000.0
LUCK,2005-06-01,35.9,37.65,36.25,37.65,1742500.0
LUCK,2005-06-02,37.65,39.5,38.6,39.5,568500.0
LUCK,2005-06-03,39.5,41.45,41.0,41.45,1582500.0
LUCK,2005-06-06,41.45,41.9,39.4,41.2,818000.0
LUCK,2005-06-07,41.2,42.6,41.8,42.15,1462000.0
LUCK,2005-06-08,42.15,42.7,40.5,41.5,1229000.0
LUCK,2005-06-09,41.5,42.0,41.1,41.4,444000.0
LUCK,2005-06-10,41.4,41.5,40.4,40.75,629500.0
LUCK,2005-06-13,40.75,41.5,40.4,40.8,404000.0
LUCK,2005-06-14,40.8,40.7,39.8,40.25,217000.0
LUCK,2005-06-15,40.25,41.65,40.1,41.4,1044500.0
LUCK,2005-06-16,41.4,41.95,40.75,40.75,205000.0
LUCK,2005-06-17,40.75,41.45,40.0,40.95,239000.0
LUCK,2005-06-20,40.95,42.15,41.35,41.7,1193500.0
LUCK,2005-06-21,41.7,43.75,42.2,43.75,4504500.0
LUCK,2005-06-22,43.75,45.9,43.55,44.55,4097000.0
LUCK,2005-06-23,44.55,45.8,43.8,45.5,2100500.0
LUCK,2005-06-24,45.5,46.3,45.1,45.75,1338500.0
LUCK,2005-06-27,45.75,46.15,44.95,45.1,857000.0
LUCK,2005-06-28,45.1,46.7,45.15,45.7,2829500.0
LUCK,2005-06-29,45.7,47.0,44.15,45.35,2102000.0
LUCK,2005-06-30,45.35,45.7,44.8,45.5,711000.0
LUCK,2005-07-01,45.5,45.45,44.8,44.85,223000.0
LUCK,2005-07-04,44.85,45.15,44.0,44.0,220000.0
LUCK,2005-07-05,44.0,44.0,43.35,43.7,175500.0
LUCK,2005-07-06,43.7,45.1,43.6,44.6,987000.0
LUCK,2005-07-07,44.6,45.85,44.8,44.8,1107000.0
LUCK,2005-07-08,44.8,45.5,44.6,45.2,372500.0
LUCK,2005-07-11,45.2,45.75,45.1,45.4,925500.0
LUCK,2005-07-12,45.4,45.5,44.7,45.0,191500.0
LUCK,2005-07-13,45.0,45.25,44.8,44.85,90000.0
LUCK,2005-07-14,44.85,45.35,44.75,45.1,289000.0
LUCK,2005-07-15,45.1,46.1,44.5,45.65,813500.0
LUCK,2005-07-18,45.65,45.65,45.0,45.25,331000.0
LUCK,2005-07-19,45.25,45.15,44.3,45.0,340500.0
LUCK,2005-07-20,45.0,45.8,45.0,45.2,412500.0
LUCK,2005-07-21,45.2,45.5,45.0,45.35,458000.0
LUCK,2005-07-22,45.35,45.55,44.8,45.0,1823500.0
LUCK,2005-07-25,45.0,45.9,44.8,45.25,172500.0
LUCK,2005-07-26,45.25,45.05,44.8,45.0,108000.0
LUCK,2005-07-27,45.0,45.75,44.8,44.85,35500.0
LUCK,2005-07-28,44.85,45.4,44.9,45.25,252500.0
LUCK,2005-07-29,45.25,45.25,44.7,44.8,429500.0
LUCK,2005-08-01,44.8,45.25,44.8,44.8,70500.0
LUCK,2005-08-02,44.8,45.45,44.85,45.3,206000.0
LUCK,2005-08-03,45.3,45.8,45.0,45.15,539000.0
LUCK,2005-08-04,45.15,45.8,45.2,45.5,609000.0
LUCK,2005-08-05,45.5,45.5,45.0,45.35,155500.0
LUCK,2005-08-08,45.35,45.7,45.0,45.05,397500.0
LUCK,2005-08-09,45.05,45.4,44.8,44.8,414500.0
LUCK,2005-08-10,44.8,45.0,44.0,44.9,262500.0
LUCK,2005-08-11,44.9,44.65,44.2,44.2,86000.0
LUCK,2005-08-12,44.2,45.0,43.5,45.0,169500.0
LUCK,2005-08-15,45.0,44.95,44.5,44.9,9500.0
LUCK,2005-08-16,44.9,44.8,44.5,44.8,51000.0
LUCK,2005-08-17,44.8,44.8,44.5,44.5,5500.0
LUCK,2005-08-19,44.5,45.7,45.0,45.7,213500.0
LUCK,2005-08-22,45.7,47.5,46.2,47.0,840500.0
LUCK,2005-08-23,47.0,47.1,46.15,46.3,242500.0
LUCK,2005-08-24,46.3,46.1,45.6,45.9,118000.0
LUCK,2005-08-25,45.9,47.7,46.25,46.95,1095500.0
LUCK,2005-08-26,46.95,47.2,46.05,46.1,178000.0
LUCK,2005-08-29,46.1,47.2,46.0,46.35,242000.0
LUCK,2005-08-30,46.35,46.5,45.25,45.45,293000.0
LUCK,2005-08-31,45.45,45.75,44.3,45.75,417000.0
LUCK,2005-09-01,45.75,46.9,45.15,46.75,1219000.0
LUCK,2005-09-02,46.75,47.7,45.35,46.5,1404000.0
LUCK,2005-09-05,46.5,46.9,45.95,46.35,237500.0
LUCK,2005-09-06,46.35,47.2,46.2,46.4,611500.0
LUCK,2005-09-07,46.4,47.1,46.5,46.8,232000.0
LUCK,2005-09-08,46.8,47.7,46.6,47.7,441500.0
LUCK,2005-09-09,47.7,48.5,47.0,47.25,535500.0
LUCK,2005-09-12,47.25,48.9,46.95,48.0,2398500.0
LUCK,2005-09-13,48.0,48.15,47.0,47.75,649000.0
LUCK,2005-09-14,47.75,48.55,47.2,48.5,1536500.0
LUCK,2005-09-15,48.5,50.9,48.8,50.75,4486000.0
LUCK,2005-09-16,50.75,53.25,51.15,52.7,7203000.0
LUCK,2005-09-19,52.7,53.1,50.1,50.1,1927000.0
LUCK,2005-09-20,50.1,51.95,49.7,51.9,2002000.0
LUCK,2005-09-21,51.9,52.5,50.8,51.0,2760500.0
LUCK,2005-09-22,51.0,51.7,49.05,49.8,979000.0
LUCK,2005-09-23,49.8,50.45,47.85,48.75,487000.0
LUCK,2005-09-26,48.75,49.65,48.5,49.1,1308500.0
LUCK,2005-09-27,49.1,51.55,49.3,51.55,3991500.0
LUCK,2005-09-28,51.55,52.45,50.6,51.7,3414500.0
LUCK,2005-09-29,51.7,52.75,50.9,51.0,3794500.0
LUCK,2005-09-30,51.0,52.75,51.05,52.4,3468000.0
LUCK,2005-10-03,52.4,54.25,52.6,54.05,6267500.0
LUCK,2005-10-04,54.05,55.35,53.5,53.5,3456500.0
LUCK,2005-10-05,53.5,54.6,53.4,53.5,2391000.0
LUCK,2005-10-06,53.5,55.4,53.05,54.15,4186000.0
LUCK,2005-10-07,54.15,56.85,53.75,56.85,5066000.0
LUCK,2005-10-10,56.85,59.65,56.55,59.65,7215500.0
LUCK,2005-10-11,59.65,62.0,59.0,59.0,7862000.0
LUCK,2005-10-12,59.0,61.1,59.25,60.5,7158500.0
LUCK,2005-10-13,60.5,62.2,60.7,60.9,7511000.0
LUCK,2005-10-14,60.9,63.9,60.85,63.9,13261500.0
LUCK,2005-10-17,63.9,67.05,65.0,67.05,14152500.0
LUCK,2005-10-18,67.05,69.8,63.7,64.5,16379000.0
LUCK,2005-10-19,64.5,67.7,64.0,67.7,10266500.0
LUCK,2005-10-20,67.7,71.05,66.5,68.7,15817000.0
LUCK,2005-10-21,68.7,70.8,65.3,65.3,14403500.0
LUCK,2005-10-24,65.3,68.55,67.0,68.55,4307000.0
LUCK,2005-10-25,68.55,71.95,67.5,71.95,20241000.0
LUCK,2005-10-26,71.95,72.5,68.4,68.7,10266500.0
LUCK,2005-10-27,68.7,70.55,67.1,69.0,11622500.0
LUCK,2005-10-31,69.0,68.85,65.55,67.5,5569500.0
LUCK,2005-11-02,67.5,70.0,68.35,69.0,6203500.0
LUCK,2005-11-07,69.0,72.35,69.25,72.25,18957500.0
LUCK,2005-11-08,72.25,75.3,71.0,73.65,28734500.0
LUCK,2005-11-10,73.65,74.55,72.4,72.75,12615500.0
LUCK,2005-11-11,72.75,74.0,71.5,73.3,10064000.0
LUCK,2005-11-14,73.3,75.6,73.55,74.25,14350000.0
LUCK,2005-11-15,74.25,75.3,72.15,73.0,12143500.0
LUCK,2005-11-16,73.0,73.7,71.1,71.2,5426000.0
LUCK,2005-11-17,71.2,72.25,70.25,71.5,5578500.0
LUCK,2005-11-18,71.5,72.75,71.4,71.75,4465500.0
LUCK,2005-11-21,71.75,73.6,71.8,72.2,9753500.0
LUCK,2005-11-22,72.2,72.35,71.0,71.55,3644000.0
LUCK,2005-11-23,71.55,72.4,71.0,71.4,3531000.0
LUCK,2005-11-24,71.4,72.25,71.15,71.7,3927000.0
LUCK,2005-11-25,71.7,73.65,71.6,72.5,16162000.0
LUCK,2005-11-28,72.5,75.45,72.5,74.1,19239000.0
LUCK,2005-11-29,74.1,77.2,74.4,76.1,33458000.0
LUCK,2005-11-30,76.1,76.9,72.3,74.25,18746500.0
LUCK,2005-12-01,74.25,75.6,72.8,73.75,11273000.0
LUCK,2005-12-02,73.75,74.55,72.95,73.85,3821000.0
LUCK,2005-12-05,73.85,75.05,73.15,74.6,6882000.0
LUCK,2005-12-06,74.6,76.8,74.15,75.9,18762000.0
LUCK,2005-12-07,75.9,79.65,76.2,79.5,34055500.0
LUCK,2005-12-08,79.5,81.3,78.35,79.9,30621500.0
LUCK,2005-12-09,79.9,80.7,78.55,79.95,13441000.0
LUCK,2005-12-12,79.95,82.1,80.1,80.85,24416500.0
LUCK,2005-12-13,80.85,81.2,79.3,79.55,8733000.0
LUCK,2005-12-14,79.55,79.9,75.6,76.5,6433000.0
LUCK,2005-12-15,76.5,76.9,74.7,76.0,4400500.0
LUCK,2005-12-16,76.0,78.0,75.2,76.25,7004000.0
LUCK,2005-12-19,76.25,77.6,74.55,76.4,8107500.0
LUCK,2005-12-20,76.4,77.9,75.5,76.95,7888000.0
LUCK,2005-12-21,76.95,78.2,77.05,77.2,8865500.0
LUCK,2005-12-22,77.2,79.2,77.6,78.0,12458500.0
LUCK,2005-12-23,78.0,78.95,78.0,78.05,3487000.0
LUCK,2005-12-26,78.05,79.0,77.65,78.4,7346000.0
LUCK,2005-12-27,78.4,81.75,77.85,81.05,23614000.0
LUCK,2005-12-28,81.05,82.65,80.8,81.35,15320000.0
LUCK,2005-12-29,81.35,82.2,80.5,81.0,7408000.0
LUCK,2005-12-30,81.0,84.15,81.3,83.9,24301500.0
LUCK,2006-01-02,83.9,88.05,83.45,88.05,28246500.0
LUCK,2006-01-03,88.05,91.7,88.5,90.5,32250500.0
LUCK,2006-01-04,90.5,91.4,89.0,89.1,11082500.0
LUCK,2006-01-05,89.1,93.35,89.5,92.9,31467000.0
LUCK,2006-01-06,92.9,93.75,91.7,91.7,16114000.0
LUCK,2006-01-09,91.7,94.25,91.5,92.85,17701500.0
LUCK,2006-01-16,92.85,96.4,93.2,95.55,22900500.0
LUCK,2006-01-17,95.55,100.3,95.5,100.2,39111500.0
LUCK,2006-01-18,100.2,103.0,99.25,100.6,32466000.0
LUCK,2006-01-19,100.6,103.7,99.25,102.35,39232000.0
LUCK,2006-01-20,102.35,102.95,99.0,99.9,12159500.0
LUCK,2006-01-23,99.9,100.7,98.0,98.2,9803000.0
LUCK,2006-01-24,98.2,100.35,94.0,94.7,17764500.0
LUCK,2006-01-25,94.7,97.8,93.6,96.0,13744000.0
LUCK,2006-01-26,96.0,99.85,94.2,98.2,25765000.0
LUCK,2006-01-27,98.2,100.45,98.1,98.95,21419000.0
LUCK,2006-01-30,98.95,101.6,99.6,99.85,20567500.0
LUCK,2006-01-31,99.85,101.6,99.25,99.25,14055000.0
LUCK,2006-02-01,99.25,102.15,98.7,99.9,28011000.0
LUCK,2006-02-02,99.9,100.8,98.55,99.2,10182000.0
LUCK,2006-02-03,99.2,104.15,99.0,104.15,34443000.0
LUCK,2006-02-06,104.15,109.0,104.3,107.75,27348500.0
LUCK,2006-02-07,107.75,110.8,107.2,109.75,26776000.0
LUCK,2006-02-10,109.75,112.2,109.0,110.5,22338500.0
LUCK,2006-02-13,110.5,111.5,108.35,109.5,14090500.0
LUCK,2006-02-14,109.5,110.1,104.2,104.8,12342000.0
LUCK,2006-02-15,104.8,107.7,104.05,107.4,6542000.0
LUCK,2006-02-16,107.4,108.65,104.5,105.5,5535500.0
LUCK,2006-02-17,105.5,106.15,103.9,105.4,6319500.0
LUCK,2006-02-20,105.4,107.0,105.25,106.75,7467500.0
LUCK,2006-02-21,106.75,110.85,106.85,109.3,35919000.0
LUCK,2006-02-22,109.3,111.55,109.25,109.9,30391000.0
LUCK,2006-02-23,109.9,112.15,109.9,110.25,24173000.0
LUCK,2006-02-24,110.25,111.7,107.0,108.75,17605000.0
LUCK,2006-02-27,108.75,111.0,106.0,107.5,10280000.0
LUCK,2006-02-28,107.5,111.25,107.2,111.25,9447000.0
LUCK,2006-03-01,111.25,113.95,106.2,111.7,30103500.0
LUCK,2006-03-02,111.7,111.75,109.05,109.25,11411000.0
LUCK,2006-03-03,109.25,114.7,109.15,114.7,36576000.0
LUCK,2006-03-06,114.7,117.1,109.0,109.0,33122000.0
LUCK,2006-03-07,109.0,114.45,106.0,114.45,29235000.0
LUCK,2006-03-08,114.45,115.4,108.75,108.75,20483500.0
LUCK,2006-03-09,108.75,110.25,105.0,107.0,16523000.0
LUCK,2006-03-10,107.0,107.8,101.65,101.65,13305500.0
LUCK,2006-03-13,101.65,104.0,96.6,96.6,9198500.0
LUCK,2006-03-14,96.6,101.4,91.85,101.4,12234000.0
LUCK,2006-03-15,101.4,106.45,102.4,106.45,24507000.0
LUCK,2006-03-16,106.45,111.7,105.0,111.1,34748000.0
LUCK,2006-03-17,111.1,115.7,110.55,114.5,36738000.0
LUCK,2006-03-20,114.5,118.1,111.5,114.0,38455500.0
LUCK,2006-03-21,114.0,117.75,113.0,115.0,28824500.0
LUCK,2006-03-22,115.0,118.7,114.3,117.4,50719000.0
LUCK,2006-03-24,117.4,121.7,117.8,120.75,52402500.0
LUCK,2006-03-27,120.75,122.6,119.05,119.2,24069000.0
LUCK,2006-03-28,119.2,125.05,119.5,124.0,48939000.0
LUCK,2006-03-29,124.0,126.25,120.25,122.9,35860000.0
LUCK,2006-03-30,122.9,124.85,121.25,124.0,24190000.0
LUCK,2006-03-31,124.0,126.15,122.25,122.35,26226000.0
LUCK,2006-04-03,122.35,124.0,121.7,122.2,12081500.0
LUCK,2006-04-04,122.2,124.8,121.35,123.55,21352000.0
LUCK,2006-04-05,123.55,124.8,122.1,123.95,20331500.0
LUCK,2006-04-06,123.95,127.25,123.7,125.65,40261500.0
LUCK,2006-04-07,125.65,131.2,125.0,130.9,56534500.0
LUCK,2006-04-10,130.9,132.3,128.1,128.8,26429500.0
LUCK,2006-04-13,128.8,130.8,126.5,129.7,21967000.0
LUCK,2006-04-14,129.7,131.45,127.95,129.55,18966500.0
LUCK,2006-04-17,129.55,128.0,123.1,127.7,21682500.0
LUCK,2006-04-18,127.7,128.5,121.35,121.7,13886500.0
LUCK,2006-04-19,121.7,124.95,119.1,124.85,14103500.0
LUCK,2006-04-20,124.85,126.1,123.1,123.25,13632000.0
LUCK,2006-04-21,123.25,124.8,119.0,121.75,8796500.0
LUCK,2006-04-24,121.75,122.45,117.0,117.45,10211500.0
LUCK,2006-04-25,117.45,119.1,116.2,118.7,12110500.0
LUCK,2006-04-26,118.7,121.1,118.3,118.3,12447500.0
LUCK,2006-04-27,118.3,119.6,112.55,112.6,7840500.0
LUCK,2006-04-28,112.6,112.5,107.0,109.85,10476000.0
LUCK,2006-05-02,109.85,115.3,109.05,115.3,9982500.0
LUCK,2006-05-03,115.3,121.05,115.6,121.05,21315000.0
LUCK,2006-05-04,121.05,122.8,119.45,121.1,20331500.0
LUCK,2006-05-05,121.1,123.7,120.5,122.0,15755500.0
LUCK,2006-05-08,122.0,123.6,121.5,121.5,6556500.0
LUCK,2006-05-09,121.5,124.35,121.0,121.5,15783500.0
LUCK,2006-05-10,121.5,122.95,116.1,118.25,12034000.0
LUCK,2006-05-11,118.25,119.1,112.8,118.85,14442500.0
LUCK,2006-05-12,118.85,119.95,116.0,116.25,9486000.0
LUCK,2006-05-15,116.25,115.95,110.45,110.45,5498000.0
LUCK,2006-05-16,110.45,114.5,108.5,112.05,15063500.0
LUCK,2006-05-17,112.05,117.65,112.3,117.65,13730500.0
LUCK,2006-05-18,117.65,118.25,111.8,112.0,16607000.0
LUCK,2006-05-19,112.0,114.2,110.0,112.9,6840500.0
LUCK,2006-05-22,112.9,118.25,111.1,118.05,16359500.0
LUCK,2006-05-23,118.05,118.1,115.85,116.25,5663500.0
LUCK,2006-05-24,116.25,118.0,115.25,116.55,9264500.0
LUCK,2006-05-25,116.55,118.8,113.5,113.7,13935500.0
LUCK,2006-05-26,113.7,114.45,108.05,108.2,8576500.0
LUCK,2006-05-29,108.2,110.9,102.8,102.8,9334000.0
LUCK,2006-05-30,102.8,106.0,98.0,103.0,11030500.0
LUCK,2006-05-31,103.0,105.2,97.85,98.5,7594500.0
LUCK,2006-06-01,98.5,103.4,98.5,103.4,5514500.0
LUCK,2006-06-02,103.4,106.2,100.95,104.0,7733500.0
LUCK,2006-06-05,104.0,106.2,103.1,105.0,4055500.0
LUCK,2006-06-06,105.0,110.25,100.6,110.25,10145500.0
LUCK,2006-06-07,110.25,112.2,104.75,105.35,9688500.0
LUCK,2006-06-08,105.35,105.0,100.1,100.1,3897000.0
LUCK,2006-06-09,100.1,103.55,95.3,102.0,4725500.0
LUCK,2006-06-12,102.0,103.0,97.0,98.1,2656000.0
LUCK,2006-06-13,98.1,98.35,93.2,93.2,2675000.0
LUCK,2006-06-14,93.2,95.25,83.9,83.9,4050000.0
LUCK,2006-06-15,83.9,88.05,83.0,88.05,2319000.0
LUCK,2006-06-16,88.05,92.45,91.1,92.45,1890500.0
LUCK,2006-06-19,92.45,97.05,95.25,97.05,1871500.0
LUCK,2006-06-20,97.05,101.9,97.15,101.9,3796000.0
LUCK,2006-06-21,101.9,106.95,102.0,106.95,8610500.0
LUCK,2006-06-22,106.95,112.25,106.3,110.5,11520000.0
LUCK,2006-06-23,110.5,114.4,105.0,105.0,13641000.0
LUCK,2006-06-26,105.0,108.9,99.75,99.75,4626500.0
LUCK,2006-06-27,99.75,99.5,94.8,94.8,4097000.0
LUCK,2006-06-28,94.8,99.5,91.05,99.5,7216500.0
LUCK,2006-06-29,99.5,104.45,101.65,104.45,2475500.0
LUCK,2006-06-30,104.45,109.0,103.5,103.55,11577500.0
LUCK,2006-07-03,103.55,103.8,98.4,98.4,2874000.0
LUCK,2006-07-04,98.4,103.0,94.35,100.7,10152200.0
LUCK,2006-07-05,100.7,104.4,100.2,104.4,11602700.0
LUCK,2006-07-06,104.4,109.6,104.25,109.6,19562500.0
LUCK,2006-07-07,109.6,112.5,106.25,107.0,16102000.0
LUCK,2006-07-10,107.0,107.5,101.65,101.7,5749700.0
LUCK,2006-07-11,101.7,105.1,99.3,103.75,7831300.0
LUCK,2006-07-12,103.75,108.9,103.0,108.9,13182600.0
LUCK,2006-07-13,108.9,112.95,109.9,110.2,13213500.0
LUCK,2006-07-14,110.2,111.1,106.3,108.5,8463500.0
LUCK,2006-07-17,108.5,110.4,105.6,109.0,9486900.0
LUCK,2006-07-18,109.0,110.1,108.3,108.3,5864300.0
LUCK,2006-07-19,108.3,111.4,107.65,109.5,10152400.0
LUCK,2006-07-20,109.5,113.25,108.5,110.95,19843100.0
LUCK,2006-07-21,110.95,111.7,108.75,109.1,4315900.0
LUCK,2006-07-24,109.1,111.8,109.25,110.5,5950400.0
LUCK,2006-07-25,110.5,112.1,109.8,110.5,5412000.0
LUCK,2006-07-26,110.5,113.6,110.0,111.9,16071800.0
LUCK,2006-07-27,111.9,112.9,111.3,111.95,7108300.0
LUCK,2006-07-28,111.95,111.55,107.75,108.1,5879000.0
LUCK,2006-07-31,108.1,109.4,107.25,107.25,2694000.0
LUCK,2006-08-01,107.25,110.3,107.3,109.0,6764900.0
LUCK,2006-08-02,109.0,110.4,107.8,108.5,5065800.0
LUCK,2006-08-03,108.5,109.9,108.6,109.5,3656300.0
LUCK,2006-08-04,109.5,110.4,108.25,108.65,2132600.0
LUCK,2006-08-07,108.65,111.5,108.8,111.5,9195100.0
LUCK,2006-08-08,111.5,111.95,109.4,109.5,3936600.0
LUCK,2006-08-09,109.5,110.6,106.15,107.45,3641800.0
LUCK,2006-08-10,107.45,108.35,102.5,105.9,2650100.0
LUCK,2006-08-11,105.9,106.5,103.55,104.4,1168400.0
LUCK,2006-08-15,104.4,105.95,103.0,103.5,1228500.0
LUCK,2006-08-16,103.5,107.6,102.75,107.25,3336600.0
LUCK,2006-08-17,107.25,108.75,105.9,106.1,3428800.0
LUCK,2006-08-18,106.1,108.5,105.7,108.0,4782500.0
LUCK,2006-08-21,108.0,109.0,106.7,107.85,3511000.0
LUCK,2006-08-22,107.85,108.2,102.5,104.2,3632700.0
LUCK,2006-08-23,104.2,105.0,102.2,104.25,1680700.0
LUCK,2006-08-24,104.25,105.4,99.05,99.8,1850700.0
LUCK,2006-08-25,99.8,100.3,94.85,94.85,4060500.0
LUCK,2006-08-28,94.85,99.0,90.4,97.7,3704400.0
LUCK,2006-08-29,97.7,98.0,94.1,96.9,2423800.0
LUCK,2006-08-30,96.9,99.65,96.8,98.1,4639300.0
LUCK,2006-08-31,98.1,100.2,97.35,97.85,3245600.0
LUCK,2006-09-01,97.85,99.15,97.3,98.95,1161800.0
LUCK,2006-09-04,98.95,103.85,99.0,103.5,8118200.0
LUCK,2006-09-05,103.5,105.7,101.0,103.4,8199400.0
LUCK,2006-09-06,103.4,105.05,102.5,104.2,4062200.0
LUCK,2006-09-07,104.2,105.35,100.4,100.4,4382100.0
LUCK,2006-09-08,100.4,101.2,98.5,100.85,3335900.0
LUCK,2006-09-11,100.85,101.3,96.5,97.9,2822400.0
LUCK,2006-09-12,97.9,101.0,97.8,99.7,6666800.0
LUCK,2006-09-13,99.7,100.55,97.5,98.2,3916700.0
LUCK,2006-09-14,98.2,99.0,95.65,97.0,1927500.0
LUCK,2006-09-15,97.0,97.75,94.6,94.9,1071900.0
LUCK,2006-09-18,94.9,96.0,92.5,92.5,846800.0
LUCK,2006-09-19,92.5,93.95,91.0,92.35,1642600.0
LUCK,2006-09-20,92.35,93.85,92.15,93.75,972500.0
LUCK,2006-09-21,93.75,95.7,94.0,94.9,1542200.0
LUCK,2006-09-22,94.9,96.35,95.0,95.25,2036800.0
LUCK,2006-09-25,95.25,96.1,93.0,93.25,739400.0
LUCK,2006-09-26,93.25,94.25,92.5,94.0,816900.0
LUCK,2006-09-27,94.0,94.8,93.5,94.4,696600.0
LUCK,2006-09-28,94.4,99.1,95.5,99.1,4868200.0
LUCK,2006-09-29,99.1,103.0,99.7,100.8,5282700.0
LUCK,2006-10-02,100.8,103.65,100.0,101.0,3951900.0
LUCK,2006-10-03,101.0,104.5,101.4,103.4,7974300.0
LUCK,2006-10-04,103.4,104.5,102.8,103.4,3248400.0
LUCK,2006-10-05,103.4,105.45,103.05,103.5,4879600.0
LUCK,2006-10-06,103.5,105.7,103.0,105.15,9536400.0
LUCK,2006-10-09,105.15,107.8,104.75,106.3,11732000.0
LUCK,2006-10-10,106.3,107.5,104.8,105.0,4800300.0
LUCK,2006-10-11,105.0,105.95,102.5,102.6,677000.0
LUCK,2006-10-12,102.6,103.0,101.25,102.85,515500.0
LUCK,2006-10-13,102.85,103.25,101.0,101.5,385900.0
LUCK,2006-10-16,101.5,103.0,101.5,103.0,434300.0
LUCK,2006-10-17,103.0,105.0,103.15,105.0,713100.0
LUCK,2006-10-18,104.0,105.5,104.0,104.75,2351000.0
LUCK,2006-10-19,104.75,106.9,103.3,104.2,6733300.0
LUCK,2006-10-30,104.2,104.55,99.0,99.0,3285400.0
LUCK,2006-10-31,99.0,99.0,94.05,94.15,7779200.0
LUCK,2006-11-01,94.15,92.75,89.45,89.45,4757000.0
LUCK,2006-11-02,89.45,90.55,86.0,90.0,8357200.0
LUCK,2006-11-03,90.0,91.9,88.75,90.8,9899400.0
LUCK,2006-11-06,90.8,91.65,87.0,87.25,5185500.0
LUCK,2006-11-07,87.25,87.65,82.9,83.5,3870600.0
LUCK,2006-11-08,83.5,87.0,80.6,85.25,7130100.0
LUCK,2006-11-10,85.25,85.0,81.0,81.1,4619400.0
LUCK,2006-11-13,81.1,82.75,77.05,77.5,5875700.0
LUCK,2006-11-14,77.5,80.4,76.75,78.05,5886600.0
LUCK,2006-11-15,78.05,79.5,76.0,76.35,2362300.0
LUCK,2006-11-16,76.35,76.55,73.7,74.3,1457300.0
LUCK,2006-11-17,74.3,77.2,72.8,73.75,2778100.0
LUCK,2006-11-20,73.75,73.55,70.8,71.0,2622300.0
LUCK,2006-11-21,71.0,72.3,69.9,71.05,2524400.0
LUCK,2006-11-22,71.05,72.6,70.55,71.75,3438400.0
LUCK,2006-11-23,71.75,73.5,72.0,72.85,4036500.0
LUCK,2006-11-24,72.85,75.15,73.0,73.85,4811300.0
LUCK,2006-11-27,73.85,74.45,72.55,73.0,1363300.0
LUCK,2006-11-28,73.0,73.25,71.3,72.2,1426300.0
LUCK,2006-11-29,72.2,73.8,71.85,72.05,1687000.0
LUCK,2006-11-30,72.05,73.2,70.7,71.05,1148800.0
LUCK,2006-12-01,71.05,74.6,70.6,74.25,3716700.0
LUCK,2006-12-04,74.25,77.95,74.25,77.95,4715900.0
LUCK,2006-12-05,77.95,79.5,76.85,78.75,3147400.0
LUCK,2006-12-06,78.75,78.75,76.9,77.1,2186000.0
LUCK,2006-12-07,77.1,78.7,73.25,73.9,2195600.0
LUCK,2006-12-08,73.9,74.45,72.5,73.75,2156700.0
LUCK,2006-12-11,73.75,74.0,72.9,73.6,438400.0
LUCK,2006-12-12,73.6,74.75,72.0,72.0,1513300.0
LUCK,2006-12-13,72.0,73.25,71.75,71.95,678600.0
LUCK,2006-12-14,71.95,72.45,70.95,71.4,598100.0
LUCK,2006-12-15,71.4,71.6,70.35,71.0,468100.0
LUCK,2006-12-18,71.0,71.4,67.45,67.45,1428100.0
LUCK,2006-12-19,67.45,67.55,64.1,64.1,825400.0
LUCK,2006-12-20,64.1,65.85,61.0,65.15,4494200.0
LUCK,2006-12-21,65.15,65.5,61.9,61.9,2650700.0
LUCK,2006-12-22,61.9,61.0,58.85,58.85,4533700.0
LUCK,2006-12-26,58.85,60.0,56.85,58.5,3133900.0
LUCK,2006-12-27,58.5,60.95,59.0,59.35,2476200.0
LUCK,2006-12-28,59.35,61.45,59.35,60.85,3916600.0
LUCK,2006-12-29,60.85,61.2,59.0,59.9,2069200.0
LUCK,2007-01-03,59.9,60.1,59.05,60.0,252400.0
LUCK,2007-01-04,60.0,60.4,57.75,58.0,1770600.0
LUCK,2007-01-05,58.0,59.15,55.8,58.9,2720400.0
LUCK,2007-01-08,58.9,60.75,58.4,59.1,5775400.0
LUCK,2007-01-09,59.1,61.15,59.65,60.0,6042800.0
LUCK,2007-01-10,60.0,63.0,59.85,63.0,8301300.0
LUCK,2007-01-11,63.0,63.55,61.9,62.25,3356100.0
LUCK,2007-01-12,62.25,62.9,61.5,62.8,2361200.0
LUCK,2007-01-15,62.8,65.7,62.0,65.05,5491400.0
LUCK,2007-01-16,65.05,65.5,63.0,64.25,4845700.0
LUCK,2007-01-17,64.25,65.6,63.85,64.0,4856900.0
LUCK,2007-01-18,64.0,64.65,63.1,63.7,2718700.0
LUCK,2007-01-19,63.7,64.65,63.5,63.6,1555700.0
LUCK,2007-01-22,63.6,65.1,63.1,64.7,3982200.0
LUCK,2007-01-23,64.7,65.3,63.95,64.15,1246900.0
LUCK,2007-01-24,64.15,65.0,64.0,64.3,2804000.0
LUCK,2007-01-25,64.3,65.3,64.05,64.25,3540200.0
LUCK,2007-01-26,64.25,66.4,64.55,65.4,7472900.0
LUCK,2007-01-31,65.4,67.35,65.65,66.5,8720000.0
LUCK,2007-02-01,66.5,67.5,65.85,66.5,3596600.0
LUCK,2007-02-02,66.5,68.0,67.0,67.45,4937000.0
LUCK,2007-02-06,67.45,70.8,69.1,70.8,5151900.0
LUCK,2007-02-07,70.8,74.3,72.0,74.3,12721300.0
LUCK,2007-02-08,74.3,77.25,72.15,75.85,19333700.0
LUCK,2007-02-09,75.85,76.7,72.5,73.15,5920700.0
LUCK,2007-02-12,73.15,75.25,72.0,72.0,9511500.0
LUCK,2007-02-13,72.0,73.2,70.8,71.75,4575500.0
LUCK,2007-02-14,71.75,72.0,68.2,68.2,3510300.0
LUCK,2007-02-15,68.2,66.35,64.8,65.1,8354000.0
LUCK,2007-02-16,65.1,65.9,63.15,65.25,6123400.0
LUCK,2007-02-19,65.25,68.5,63.85,68.5,8863300.0
LUCK,2007-02-20,68.5,71.0,67.8,69.15,9282900.0
LUCK,2007-02-21,69.15,70.45,67.5,69.15,5691300.0
LUCK,2007-02-22,69.15,70.0,68.5,69.0,1715500.0
LUCK,2007-02-23,69.0,70.55,68.35,68.6,8930800.0
LUCK,2007-02-26,68.6,70.2,67.8,67.8,6942200.0
LUCK,2007-02-27,67.8,68.2,66.1,67.15,3503800.0
LUCK,2007-02-28,67.15,66.75,65.2,65.55,2509500.0
LUCK,2007-03-01,65.55,68.15,65.75,67.3,7950600.0
LUCK,2007-03-02,67.3,70.1,67.6,67.6,10958600.0
LUCK,2007-03-05,67.6,67.5,65.45,66.5,3593900.0
LUCK,2007-03-06,66.5,69.0,67.0,67.95,6625300.0
LUCK,2007-03-07,67.95,71.3,68.7,71.3,12565500.0
LUCK,2007-03-08,71.3,74.85,72.0,74.85,13401400.0
LUCK,2007-03-09,74.85,77.7,75.6,76.45,17981400.0
LUCK,2007-03-12,76.45,80.25,75.2,80.25,20674500.0
LUCK,2007-03-13,80.25,82.45,79.25,79.7,18676800.0
LUCK,2007-03-14,79.7,81.3,78.05,78.6,24653900.0
LUCK,2007-03-15,78.6,79.7,77.9,78.8,10285800.0
LUCK,2007-03-16,78.8,79.6,77.5,77.75,4553200.0
LUCK,2007-03-19,77.75,79.1,73.9,74.7,7064800.0
LUCK,2007-03-20,74.7,78.3,73.7,77.5,12173600.0
LUCK,2007-03-21,77.5,79.1,76.8,78.5,12260300.0
LUCK,2007-03-22,78.5,79.1,77.6,78.25,5462500.0
LUCK,2007-03-26,78.25,79.75,77.8,79.6,9397800.0
LUCK,2007-03-27,79.6,81.35,79.75,80.95,11634700.0
LUCK,2007-03-28,80.95,81.4,78.55,79.2,5270300.0
LUCK,2007-03-29,79.2,80.2,78.75,79.55,5218200.0
LUCK,2007-03-30,79.55,79.85,79.0,79.3,2011700.0
LUCK,2007-04-02,79.3,80.1,79.2,79.65,3580600.0
LUCK,2007-04-03,79.65,83.6,80.0,83.5,14786600.0
LUCK,2007-04-04,83.5,87.1,84.1,86.7,32789500.0
LUCK,2007-04-05,86.7,87.15,85.5,86.8,14667200.0
LUCK,2007-04-06,86.8,91.1,86.8,91.1,35384100.0
LUCK,2007-04-09,91.1,94.65,89.55,93.4,39915000.0
LUCK,2007-04-10,93.4,94.3,92.4,92.6,14435600.0
LUCK,2007-04-11,92.6,96.7,92.5,95.6,29734100.0
LUCK,2007-04-12,95.6,98.7,95.7,96.85,25159100.0
LUCK,2007-04-13,96.85,98.2,96.2,97.5,13877400.0
LUCK,2007-04-16,97.5,99.4,97.1,98.3,19796700.0
LUCK,2007-04-17,98.3,100.35,97.8,98.85,23149000.0
LUCK,2007-04-18,98.85,100.45,99.0,99.7,13282700.0
LUCK,2007-04-19,99.7,100.0,97.7,98.4,9532600.0
LUCK,2007-04-20,98.4,102.65,96.9,101.2,38605600.0
LUCK,2007-04-23,101.2,102.25,96.6,99.2,19658400.0
LUCK,2007-04-24,99.2,102.2,100.5,101.1,14088200.0
LUCK,2007-04-25,101.1,102.0,99.55,100.35,13420800.0
LUCK,2007-04-26,100.35,105.0,100.0,104.75,34264400.0
LUCK,2007-04-27,104.75,105.8,103.25,103.5,17204200.0
LUCK,2007-04-30,103.5,105.5,102.0,104.35,17886200.0
LUCK,2007-05-02,104.35,106.3,103.35,104.0,14922000.0
LUCK,2007-05-03,104.0,106.5,103.4,105.55,30621100.0
LUCK,2007-05-04,105.55,108.25,105.5,106.8,24430700.0
LUCK,2007-05-07,106.8,106.3,101.5,101.5,11558500.0
LUCK,2007-05-08,101.5,102.95,99.6,102.95,11343800.0
LUCK,2007-05-09,102.95,104.65,102.2,102.5,14721100.0
LUCK,2007-05-10,102.5,103.95,100.25,102.5,17265000.0
LUCK,2007-05-11,102.5,102.95,101.5,102.0,5632300.0
LUCK,2007-05-14,102.0,101.5,99.05,100.35,7369500.0
LUCK,2007-05-15,100.35,101.9,99.5,99.75,5247400.0
LUCK,2007-05-16,99.75,100.4,95.15,97.5,8448000.0
LUCK,2007-05-17,97.5,99.2,96.2,98.75,9815600.0
LUCK,2007-05-18,98.75,100.1,98.5,99.35,7331700.0
LUCK,2007-05-21,99.35,99.4,97.7,98.45,3544500.0
LUCK,2007-05-22,98.45,101.0,98.5,100.35,12487000.0
LUCK,2007-05-23,100.35,101.8,100.0,100.85,8759100.0
LUCK,2007-05-24,100.85,104.0,101.5,104.0,16688700.0
LUCK,2007-05-25,104.0,105.3,102.25,103.0,13602600.0
LUCK,2007-05-28,103.0,108.15,104.25,108.15,26387300.0
LUCK,2007-05-29,108.15,112.95,107.6,112.2,36782600.0
LUCK,2007-05-30,112.2,112.15,108.8,108.85,15351300.0
LUCK,2007-05-31,108.85,111.9,109.3,110.15,15756700.0
LUCK,2007-06-01,110.15,111.45,108.6,109.0,10660500.0
LUCK,2007-06-04,109.0,111.3,108.2,110.1,15024100.0
LUCK,2007-06-05,110.1,113.85,109.65,113.25,32475000.0
LUCK,2007-06-06,113.25,115.2,111.25,111.8,34170800.0
LUCK,2007-06-07,111.8,112.8,110.5,112.05,9276400.0
LUCK,2007-06-08,112.05,113.75,110.9,113.4,15163700.0
LUCK,2007-06-11,113.4,118.1,114.45,116.2,26727500.0
LUCK,2007-06-12,116.2,122.0,116.25,121.9,41786500.0
LUCK,2007-06-13,121.9,124.6,120.1,122.4,30894100.0
LUCK,2007-06-14,122.4,125.3,120.5,122.55,21699600.0
LUCK,2007-06-15,122.55,122.9,118.5,121.45,10621200.0
LUCK,2007-06-18,121.45,124.8,121.35,123.9,13516800.0
LUCK,2007-06-19,123.9,124.5,121.0,121.5,4867000.0
LUCK,2007-06-20,121.5,123.0,120.4,121.0,4111000.0
LUCK,2007-06-21,121.0,127.05,121.0,126.75,22056100.0
LUCK,2007-06-22,126.75,133.05,123.0,133.05,31902500.0
LUCK,2007-06-25,133.05,137.7,131.55,133.95,28443400.0
LUCK,2007-06-26,133.95,140.1,132.75,137.1,32821500.0
LUCK,2007-06-27,137.1,139.4,136.85,137.75,13390800.0
LUCK,2007-06-28,137.75,138.85,136.1,136.9,8915700.0
LUCK,2007-06-29,136.9,139.9,135.25,137.75,23023700.0
LUCK,2007-07-02,137.75,139.8,137.3,138.5,12987900.0
LUCK,2007-07-03,138.5,141.2,137.4,138.0,13584300.0
LUCK,2007-07-04,138.0,139.6,137.0,137.0,5916500.0
LUCK,2007-07-05,137.0,137.85,134.05,134.05,6689500.0
LUCK,2007-07-06,134.05,136.5,133.05,134.1,9007100.0
LUCK,2007-07-09,134.1,135.9,132.8,132.85,4337100.0
LUCK,2007-07-10,132.85,134.65,129.6,130.0,6706100.0
LUCK,2007-07-11,130.0,132.4,127.65,131.35,9526000.0
LUCK,2007-07-12,131.35,133.15,130.75,132.25,9586900.0
LUCK,2007-07-13,132.25,134.7,129.5,130.9,10033700.0
LUCK,2007-07-16,130.9,130.6,125.0,126.25,5975300.0
LUCK,2007-07-17,126.25,129.4,126.0,129.1,11101400.0
LUCK,2007-07-18,129.1,129.45,122.65,124.5,6685200.0
LUCK,2007-07-19,124.5,124.8,118.3,118.3,3700600.0
LUCK,2007-07-20,118.3,118.65,112.4,117.35,8831400.0
LUCK,2007-07-23,117.35,123.2,118.0,123.2,8892800.0
LUCK,2007-07-24,123.2,126.0,121.5,122.8,20695100.0
LUCK,2007-07-25,122.8,127.25,121.0,126.2,23144400.0
LUCK,2007-07-26,126.2,130.5,125.55,128.0,21192400.0
LUCK,2007-07-27,128.0,129.5,127.1,128.2,13915700.0
LUCK,2007-07-30,128.2,129.8,128.0,129.5,8526300.0
LUCK,2007-07-31,129.5,131.9,128.65,130.2,25897200.0
LUCK,2007-08-01,130.2,131.5,127.6,127.8,20750600.0
LUCK,2007-08-02,127.8,129.2,127.2,128.4,8710700.0
LUCK,2007-08-03,128.4,129.1,126.2,126.5,6113700.0
LUCK,2007-08-06,126.5,127.25,122.7,122.75,9964600.0
LUCK,2007-08-07,122.75,124.25,119.6,124.0,10154100.0
LUCK,2007-08-08,124.0,125.75,124.0,124.75,4604000.0
LUCK,2007-08-09,124.75,120.5,118.55,119.3,7235700.0
LUCK,2007-08-10,119.3,122.35,113.35,113.35,4369300.0
LUCK,2007-08-13,113.35,113.95,107.7,107.7,5784100.0
LUCK,2007-08-15,107.7,110.5,105.05,110.25,13093700.0
LUCK,2007-08-16,110.25,109.6,107.0,107.5,2040000.0
LUCK,2007-08-17,107.5,108.75,106.0,108.0,1224700.0
LUCK,2007-08-20,108.0,109.0,105.5,105.5,1702900.0
LUCK,2007-08-21,105.5,105.25,100.25,101.0,1418200.0
LUCK,2007-08-22,101.0,105.0,96.25,104.9,1973400.0
LUCK,2007-08-23,103.65,108.4,100.0,102.2,14610200.0
LUCK,2007-08-24,102.2,107.3,99.55,106.75,11923300.0
LUCK,2007-08-27,106.75,109.7,106.8,107.1,5919300.0
LUCK,2007-08-28,107.1,109.2,105.0,108.3,5996200.0
LUCK,2007-08-29,108.3,113.4,107.65,112.75,13008900.0
LUCK,2007-08-30,112.75,115.9,112.5,114.35,15459800.0
LUCK,2007-08-31,114.35,114.25,109.0,110.15,9444200.0
LUCK,2007-09-03,110.15,109.0,105.8,107.45,5953400.0
LUCK,2007-09-04,107.45,112.8,106.7,112.8,9001000.0
LUCK,2007-09-05,112.8,118.4,116.0,118.4,14810200.0
LUCK,2007-09-06,118.4,121.0,118.05,118.5,25546800.0
LUCK,2007-09-07,118.5,123.35,117.8,120.4,17883900.0
LUCK,2007-09-10,120.4,126.4,119.0,126.4,15765100.0
LUCK,2007-09-11,126.4,130.2,124.75,126.7,15892600.0
LUCK,2007-09-12,126.7,129.6,126.6,129.2,11348600.0
LUCK,2007-09-13,129.2,131.25,127.4,127.75,14347600.0
LUCK,2007-09-14,127.75,132.0,121.4,122.4,25319300.0
LUCK,2007-09-17,122.4,124.8,122.0,124.0,5321900.0
LUCK,2007-09-18,124.0,126.95,124.0,124.25,7080700.0
LUCK,2007-09-19,124.25,126.25,124.55,125.5,5530700.0
LUCK,2007-09-20,125.5,128.45,123.6,124.15,10520500.0
LUCK,2007-09-21,124.15,126.0,123.35,124.6,5540800.0
LUCK,2007-09-24,124.6,130.8,125.0,129.5,29337300.0
LUCK,2007-09-25,129.5,130.85,128.0,128.0,8537600.0
LUCK,2007-09-26,128.0,129.3,127.15,127.25,4299400.0
LUCK,2007-09-27,127.25,130.0,127.25,129.0,8710100.0
LUCK,2007-09-28,129.0,129.4,127.4,128.25,3227800.0
LUCK,2007-10-01,128.25,134.5,130.5,134.3,21343300.0
LUCK,2007-10-02,134.3,136.5,134.0,134.8,13018800.0
LUCK,2007-10-03,134.8,136.5,133.1,135.75,12839000.0
LUCK,2007-10-04,135.75,139.1,136.35,137.5,22721500.0
LUCK,2007-10-05,137.5,139.0,132.6,133.3,10251400.0
LUCK,2007-10-08,133.3,136.5,134.35,135.0,6871000.0
LUCK,2007-10-09,135.0,136.15,134.0,134.0,2579100.0
LUCK,2007-10-11,134.0,139.7,133.0,137.0,22568300.0
LUCK,2007-10-17,137.0,139.4,136.05,137.0,13343900.0
LUCK,2007-10-18,137.0,143.85,137.0,143.05,43192000.0
LUCK,2007-10-19,143.05,145.6,140.3,141.3,22627600.0
LUCK,2007-10-22,141.3,141.8,138.0,138.0,24869800.0
LUCK,2007-10-23,138.0,139.55,131.15,133.7,13809700.0
LUCK,2007-10-24,133.7,134.7,127.05,127.05,11742600.0
LUCK,2007-10-25,127.05,132.0,125.65,129.0,11476400.0
LUCK,2007-10-26,129.0,131.6,128.5,128.5,5826200.0
LUCK,2007-10-29,128.5,131.2,128.6,129.8,4785800.0
LUCK,2007-10-30,129.8,130.45,124.05,124.1,4568100.0
LUCK,2007-10-31,124.1,127.5,124.25,127.25,8109900.0
LUCK,2007-11-01,127.25,127.5,121.2,122.5,5055000.0
LUCK,2007-11-02,122.5,125.9,120.1,123.0,11377100.0
LUCK,2007-11-05,123.0,125.2,116.85,116.85,11072800.0
LUCK,2007-11-06,116.85,121.5,116.0,120.8,11883200.0
LUCK,2007-11-07,120.8,121.0,118.7,119.95,5070800.0
LUCK,2007-11-08,119.95,119.5,116.1,118.55,3534000.0
LUCK,2007-11-12,118.55,121.75,119.35,120.8,5295200.0
LUCK,2007-11-13,120.8,122.35,119.5,120.0,8644500.0
LUCK,2007-11-14,120.0,121.3,114.25,115.8,5000600.0
LUCK,2007-11-15,115.8,116.4,110.05,110.8,5772400.0
LUCK,2007-11-16,110.8,113.85,110.6,113.0,5806100.0
LUCK,2007-11-19,113.0,115.25,110.55,115.0,2846800.0
LUCK,2007-11-20,115.0,115.65,113.0,113.65,5523100.0
LUCK,2007-11-21,113.65,116.4,114.0,115.5,6368900.0
LUCK,2007-11-22,115.5,118.9,115.7,117.5,10855400.0
LUCK,2007-11-23,117.5,119.4,117.5,118.25,6069400.0
LUCK,2007-11-26,118.25,119.5,116.7,117.0,3644300.0
LUCK,2007-11-27,117.0,117.5,115.65,116.2,3568600.0
LUCK,2007-11-28,116.2,119.8,115.8,119.75,14264500.0
LUCK,2007-11-29,119.75,124.3,120.0,122.25,19910700.0
LUCK,2007-11-30,122.25,124.0,122.25,123.05,13020600.0
LUCK,2007-12-03,123.05,123.7,118.5,119.0,6157600.0
LUCK,2007-12-04,119.0,123.8,117.5,123.6,12345500.0
LUCK,2007-12-05,123.6,124.7,122.65,122.75,8807800.0
LUCK,2007-12-06,122.75,123.9,121.3,121.5,5052500.0
LUCK,2007-12-07,121.5,124.35,120.2,123.2,8435900.0
LUCK,2007-12-10,123.2,125.25,123.1,123.55,6594800.0
LUCK,2007-12-11,123.55,125.25,122.5,124.4,7522700.0
LUCK,2007-12-12,124.4,125.2,122.45,122.5,3322700.0
LUCK,2007-12-13,122.5,123.4,121.5,122.0,2082600.0
LUCK,2007-12-14,122.0,123.85,121.5,123.75,3558500.0
LUCK,2007-12-17,123.75,124.4,122.3,122.5,2187300.0
LUCK,2007-12-18,122.5,123.5,121.5,122.25,1699100.0
LUCK,2007-12-19,122.25,123.7,121.9,122.75,3387100.0
LUCK,2007-12-24,122.75,124.75,122.8,124.0,3851500.0
LUCK,2007-12-26,124.0,124.9,123.15,124.5,3002000.0
LUCK,2007-12-27,124.5,125.25,122.6,122.6,3749300.0
LUCK,2007-12-31,122.6,116.5,116.5,116.5,232900.0
LUCK,2008-01-01,116.5,113.65,110.7,111.55,6807100.0
LUCK,2008-01-02,111.55,113.2,106.6,107.7,3173900.0
LUCK,2008-01-03,107.7,113.05,111.1,113.05,962400.0
LUCK,2008-01-04,113.05,118.7,114.8,118.7,6471800.0
LUCK,2008-01-07,118.7,121.15,117.7,118.5,8762200.0
LUCK,2008-01-08,118.5,123.3,118.75,122.0,6367500.0
LUCK,2008-01-09,122.0,122.85,120.7,121.35,3703100.0
LUCK,2008-01-10,121.35,121.85,117.8,118.7,2088700.0
LUCK,2008-01-11,118.7,120.0,116.75,118.75,3082900.0
LUCK,2008-01-14,118.75,120.75,118.2,119.05,2232500.0
LUCK,2008-01-15,119.05,119.4,117.8,118.1,924700.0
LUCK,2008-01-16,118.1,118.95,113.6,114.4,2956800.0
LUCK,2008-01-17,114.4,115.25,110.7,112.1,4199800.0
LUCK,2008-01-18,112.1,115.45,111.0,115.05,9949000.0
LUCK,2008-01-21,115.05,116.9,113.75,113.8,6891700.0
LUCK,2008-01-22,113.8,113.5,111.25,113.15,5101600.0
LUCK,2008-01-23,113.15,114.7,113.0,113.75,2670900.0
LUCK,2008-01-24,113.75,115.05,113.05,113.55,2797200.0
LUCK,2008-01-25,113.55,114.9,113.35,114.5,1655600.0
LUCK,2008-01-28,114.5,116.3,114.0,115.9,4675200.0
LUCK,2008-01-29,115.9,117.9,115.5,116.3,6538300.0
LUCK,2008-01-30,116.3,116.9,115.0,115.0,1359600.0
LUCK,2008-01-31,115.0,117.45,115.3,116.55,4486600.0
LUCK,2008-02-01,116.55,116.75,115.5,115.5,1720800.0
LUCK,2008-02-04,115.5,116.55,115.0,115.8,1707800.0
LUCK,2008-02-06,115.8,116.15,115.05,115.2,644800.0
LUCK,2008-02-07,115.2,115.75,114.25,115.0,638600.0
LUCK,2008-02-08,115.0,116.1,114.6,115.0,1046500.0
LUCK,2008-02-11,115.0,115.5,114.5,115.4,675900.0
LUCK,2008-02-12,115.4,121.15,115.0,120.7,13293700.0
LUCK,2008-02-13,120.7,123.15,120.7,122.25,16692500.0
LUCK,2008-02-14,122.25,123.9,122.0,122.25,10678100.0
LUCK,2008-02-15,122.25,122.7,121.15,121.6,4818200.0
LUCK,2008-02-19,121.6,127.25,122.0,126.35,15698500.0
LUCK,2008-02-20,126.35,128.9,125.2,127.55,17230600.0
LUCK,2008-02-21,127.55,129.9,128.0,128.8,12239600.0
LUCK,2008-02-22,128.8,131.85,127.9,129.5,18291200.0
LUCK,2008-02-25,129.5,130.65,127.25,127.75,5975000.0
LUCK,2008-02-26,127.75,133.1,126.75,131.45,25347900.0
LUCK,2008-02-27,131.45,133.55,129.5,129.95,11608800.0
LUCK,2008-02-28,129.95,131.5,128.8,130.15,5947100.0
LUCK,2008-02-29,130.15,132.2,129.8,130.1,8129700.0
LUCK,2008-03-03,130.1,131.65,127.6,128.25,5658400.0
LUCK,2008-03-04,128.25,131.35,126.25,128.95,9872100.0
LUCK,2008-03-05,128.95,134.95,129.5,134.35,19699200.0
LUCK,2008-03-06,134.35,136.2,133.1,133.7,16683200.0
LUCK,2008-03-07,133.7,137.0,133.0,136.9,23552500.0
LUCK,2008-03-10,136.9,137.0,133.6,134.0,12927300.0
LUCK,2008-03-11,134.0,135.45,132.3,134.4,11530600.0
LUCK,2008-03-12,134.4,138.7,135.0,137.9,33621100.0
LUCK,2008-03-13,137.9,139.45,136.8,138.85,33846000.0
LUCK,2008-03-14,138.85,139.95,138.0,138.45,14639400.0
LUCK,2008-03-17,138.45,138.45,134.5,134.7,8353200.0
LUCK,2008-03-18,134.7,136.3,129.0,135.15,26625700.0
LUCK,2008-03-19,135.15,138.7,136.25,137.2,19257800.0
LUCK,2008-03-20,137.2,137.95,135.4,136.5,11919500.0
LUCK,2008-03-24,136.5,141.25,137.65,140.65,30586500.0
LUCK,2008-03-25,140.65,140.6,137.3,138.2,10495600.0
LUCK,2008-03-26,138.2,140.75,137.9,138.9,15572800.0
LUCK,2008-03-27,138.9,140.5,138.1,138.25,7460900.0
LUCK,2008-03-28,138.25,139.8,138.5,138.75,6377300.0
LUCK,2008-03-31,138.75,140.4,137.5,139.75,15573400.0
LUCK,2008-04-01,139.75,140.65,138.1,138.35,8787900.0
LUCK,2008-04-02,138.35,139.0,137.7,138.2,6328100.0
LUCK,2008-04-03,138.2,145.1,137.5,145.1,28941700.0
LUCK,2008-04-04,145.1,148.5,143.6,144.05,27899700.0
LUCK,2008-04-07,144.05,146.5,143.85,144.1,6235800.0
LUCK,2008-04-08,144.1,147.2,142.7,145.5,22938100.0
LUCK,2008-04-09,145.5,150.65,143.3,144.0,21468900.0
LUCK,2008-04-10,144.0,146.0,142.0,144.95,13811400.0
LUCK,2008-04-11,144.95,146.75,144.0,144.25,6907000.0
LUCK,2008-04-14,144.25,147.15,143.3,145.2,8315700.0
LUCK,2008-04-15,145.2,147.7,145.55,146.25,6546700.0
LUCK,2008-04-16,146.25,148.2,145.2,146.6,9183700.0
LUCK,2008-04-17,146.6,147.8,145.8,146.2,5916900.0
LUCK,2008-04-18,146.2,149.3,146.3,147.0,13581900.0
LUCK,2008-04-21,147.0,147.9,144.75,144.9,3689000.0
LUCK,2008-04-22,144.9,145.0,141.75,142.5,3741100.0
LUCK,2008-04-23,142.5,143.8,139.0,141.5,4020200.0
LUCK,2008-04-24,141.5,144.8,141.75,142.0,5438000.0
LUCK,2008-04-25,142.0,144.4,141.75,143.5,4503900.0
LUCK,2008-04-28,143.5,145.8,143.1,144.0,5272000.0
LUCK,2008-04-29,144.0,144.8,142.5,142.8,3517400.0
LUCK,2008-04-30,142.8,144.75,142.1,143.2,5430300.0
LUCK,2008-05-02,143.2,144.0,138.1,138.85,3649300.0
LUCK,2008-05-05,138.85,142.0,136.11,139.1,5131800.0
LUCK,2008-05-06,139.1,140.0,133.7,135.5,4145500.0
LUCK,2008-05-07,135.5,137.05,132.0,132.0,4265900.0
LUCK,2008-05-08,132.0,128.75,125.4,125.4,4600800.0
LUCK,2008-05-09,125.4,128.0,123.0,126.51,7939000.0
LUCK,2008-05-12,126.51,128.25,124.55,126.8,3007800.0
LUCK,2008-05-13,126.8,129.5,126.8,126.8,6431800.0
LUCK,2008-05-14,126.8,128.2,125.1,127.4,6574600.0
LUCK,2008-05-15,127.4,130.9,127.6,128.11,9116300.0
LUCK,2008-05-16,128.11,127.7,125.0,126.5,2491500.0
LUCK,2008-05-19,126.5,126.99,121.51,122.99,1966700.0
LUCK,2008-05-20,122.99,124.6,117.5,121.75,4780900.0
LUCK,2008-05-21,121.75,122.68,117.6,120.7,4666100.0
LUCK,2008-05-22,120.7,121.9,114.7,116.25,3774600.0
LUCK,2008-05-23,116.25,113.5,110.44,110.44,2237500.0
LUCK,2008-05-26,110.44,107.5,104.92,104.92,1738900.0
LUCK,2008-05-27,104.92,110.15,102.99,109.4,10519100.0
LUCK,2008-05-28,109.4,110.25,103.93,103.93,2625900.0
LUCK,2008-05-29,103.93,104.55,98.74,103.5,3026200.0
LUCK,2008-05-30,103.5,108.67,98.33,108.45,6772200.0
LUCK,2008-06-02,108.45,113.6,106.0,112.0,5535400.0
LUCK,2008-06-03,112.0,114.7,109.5,111.25,5705400.0
LUCK,2008-06-04,111.25,116.81,116.0,116.81,5084300.0
LUCK,2008-06-05,116.81,116.8,111.5,111.5,7111500.0
LUCK,2008-06-06,111.5,113.4,110.5,113.35,4472700.0
LUCK,2008-06-09,113.35,113.8,108.01,108.5,1163200.0
LUCK,2008-06-10,108.5,112.51,106.0,111.39,5391100.0
LUCK,2008-06-11,111.39,113.7,111.0,111.4,4256700.0
LUCK,2008-06-12,111.4,111.95,109.75,110.49,2024600.0
LUCK,2008-06-13,110.49,112.4,110.01,110.5,2354600.0
LUCK,2008-06-16,110.5,111.0,104.98,105.45,2667100.0
LUCK,2008-06-17,105.45,104.95,100.18,100.18,8177400.0
LUCK,2008-06-18,100.18,102.4,96.7,96.8,8540200.0
LUCK,2008-06-19,96.8,95.8,91.96,93.25,8348100.0
LUCK,2008-06-20,93.25,96.5,88.59,93.0,6455900.0
LUCK,2008-06-23,93.0,93.95,88.35,88.35,2432600.0
LUCK,2008-06-24,88.35,97.18,91.1,97.18,6240200.0
LUCK,2008-06-25,97.18,103.75,96.4,100.9,12224400.0
LUCK,2008-06-26,100.9,103.6,99.9,99.9,5668700.0
LUCK,2008-06-27,99.9,100.75,98.91,98.91,540500.0
LUCK,2008-06-30,98.91,97.93,97.93,97.93,5300.0
LUCK,2008-07-01,97.93,97.45,96.96,96.96,785400.0
LUCK,2008-07-02,96.96,96.0,96.0,96.0,76100.0
LUCK,2008-07-03,96.0,96.0,96.0,96.0,200.0
LUCK,2008-07-04,96.0,95.04,95.04,95.04,27200.0
LUCK,2008-07-07,95.04,95.04,95.04,95.04,30500.0
LUCK,2008-07-08,95.04,94.09,94.09,94.09,82600.0
LUCK,2008-07-09,94.09,93.15,93.15,93.15,17400.0
LUCK,2008-07-10,93.15,92.22,92.22,92.22,3700.0
LUCK,2008-07-11,92.22,91.3,91.3,91.3,12100.0
LUCK,2008-07-14,91.3,86.74,86.74,86.74,1015300.0
LUCK,2008-07-15,86.74,87.4,82.41,82.41,12570700.0
LUCK,2008-07-16,82.41,83.9,78.29,78.29,1246700.0
LUCK,2008-07-17,78.29,74.38,74.38,74.38,232400.0
LUCK,2008-07-18,74.38,78.09,71.2,75.5,6667800.0
LUCK,2008-07-21,75.5,79.27,71.73,79.27,3570000.0
LUCK,2008-07-22,79.27,83.23,78.05,83.23,1533100.0
LUCK,2008-07-23,83.23,87.39,84.3,87.39,2327000.0
LUCK,2008-07-24,87.39,91.75,87.5,90.0,5137600.0
LUCK,2008-07-25,90.0,92.7,85.5,87.0,6206400.0
LUCK,2008-07-28,87.0,85.8,82.65,82.65,210900.0
LUCK,2008-07-29,82.65,80.85,78.52,78.52,5314200.0
LUCK,2008-07-30,78.52,82.44,79.5,82.0,3629000.0
LUCK,2008-07-31,82.0,82.0,77.9,77.9,1718400.0
LUCK,2008-08-01,77.9,74.01,74.01,74.01,180700.0
LUCK,2008-08-04,74.01,74.5,70.31,70.31,3610200.0
LUCK,2008-08-05,70.31,73.82,66.8,73.8,4981300.0
LUCK,2008-08-06,73.8,73.3,70.11,72.5,3200700.0
LUCK,2008-08-07,72.5,75.0,68.88,72.11,4319200.0
LUCK,2008-08-08,72.11,75.7,71.62,75.5,1867600.0
LUCK,2008-08-11,75.5,78.75,73.1,74.3,3898100.0
LUCK,2008-08-12,74.3,74.9,70.59,70.59,1449400.0
LUCK,2008-08-13,70.59,68.85,67.07,67.07,1818600.0
LUCK,2008-08-15,67.07,70.3,65.2,70.25,5692100.0
LUCK,2008-08-18,70.25,73.76,69.0,73.76,3662400.0
LUCK,2008-08-19,73.76,76.9,74.11,75.8,4636400.0
LUCK,2008-08-20,75.8,72.75,72.01,72.01,694500.0
LUCK,2008-08-21,72.01,72.69,68.41,68.41,4800400.0
LUCK,2008-08-22,68.41,70.12,65.55,67.25,3582100.0
LUCK,2008-08-25,67.25,68.5,64.0,64.0,1961200.0
LUCK,2008-08-26,64.0,65.75,60.8,60.8,1718600.0
LUCK,2008-08-27,60.8,59.4,57.76,57.77,2170300.0
LUCK,2008-08-28,57.77,59.75,57.77,57.77,744800.0
LUCK,2008-08-29,57.77,57.78,57.77,57.77,87600.0
LUCK,2008-09-01,57.77,57.77,57.77,57.77,79200.0
LUCK,2008-09-02,57.77,57.77,57.77,57.77,2100.0
LUCK,2008-09-03,57.77,57.77,57.77,57.77,7500.0
LUCK,2008-09-04,57.77,57.77,57.77,57.77,14400.0
LUCK,2008-09-05,57.77,58.45,57.77,57.78,1115600.0
LUCK,2008-09-08,57.78,59.48,57.77,57.77,600400.0
LUCK,2008-09-09,57.77,57.77,57.77,57.77,4700.0
LUCK,2008-09-10,57.77,57.77,57.77,57.77,52700.0
LUCK,2008-09-11,57.77,58.0,57.77,57.77,985400.0
LUCK,2008-09-12,57.77,57.77,57.77,57.77,79100.0
LUCK,2008-09-15,57.77,57.77,57.77,57.77,5000.0
LUCK,2008-09-19,57.77,57.77,57.77,57.77,100.0
LUCK,2008-09-22,57.77,57.77,57.77,57.77,100.0
LUCK,2008-09-29,57.77,57.77,57.77,57.77,9700.0
LUCK,2008-12-15,57.77,54.89,54.89,54.89,100.0
LUCK,2008-12-16,54.89,52.15,52.15,52.15,0.0
LUCK,2008-12-17,52.15,49.55,49.55,49.55,0.0
LUCK,2008-12-18,49.55,47.08,47.08,47.08,0.0
LUCK,2008-12-19,47.08,44.73,44.73,44.73,0.0
LUCK,2008-12-22,44.73,42.5,42.5,42.5,500.0
LUCK,2008-12-23,42.5,40.38,40.38,40.38,100.0
LUCK,2008-12-24,40.38,38.37,38.37,38.37,100.0
LUCK,2008-12-26,38.37,36.46,36.46,36.46,11900.0
LUCK,2008-12-29,36.46,34.64,34.64,34.64,100.0
LUCK,2008-12-30,34.64,32.91,32.91,32.91,33500.0
LUCK,2008-12-31,32.91,31.27,31.27,31.27,12500.0
LUCK,2009-01-01,31.27,29.71,29.71,29.71,14300.0
LUCK,2009-01-02,29.71,31.19,28.23,31.06,2958200.0
LUCK,2009-01-05,31.06,32.61,30.01,32.61,2354300.0
LUCK,2009-01-06,32.61,34.24,33.25,34.24,1005200.0
LUCK,2009-01-09,34.24,35.95,34.0,35.87,1458200.0
LUCK,2009-01-12,35.87,37.43,34.08,34.08,512300.0
LUCK,2009-01-13,34.08,33.95,32.38,32.38,1260400.0
LUCK,2009-01-14,32.38,33.1,30.77,30.89,3203100.0
LUCK,2009-01-15,30.89,31.49,29.35,29.35,2305100.0
LUCK,2009-01-16,29.35,29.5,27.89,27.89,697900.0
LUCK,2009-01-19,27.89,26.89,26.5,26.5,277800.0
LUCK,2009-01-20,26.5,27.82,25.26,27.77,999400.0
LUCK,2009-01-21,27.77,28.69,26.51,26.72,703100.0
LUCK,2009-01-22,26.72,28.05,26.36,28.0,1289200.0
LUCK,2009-01-23,28.0,28.95,26.75,27.0,369300.0
LUCK,2009-01-26,27.0,27.5,26.6,27.16,484000.0
LUCK,2009-01-27,27.16,28.51,26.86,28.37,1373200.0
LUCK,2009-01-28,28.37,29.78,28.26,29.75,1414600.0
LUCK,2009-01-29,29.75,30.0,28.3,29.01,583400.0
LUCK,2009-01-30,29.01,30.46,28.7,30.46,2241000.0
LUCK,2009-02-02,30.46,31.97,29.85,31.34,2239100.0
LUCK,2009-02-03,31.34,32.9,30.2,32.49,1721000.0
LUCK,2009-02-04,32.49,33.85,32.1,33.39,1829100.0
LUCK,2009-02-06,33.39,34.6,32.61,33.99,1696100.0
LUCK,2009-02-09,33.99,34.2,32.3,32.32,945500.0
LUCK,2009-02-10,32.32,31.9,30.71,30.71,1138000.0
LUCK,2009-02-11,30.71,30.5,29.18,29.21,1454700.0
LUCK,2009-02-12,29.21,29.99,28.75,29.07,593900.0
LUCK,2009-02-13,29.07,30.52,29.01,30.52,1066300.0
LUCK,2009-02-16,30.52,32.04,30.49,32.04,2516300.0
LUCK,2009-02-17,32.04,33.64,33.26,33.64,2138400.0
LUCK,2009-02-18,33.64,35.32,34.81,35.32,1232300.0
LUCK,2009-02-19,35.32,37.08,36.31,37.08,3291400.0
LUCK,2009-02-20,37.08,38.66,35.23,35.71,3609100.0
LUCK,2009-02-23,35.71,37.49,33.93,37.46,3621900.0
LUCK,2009-02-24,37.46,38.89,36.5,36.94,4626000.0
LUCK,2009-02-25,36.94,37.88,35.1,35.1,1971100.0
LUCK,2009-02-26,35.1,36.6,33.35,36.23,2720800.0
LUCK,2009-02-27,36.23,37.19,36.11,36.56,796600.0
LUCK,2009-03-02,36.56,36.99,35.5,35.7,2031100.0
LUCK,2009-03-03,35.7,34.91,33.92,34.41,1480000.0
LUCK,2009-03-04,34.41,36.13,34.35,36.12,2432200.0
LUCK,2009-03-05,36.12,36.78,35.13,35.36,1958000.0
LUCK,2009-03-06,35.36,35.65,34.62,34.91,991400.0
LUCK,2009-03-09,34.91,35.29,34.5,34.92,385000.0
LUCK,2009-03-11,34.92,35.5,34.0,34.3,426900.0
LUCK,2009-03-12,34.3,35.89,34.0,35.37,2900000.0
LUCK,2009-03-13,35.37,36.24,34.81,35.8,2888100.0
LUCK,2009-03-16,35.8,37.59,37.59,37.59,290000.0
LUCK,2009-03-17,37.59,39.3,37.0,38.81,6623100.0
LUCK,2009-03-18,38.81,40.75,39.0,40.75,4659100.0
LUCK,2009-03-19,40.75,42.6,41.0,42.23,6375300.0
LUCK,2009-03-20,42.23,43.3,40.76,41.09,3582700.0
LUCK,2009-03-24,41.09,43.14,41.7,43.14,2133000.0
LUCK,2009-03-25,43.14,45.29,43.61,45.28,6609700.0
LUCK,2009-03-26,45.28,46.29,43.5,44.3,5869200.0
LUCK,2009-03-27,44.3,46.51,44.45,46.51,3409600.0
LUCK,2009-03-30,46.51,48.83,48.48,48.83,2032700.0
LUCK,2009-03-31,48.83,51.27,48.5,49.39,8483900.0
LUCK,2009-04-01,49.39,51.85,50.11,51.85,4453800.0
LUCK,2009-04-02,51.85,54.44,53.25,54.44,1545500.0
LUCK,2009-04-03,54.44,57.16,56.5,57.16,849500.0
LUCK,2009-04-06,57.16,60.01,58.6,60.01,2967900.0
LUCK,2009-04-07,60.01,63.0,58.76,60.34,11903100.0
LUCK,2009-04-08,60.34,60.3,57.33,57.33,5412100.0
LUCK,2009-04-09,57.33,59.0,54.47,54.9,7414200.0
LUCK,2009-04-10,54.9,57.64,53.65,57.64,6908400.0
LUCK,2009-04-13,57.64,60.52,58.64,60.51,5967800.0
LUCK,2009-04-14,60.51,62.75,57.49,58.88,13077500.0
LUCK,2009-04-15,58.88,60.25,56.26,58.17,9797600.0
LUCK,2009-04-16,58.17,59.99,55.27,55.27,9606500.0
LUCK,2009-04-17,55.27,57.25,52.51,54.83,7142500.0
LUCK,2009-04-20,54.83,57.57,54.51,56.04,8716300.0
LUCK,2009-04-21,56.04,58.84,56.0,58.84,12175100.0
LUCK,2009-04-22,58.84,61.78,57.0,60.8,12973500.0
LUCK,2009-04-23,60.8,63.25,57.76,57.81,12960300.0
LUCK,2009-04-24,57.81,60.7,57.21,60.7,6261100.0
LUCK,2009-04-27,60.7,61.2,57.67,57.68,8172600.0
LUCK,2009-04-28,57.68,58.99,56.01,58.16,3999600.0
LUCK,2009-04-29,58.16,59.0,55.26,55.68,2385100.0
LUCK,2009-04-30,55.68,56.49,54.2,55.01,1667600.0
LUCK,2009-05-04,55.01,57.75,54.0,54.81,1792400.0
LUCK,2009-05-05,54.81,56.39,54.45,55.35,3236600.0
LUCK,2009-05-06,55.35,58.11,55.5,57.85,5550200.0
LUCK,2009-05-07,57.85,58.75,55.6,55.93,3671400.0
LUCK,2009-05-08,55.93,56.42,54.05,54.6,4264800.0
LUCK,2009-05-11,54.6,55.75,54.0,54.91,7283400.0
LUCK,2009-05-12,54.91,57.65,55.1,57.65,8537000.0
LUCK,2009-05-13,57.65,60.53,57.11,57.79,12395100.0
LUCK,2009-05-14,57.79,58.33,54.91,55.16,4429500.0
LUCK,2009-05-15,55.16,56.2,54.55,55.77,3559200.0
LUCK,2009-05-18,55.77,56.9,55.6,56.4,6289300.0
LUCK,2009-05-19,56.4,56.85,54.4,54.81,3085700.0
LUCK,2009-05-20,54.81,55.28,53.21,54.57,4404300.0
LUCK,2009-05-21,54.57,54.7,51.85,53.37,4507800.0
LUCK,2009-05-22,53.37,56.03,54.49,56.03,5256100.0
LUCK,2009-05-25,56.03,58.83,56.16,58.77,5825700.0
LUCK,2009-05-26,58.77,59.22,57.0,57.27,8316100.0
LUCK,2009-05-27,57.27,58.9,56.5,56.81,5523200.0
LUCK,2009-05-28,56.81,59.0,57.2,57.98,8846300.0
LUCK,2009-05-29,57.98,58.64,56.9,57.13,5492900.0
LUCK,2009-06-01,57.13,57.6,55.0,55.19,2309900.0
LUCK,2009-06-02,55.19,56.25,54.4,55.4,2975200.0
LUCK,2009-06-03,55.4,55.99,53.4,53.95,3039100.0
LUCK,2009-06-04,53.95,54.75,53.35,53.55,3110600.0
LUCK,2009-06-05,53.55,55.7,53.6,54.82,3348000.0
LUCK,2009-06-08,54.82,57.55,54.1,56.83,4366700.0
LUCK,2009-06-09,56.83,58.88,56.95,58.44,6667300.0
LUCK,2009-06-10,58.44,59.24,55.81,56.25,9783200.0
LUCK,2009-06-11,56.25,57.2,56.0,56.8,4504800.0
LUCK,2009-06-12,56.8,57.75,56.3,57.24,4394600.0
LUCK,2009-06-15,57.24,59.85,57.55,58.22,11889900.0
LUCK,2009-06-16,58.22,58.5,56.1,56.47,5023300.0
LUCK,2009-06-17,56.47,58.9,56.7,58.7,5057500.0
LUCK,2009-06-18,58.7,59.39,57.01,57.78,9312000.0
LUCK,2009-06-19,57.78,58.1,56.85,57.21,3287500.0
LUCK,2009-06-22,57.21,58.1,56.75,57.16,2061700.0
LUCK,2009-06-23,57.16,58.2,57.01,57.3,2674400.0
LUCK,2009-06-24,57.3,58.75,56.8,58.08,7695700.0
LUCK,2009-06-25,58.08,59.79,58.42,59.09,8763200.0
LUCK,2009-06-26,59.09,61.34,59.0,60.64,13339400.0
LUCK,2009-06-29,60.64,61.5,60.0,60.31,5938600.0
LUCK,2009-06-30,60.31,60.59,58.11,58.53,2651700.0
LUCK,2009-07-01,58.53,59.68,58.5,59.15,1811500.0
LUCK,2009-07-02,59.15,62.08,59.25,61.54,11662400.0
LUCK,2009-07-03,61.54,64.48,61.55,64.03,14447000.0
LUCK,2009-07-06,64.03,65.35,63.31,64.3,5537700.0
LUCK,2009-07-07,64.3,66.44,64.0,65.02,12604900.0
LUCK,2009-07-08,65.02,65.65,63.61,64.03,4204300.0
LUCK,2009-07-09,64.03,65.7,63.9,64.16,6634400.0
LUCK,2009-07-10,64.16,67.36,64.05,66.45,5056300.0
LUCK,2009-07-13,66.45,69.1,67.25,68.32,9597500.0
LUCK,2009-07-14,68.32,69.73,67.5,67.92,7257800.0
LUCK,2009-07-15,67.92,70.7,68.1,69.6,17075200.0
LUCK,2009-07-16,69.6,70.24,68.03,68.41,6809800.0
LUCK,2009-07-17,68.41,69.4,66.97,67.7,5734200.0
LUCK,2009-07-20,67.7,68.69,66.5,66.73,2568400.0
LUCK,2009-07-21,66.73,70.06,66.7,70.06,11553226.0
LUCK,2009-07-22,70.06,72.65,70.35,71.64,12191313.0
LUCK,2009-07-23,71.64,73.19,71.25,71.76,6151539.0
LUCK,2009-07-24,71.76,73.33,70.75,71.41,7107343.0
LUCK,2009-07-27,71.41,72.5,69.61,70.27,2716936.0
LUCK,2009-07-28,70.27,72.79,69.7,72.16,5756815.0
LUCK,2009-07-29,72.16,72.89,68.56,69.2,4933105.0
LUCK,2009-07-30,69.2,70.65,68.95,69.68,3842043.0
LUCK,2009-07-31,69.68,73.16,70.4,73.16,4646326.0
LUCK,2009-08-03,73.16,75.99,74.25,74.65,8135576.0
LUCK,2009-08-04,74.65,77.38,74.0,74.39,10987066.0
LUCK,2009-08-05,74.39,78.1,73.25,77.6,25310592.0
LUCK,2009-08-06,77.6,79.1,76.25,76.86,8749884.0
LUCK,2009-08-07,76.86,78.0,76.41,77.02,7078145.0
LUCK,2009-08-10,77.02,79.25,77.41,78.32,9555302.0
LUCK,2009-08-11,78.32,79.98,77.76,78.1,12657548.0
LUCK,2009-08-12,78.1,78.63,74.2,74.24,5688175.0
LUCK,2009-08-13,74.24,74.8,72.5,73.51,8375713.0
LUCK,2009-08-17,73.51,73.85,70.4,71.38,8630525.0
LUCK,2009-08-18,71.38,72.59,70.8,72.07,4531987.0
LUCK,2009-08-19,72.07,74.4,72.5,73.11,8923397.0
LUCK,2009-08-20,73.11,73.68,71.4,71.76,3199665.0
LUCK,2009-08-21,71.76,73.95,72.15,73.21,4478651.0
LUCK,2009-08-24,73.21,75.4,72.5,74.42,5155673.0
LUCK,2009-08-25,74.42,76.0,74.51,74.93,7162772.0
LUCK,2009-08-26,74.93,75.2,73.49,73.64,2822830.0
LUCK,2009-08-27,73.64,74.29,72.05,72.35,2996385.0
LUCK,2009-08-28,72.35,74.5,72.25,73.75,5343767.0
LUCK,2009-08-31,73.75,74.49,70.4,71.0,6059628.0
LUCK,2009-09-01,71.0,72.8,69.55,72.07,9636608.0
LUCK,2009-09-02,72.07,73.45,71.6,71.97,7987252.0
LUCK,2009-09-03,71.97,72.77,71.35,72.24,4173093.0
LUCK,2009-09-04,72.24,73.6,72.2,73.1,6534690.0
LUCK,2009-09-07,73.1,74.74,72.4,72.94,7332014.0
LUCK,2009-09-08,72.94,73.0,71.0,71.1,1996527.0
LUCK,2009-09-09,71.1,73.8,71.55,73.2,5440959.0
LUCK,2009-09-10,73.2,75.35,72.01,74.08,11081840.0
LUCK,2009-09-11,74.08,77.49,74.31,76.68,14807205.0
LUCK,2009-09-14,76.68,76.65,74.2,74.67,3012438.0
LUCK,2009-09-15,74.67,74.9,73.4,73.64,1668894.0
LUCK,2009-09-16,73.64,74.75,73.2,73.43,2685869.0
LUCK,2009-09-17,73.43,74.75,73.0,73.78,4928600.0
LUCK,2009-09-18,73.78,74.5,73.1,73.36,3334891.0
LUCK,2009-09-24,73.36,76.4,73.65,75.36,8526763.0
LUCK,2009-09-25,75.36,78.1,74.8,76.36,15595197.0
LUCK,2009-09-28,76.36,79.29,75.45,77.26,16964261.0
LUCK,2009-09-29,77.26,78.49,76.8,77.17,5686120.0
LUCK,2009-09-30,77.17,77.7,74.51,74.94,3552453.0
LUCK,2009-10-01,74.94,76.0,73.4,73.63,1906974.0
LUCK,2009-10-02,73.63,75.9,72.9,75.26,4566070.0
LUCK,2009-10-05,75.26,79.02,75.36,78.96,14154679.0
LUCK,2009-10-06,78.96,81.25,79.8,80.25,12231798.0
LUCK,2009-10-07,80.25,84.26,80.3,84.26,17749384.0
LUCK,2009-10-08,84.26,88.4,81.35,84.66,27233954.0
LUCK,2009-10-09,84.66,87.6,84.2,85.16,6782440.0
LUCK,2009-10-12,85.16,86.2,82.0,83.06,3632224.0
LUCK,2009-10-13,83.06,83.75,82.32,82.99,1033655.0
LUCK,2009-10-14,82.99,84.6,83.25,83.67,2157624.0
LUCK,2009-10-15,83.67,84.36,82.25,82.61,2114963.0
LUCK,2009-10-16,78.61,79.75,75.8,76.92,4441727.0
LUCK,2009-10-19,76.92,76.7,73.08,73.08,3429707.0
LUCK,2009-10-20,73.08,72.9,69.55,70.96,8811535.0
LUCK,2009-10-21,70.96,69.95,67.42,67.42,5449756.0
LUCK,2009-10-22,67.42,67.69,64.05,65.55,5388630.0
LUCK,2009-10-23,65.55,67.25,65.31,65.78,3233591.0
LUCK,2009-10-26,65.78,67.3,65.5,65.88,1928426.0
LUCK,2009-10-27,65.88,68.81,66.01,68.32,7205114.0
LUCK,2009-10-28,68.32,69.47,65.2,65.84,7891553.0
LUCK,2009-10-29,65.84,66.45,62.62,64.24,4923741.0
LUCK,2009-10-30,64.24,67.0,64.7,65.73,6596902.0
LUCK,2009-11-02,65.73,65.9,62.45,62.71,2263475.0
LUCK,2009-11-03,62.71,64.0,60.5,63.18,3028814.0
LUCK,2009-11-04,63.18,64.49,62.85,63.63,1461012.0
LUCK,2009-11-05,63.63,65.15,63.0,63.5,4308061.0
LUCK,2009-11-06,63.5,63.7,60.6,61.43,2097209.0
LUCK,2009-11-10,61.43,62.25,58.55,59.32,2470877.0
LUCK,2009-11-11,59.32,62.28,58.05,62.28,2878243.0
LUCK,2009-11-12,62.28,64.5,62.8,63.65,2774080.0
LUCK,2009-11-13,63.65,65.39,63.05,64.5,2300933.0
LUCK,2009-11-16,64.5,66.24,64.04,65.59,3083528.0
LUCK,2009-11-17,65.59,65.97,63.5,64.03,1431645.0
LUCK,2009-11-18,64.03,65.0,62.25,62.72,1417148.0
LUCK,2009-11-19,62.72,64.44,62.99,63.77,1357947.0
LUCK,2009-11-20,63.77,65.0,63.6,63.83,1025616.0
LUCK,2009-11-23,63.83,64.0,62.9,63.39,629290.0
LUCK,2009-11-24,63.39,63.95,63.02,63.3,418178.0
LUCK,2009-11-25,63.3,64.08,63.31,63.41,293315.0
LUCK,2009-11-26,63.41,64.34,63.25,63.49,665382.0
LUCK,2009-12-01,63.49,62.69,61.1,61.94,578872.0
LUCK,2009-12-02,61.94,63.1,62.05,62.69,516933.0
LUCK,2009-12-03,62.69,63.88,62.81,63.26,914934.0
LUCK,2009-12-04,63.26,63.59,62.02,62.53,814317.0
LUCK,2009-12-07,62.53,62.7,61.55,61.71,202315.0
LUCK,2009-12-08,61.71,62.5,59.5,59.71,1142110.0
LUCK,2009-12-09,59.71,60.82,59.75,60.01,689854.0
LUCK,2009-12-10,60.01,61.55,60.21,60.79,862010.0
LUCK,2009-12-11,60.79,61.95,60.65,60.74,651863.0
LUCK,2009-12-14,60.74,63.77,60.87,63.57,2260663.0
LUCK,2009-12-15,63.57,65.97,62.5,64.65,5054973.0
LUCK,2009-12-16,64.65,65.35,63.25,63.66,2029132.0
LUCK,2009-12-17,63.66,64.99,62.7,62.97,965895.0
LUCK,2009-12-18,62.97,63.49,62.51,63.13,583060.0
LUCK,2009-12-21,63.13,63.6,62.89,63.4,547098.0
LUCK,2009-12-22,63.4,65.5,63.5,65.02,2034331.0
LUCK,2009-12-23,65.02,66.56,64.25,65.65,2884396.0
LUCK,2009-12-24,65.65,67.44,66.2,67.04,3653386.0
LUCK,2009-12-29,67.04,66.49,65.0,65.88,850090.0
LUCK,2009-12-30,65.88,67.7,66.5,67.26,1839461.0
LUCK,2009-12-31,67.26,68.1,65.9,66.24,2163793.0
LUCK,2010-01-04,66.24,67.54,66.41,67.19,1385275.0
LUCK,2010-01-05,67.19,68.89,67.4,68.01,2887826.0
LUCK,2010-01-06,68.01,68.9,67.6,68.26,1556689.0
LUCK,2010-01-07,68.26,69.45,67.9,68.3,2842070.0
LUCK,2010-01-08,68.3,70.25,68.2,68.54,3520676.0
LUCK,2010-01-11,68.54,70.1,67.85,69.13,5639489.0
LUCK,2010-01-12,69.13,70.95,69.3,69.52,6168109.0
LUCK,2010-01-13,69.52,69.9,68.76,69.05,943409.0
LUCK,2010-01-14,69.05,70.7,69.3,70.15,2689354.0
LUCK,2010-01-15,70.15,71.4,69.8,70.18,2221498.0
LUCK,2010-01-18,70.18,70.4,69.5,69.73,928712.0
LUCK,2010-01-19,69.73,70.61,69.35,69.6,1328619.0
LUCK,2010-01-20,69.6,70.19,68.5,68.68,1742950.0
LUCK,2010-01-21,68.68,68.75,65.25,65.89,2235520.0
LUCK,2010-01-22,65.89,67.6,65.55,67.18,854619.0
LUCK,2010-01-25,67.18,68.5,66.75,67.33,2029917.0
LUCK,2010-01-26,67.33,68.2,67.06,67.3,662309.0
LUCK,2010-01-27,67.3,68.7,67.02,67.34,1232455.0
LUCK,2010-01-28,67.34,68.98,66.0,68.27,1334369.0
LUCK,2010-01-29,68.27,71.68,68.51,71.07,5153204.0
LUCK,2010-02-01,71.07,71.69,69.8,69.97,892928.0
LUCK,2010-02-02,69.97,71.45,68.92,69.48,1509177.0
LUCK,2010-02-03,69.48,70.2,68.7,68.96,1160175.0
LUCK,2010-02-04,68.96,71.1,69.21,70.74,2549301.0
LUCK,2010-02-08,70.74,72.0,70.3,70.79,1428428.0
LUCK,2010-02-09,70.79,72.25,70.8,71.56,3611327.0
LUCK,2010-02-10,71.56,72.23,69.61,70.2,1574867.0
LUCK,2010-02-11,70.2,70.9,70.41,70.79,351024.0
LUCK,2010-02-12,70.79,71.66,70.75,71.03,1165113.0
LUCK,2010-02-15,71.03,70.65,69.5,70.13,1179921.0
LUCK,2010-02-16,70.13,71.35,70.05,70.29,798348.0
LUCK,2010-02-17,70.29,71.87,70.6,70.89,1723662.0
LUCK,2010-02-18,70.89,71.55,70.61,70.8,487815.0
LUCK,2010-02-19,70.8,72.65,71.0,71.72,2494113.0
LUCK,2010-02-22,71.72,72.9,71.1,72.7,1893607.0
LUCK,2010-02-23,72.7,72.63,71.0,71.32,1163034.0
LUCK,2010-02-24,71.32,71.7,70.2,70.46,670821.0
LUCK,2010-02-25,70.46,71.25,70.5,70.69,2526973.0
LUCK,2010-02-26,70.69,71.35,70.55,70.62,1149032.0
LUCK,2010-03-01,70.62,71.0,67.9,68.29,1379586.0
LUCK,2010-03-02,68.29,69.9,68.51,69.31,685728.0
LUCK,2010-03-03,69.31,71.0,69.7,70.65,2098492.0
LUCK,2010-03-04,70.65,71.37,69.86,71.22,1655769.0
LUCK,2010-03-05,71.22,73.9,71.16,73.48,5160660.0
LUCK,2010-03-08,73.48,76.9,73.0,76.21,6218726.0
LUCK,2010-03-09,76.21,76.6,74.61,75.07,2467512.0
LUCK,2010-03-10,75.07,77.45,75.15,76.57,6363848.0
LUCK,2010-03-11,76.57,78.3,76.5,77.49,6773349.0
LUCK,2010-03-12,77.49,77.79,76.5,77.08,1106936.0
LUCK,2010-03-15,77.08,78.7,75.8,77.87,3415484.0
LUCK,2010-03-16,77.87,78.0,76.2,76.52,991417.0
LUCK,2010-03-17,76.52,77.2,76.0,76.24,1031575.0
LUCK,2010-03-18,76.24,78.25,76.35,77.63,2423102.0
LUCK,2010-03-19,77.63,79.84,77.82,78.85,3331170.0
LUCK,2010-03-22,78.85,78.85,76.9,77.05,771600.0
LUCK,2010-03-24,77.05,78.95,76.56,78.59,1162746.0
LUCK,2010-03-25,78.59,80.2,78.51,78.91,2015546.0
LUCK,2010-03-26,78.91,81.44,78.25,81.07,5408885.0
LUCK,2010-03-29,81.07,81.9,79.35,79.61,1298694.0
LUCK,2010-03-30,79.61,81.25,79.0,79.27,1856047.0
LUCK,2010-03-31,79.27,82.23,79.59,81.29,3171701.0
LUCK,2010-04-01,81.29,83.55,81.5,83.02,3862235.0
LUCK,2010-04-02,83.02,84.31,82.7,83.41,2442931.0
LUCK,2010-04-05,83.41,83.8,82.0,82.49,1077308.0
LUCK,2010-04-06,82.49,83.28,81.5,81.58,1457192.0
LUCK,2010-04-07,81.58,83.6,81.5,83.24,4615576.0
LUCK,2010-04-08,83.24,83.7,81.42,81.85,1347689.0
LUCK,2010-04-09,81.85,82.5,81.35,81.56,1369393.0
LUCK,2010-04-12,81.56,81.94,80.5,80.88,847720.0
LUCK,2010-04-13,80.88,81.4,80.05,80.21,1213390.0
LUCK,2010-04-14,80.21,81.3,80.05,80.59,684678.0
LUCK,2010-04-15,80.59,81.79,80.5,81.25,1273893.0
LUCK,2010-04-16,81.25,82.84,81.6,82.36,3205624.0
LUCK,2010-04-19,82.36,82.7,81.01,81.23,1137016.0
LUCK,2010-04-20,81.23,83.0,80.6,80.82,2668082.0
LUCK,2010-04-21,80.82,81.75,80.35,80.52,1721850.0
LUCK,2010-04-22,80.52,81.18,77.35,77.85,3409014.0
LUCK,2010-04-23,77.85,78.19,77.31,77.61,637603.0
LUCK,2010-04-26,77.61,77.95,76.25,76.3,545931.0
LUCK,2010-04-27,76.3,76.8,75.7,76.07,587411.0
LUCK,2010-04-28,76.07,76.6,74.21,74.41,1648998.0
LUCK,2010-04-29,74.41,75.35,74.25,74.66,812131.0
LUCK,2010-04-30,74.66,75.1,72.0,72.44,2544326.0
LUCK,2010-05-03,72.44,73.0,70.05,70.55,1544770.0
LUCK,2010-05-04,70.55,72.7,70.8,71.8,2117524.0
LUCK,2010-05-05,71.8,72.6,71.9,72.37,995394.0
LUCK,2010-05-06,72.37,73.5,72.4,72.56,2525977.0
LUCK,2010-05-07,72.56,72.5,68.94,68.94,3064638.0
LUCK,2010-05-10,68.94,70.49,68.75,70.12,2529171.0
LUCK,2010-05-11,70.12,71.05,67.5,67.75,1482730.0
LUCK,2010-05-12,67.75,70.0,67.1,69.75,1919217.0
LUCK,2010-05-13,69.75,70.5,69.4,70.01,1461699.0
LUCK,2010-05-14,70.01,70.74,69.7,70.02,872725.0
LUCK,2010-05-17,70.02,69.6,68.0,68.37,568862.0
LUCK,2010-05-18,68.37,69.89,68.0,69.72,1009827.0
LUCK,2010-05-19,69.72,70.2,68.44,69.74,902728.0
LUCK,2010-05-20,69.74,70.3,68.7,69.47,793105.0
LUCK,2010-05-21,69.47,69.2,67.4,67.96,869151.0
LUCK,2010-05-24,67.96,68.29,64.57,64.93,2563419.0
LUCK,2010-05-25,64.93,64.98,61.69,62.3,1377590.0
LUCK,2010-05-26,62.3,64.3,61.76,64.01,855246.0
LUCK,2010-05-27,64.01,64.4,61.6,62.24,577684.0
LUCK,2010-05-28,62.24,63.2,61.5,62.37,301288.0
LUCK,2010-05-31,62.37,62.4,60.0,60.35,471381.0
LUCK,2010-06-01,60.35,60.5,58.0,59.29,897343.0
LUCK,2010-06-02,59.29,62.25,58.82,61.83,1286863.0
LUCK,2010-06-03,61.83,64.92,61.8,64.85,1444508.0
LUCK,2010-06-04,64.85,64.98,62.8,63.65,631104.0
LUCK,2010-06-07,63.65,66.57,61.53,66.01,1789256.0
LUCK,2010-06-08,66.01,67.4,63.6,66.9,2544254.0
LUCK,2010-06-09,66.9,67.23,65.15,65.48,419710.0
LUCK,2010-06-10,65.48,65.85,62.21,62.3,1053502.0
LUCK,2010-06-11,62.3,64.15,61.65,63.74,1234863.0
LUCK,2010-06-14,63.74,62.2,60.56,60.97,1268687.0
LUCK,2010-06-15,60.97,63.45,60.21,61.2,2035863.0
LUCK,2010-06-16,61.2,63.15,61.5,62.39,1125588.0
LUCK,2010-06-17,62.39,64.8,60.5,64.34,2610519.0
LUCK,2010-06-18,64.34,65.55,63.0,63.63,1464892.0
LUCK,2010-06-21,63.63,64.68,63.3,63.71,798222.0
LUCK,2010-06-22,63.71,64.94,63.25,63.51,694282.0
LUCK,2010-06-23,63.51,64.32,63.53,64.14,456859.0
LUCK,2010-06-24,64.14,64.99,63.98,64.3,406986.0
LUCK,2010-06-25,64.3,65.3,63.74,64.79,431256.0
LUCK,2010-06-28,64.79,65.3,63.11,63.48,354547.0
LUCK,2010-06-29,63.48,64.4,62.5,63.66,413683.0
LUCK,2010-06-30,63.66,64.4,61.8,62.14,606786.0
LUCK,2010-07-01,62.14,63.15,61.95,62.71,122076.0
LUCK,2010-07-02,62.71,62.99,61.85,62.14,50728.0
LUCK,2010-07-05,62.14,62.99,61.8,62.02,45091.0
LUCK,2010-07-06,62.02,62.79,61.5,61.7,277818.0
LUCK,2010-07-07,61.7,63.7,61.29,63.46,758534.0
LUCK,2010-07-08,63.46,66.39,63.92,65.69,3161178.0
LUCK,2010-07-09,65.69,68.25,65.25,67.19,3372696.0
LUCK,2010-07-12,67.19,68.1,65.75,65.95,2276503.0
LUCK,2010-07-13,65.95,68.49,65.99,67.93,2055943.0
LUCK,2010-07-14,67.93,69.4,67.52,68.78,2025455.0
LUCK,2010-07-15,68.78,69.63,67.0,67.37,1320467.0
LUCK,2010-07-16,67.37,68.5,67.01,68.18,478652.0
LUCK,2010-07-19,68.18,70.19,69.0,69.33,2161668.0
LUCK,2010-07-20,69.33,70.19,68.75,69.28,2032482.0
LUCK,2010-07-21,69.28,69.84,68.25,68.74,911726.0
LUCK,2010-07-22,68.74,69.4,68.4,68.78,810973.0
LUCK,2010-07-23,68.78,69.5,68.61,68.81,867664.0
LUCK,2010-07-26,68.81,69.18,67.52,67.85,292695.0
LUCK,2010-07-27,67.85,69.84,67.9,69.3,1842369.0
LUCK,2010-07-28,69.3,71.2,69.43,70.38,2268874.0
LUCK,2010-07-29,70.38,70.5,69.01,69.48,1577859.0
LUCK,2010-07-30,69.48,69.8,69.0,69.6,960957.0
LUCK,2010-08-02,69.6,68.94,67.3,68.3,1241709.0
LUCK,2010-08-03,68.3,68.9,68.07,68.24,212053.0
LUCK,2010-08-04,68.24,70.0,68.57,69.37,1037222.0
LUCK,2010-08-05,69.37,70.0,68.65,68.81,632491.0
LUCK,2010-08-06,68.81,69.39,67.6,67.98,348475.0
LUCK,2010-08-09,67.98,67.6,64.59,64.6,906126.0
LUCK,2010-08-10,64.6,65.45,62.6,63.55,2123139.0
LUCK,2010-08-11,63.55,64.5,62.71,62.97,615536.0
LUCK,2010-08-12,62.97,64.49,62.8,63.99,595149.0
LUCK,2010-08-13,63.99,66.3,63.91,65.91,1190779.0
LUCK,2010-08-16,65.91,66.51,64.1,64.3,2580666.0
LUCK,2010-08-17,64.3,66.0,64.02,65.5,646502.0
LUCK,2010-08-18,65.5,66.19,64.5,65.11,878691.0
LUCK,2010-08-19,65.11,67.2,65.26,66.95,1895036.0
LUCK,2010-08-20,66.95,67.45,66.0,66.79,903777.0
LUCK,2010-08-23,66.79,67.15,66.0,66.21,123767.0
LUCK,2010-08-24,66.21,66.5,65.3,65.53,279919.0
LUCK,2010-08-25,65.53,65.95,64.5,64.71,517198.0
LUCK,2010-08-26,64.71,65.6,64.3,65.49,417036.0
LUCK,2010-08-27,65.49,66.55,65.5,66.46,874030.0
LUCK,2010-08-30,66.46,66.7,65.2,65.41,536424.0
LUCK,2010-08-31,65.41,68.68,65.8,68.52,3264476.0
LUCK,2010-09-01,68.52,69.29,67.15,68.97,2274556.0
LUCK,2010-09-02,68.97,69.5,68.41,68.65,1966767.0
LUCK,2010-09-03,68.65,69.05,68.07,68.21,139445.0
LUCK,2010-09-06,68.21,68.75,68.0,68.56,1250579.0
LUCK,2010-09-07,68.56,69.0,68.1,68.95,384270.0
LUCK,2010-09-08,68.95,71.0,68.65,70.84,2206633.0
LUCK,2010-09-09,70.84,70.95,70.1,70.32,317709.0
LUCK,2010-09-14,70.32,73.58,70.49,73.08,2848838.0
LUCK,2010-09-15,73.08,73.35,71.5,72.27,2195144.0
LUCK,2010-09-16,72.27,73.88,71.32,71.8,2259999.0
LUCK,2010-09-17,71.8,72.5,71.1,71.7,735247.0
LUCK,2010-09-20,71.7,72.25,70.9,71.13,333284.0
LUCK,2010-09-21,71.13,72.26,69.75,69.95,619254.0
LUCK,2010-09-22,69.95,70.38,69.61,69.84,840085.0
LUCK,2010-09-23,69.84,70.7,68.74,69.01,747184.0
LUCK,2010-09-24,69.01,69.4,68.26,68.85,586233.0
LUCK,2010-09-27,68.85,69.45,67.7,69.2,507708.0
LUCK,2010-09-28,69.2,70.14,69.11,69.5,1212038.0
LUCK,2010-09-29,69.5,69.95,69.0,69.79,241583.0
LUCK,2010-09-30,69.79,69.8,68.95,69.16,245685.0
LUCK,2010-10-01,69.16,71.15,69.4,70.77,1063006.0
LUCK,2010-10-04,70.77,71.79,70.43,71.25,523801.0
LUCK,2010-10-05,71.25,71.56,70.61,71.03,798945.0
LUCK,2010-10-06,71.03,71.18,70.5,70.6,189538.0
LUCK,2010-10-07,70.6,72.69,70.55,72.49,1807186.0
LUCK,2010-10-08,72.49,73.34,72.5,72.63,754386.0
LUCK,2010-10-11,72.63,74.0,72.75,73.09,1160691.0
LUCK,2010-10-12,73.09,73.4,72.2,72.49,338630.0
LUCK,2010-10-13,72.49,73.5,72.2,73.37,725509.0
LUCK,2010-10-14,73.37,74.0,72.62,73.01,1070493.0
LUCK,2010-10-15,73.01,74.0,72.93,73.29,788127.0
LUCK,2010-10-18,69.29,70.39,69.2,70.2,1107174.0
LUCK,2010-10-19,70.2,71.12,70.21,70.57,592757.0
LUCK,2010-10-20,70.57,71.42,70.25,71.26,750597.0
LUCK,2010-10-21,71.26,72.29,71.25,72.19,1004147.0
LUCK,2010-10-22,72.19,73.43,71.85,73.26,1213741.0
LUCK,2010-10-25,73.26,74.0,71.0,72.69,525318.0
LUCK,2010-10-26,72.69,73.9,72.1,72.57,744007.0
LUCK,2010-10-27,72.57,73.5,72.3,72.57,939123.0
LUCK,2010-10-28,72.57,73.7,71.65,72.07,435018.0
LUCK,2010-10-29,72.07,73.25,72.3,73.07,362664.0
LUCK,2010-11-01,73.07,73.48,71.75,71.81,534740.0
LUCK,2010-11-02,71.81,73.39,71.5,73.03,702381.0
LUCK,2010-11-03,73.03,73.9,70.75,71.51,2370798.0
LUCK,2010-11-04,71.51,72.99,71.0,72.22,1065167.0
LUCK,2010-11-05,72.22,74.15,72.35,73.18,5150969.0
LUCK,2010-11-08,73.18,76.83,73.5,76.83,10428318.0
LUCK,2010-11-10,76.83,79.88,76.83,78.99,10007309.0
LUCK,2010-11-11,78.99,79.98,75.11,75.6,2375893.0
LUCK,2010-11-12,75.6,76.84,71.86,72.84,3770065.0
LUCK,2010-11-15,72.84,73.55,72.1,72.71,1786955.0
LUCK,2010-11-16,72.71,73.85,72.88,73.72,1138048.0
LUCK,2010-11-22,73.72,76.45,73.76,75.99,3334687.0
LUCK,2010-11-23,75.99,76.8,75.75,76.24,1463428.0
LUCK,2010-11-24,76.24,76.5,75.1,75.48,792646.0
LUCK,2010-11-25,75.48,76.0,74.75,75.13,270610.0
LUCK,2010-11-26,75.13,75.89,73.85,74.24,356911.0
LUCK,2010-11-29,74.24,74.65,73.01,74.43,297564.0
LUCK,2010-11-30,74.43,76.3,74.44,75.08,1626556.0
LUCK,2010-12-01,75.08,76.44,74.0,74.44,4704439.0
LUCK,2010-12-02,74.44,75.9,74.67,75.67,2858449.0
LUCK,2010-12-03,75.67,76.73,75.5,76.46,4763647.0
LUCK,2010-12-06,76.46,77.75,76.5,77.46,4292568.0
LUCK,2010-12-07,77.46,77.74,75.5,76.14,1596810.0
LUCK,2010-12-08,76.14,76.75,75.25,75.86,1537222.0
LUCK,2010-12-09,75.86,75.95,74.0,74.49,2387330.0
LUCK,2010-12-10,74.49,75.2,74.45,74.82,494077.0
LUCK,2010-12-13,74.82,75.5,74.56,74.75,313992.0
LUCK,2010-12-14,74.75,76.2,74.51,75.79,804863.0
LUCK,2010-12-15,75.79,77.2,75.65,76.39,2853478.0
LUCK,2010-12-20,76.39,77.6,76.4,77.35,1128852.0
LUCK,2010-12-21,77.35,78.44,77.0,77.45,1367787.0
LUCK,2010-12-22,77.45,78.0,76.9,77.34,1034220.0
LUCK,2010-12-23,77.34,78.17,76.2,76.39,709770.0
LUCK,2010-12-24,76.39,76.79,75.1,75.8,493708.0
LUCK,2010-12-27,75.8,76.75,75.8,76.44,1124277.0
LUCK,2010-12-28,76.44,76.5,75.11,75.26,828364.0
LUCK,2010-12-29,75.26,76.09,74.75,75.53,839676.0
LUCK,2010-12-30,75.53,75.9,74.92,75.11,1113337.0
LUCK,2010-12-31,75.11,76.18,75.0,75.79,681098.0
LUCK,2011-01-03,75.79,75.45,73.0,73.31,1640080.0
LUCK,2011-01-04,73.31,75.75,73.1,75.57,3054869.0
LUCK,2011-01-05,75.57,76.25,74.6,75.11,1679231.0
LUCK,2011-01-06,75.11,76.1,74.8,75.05,1164903.0
LUCK,2011-01-07,75.05,75.6,74.9,75.13,866665.0
LUCK,2011-01-10,75.13,75.8,74.6,74.78,669750.0
LUCK,2011-01-11,74.78,75.25,73.9,74.1,1110013.0
LUCK,2011-01-12,74.1,74.84,73.6,74.68,836052.0
LUCK,2011-01-13,74.68,76.55,74.75,76.27,4268155.0
LUCK,2011-01-14,76.27,77.45,75.51,77.07,8453723.0
LUCK,2011-01-17,77.07,78.0,76.76,77.17,3177619.0
LUCK,2011-01-18,77.17,77.98,76.0,76.13,1709797.0
LUCK,2011-01-19,76.13,76.74,75.01,75.27,832046.0
LUCK,2011-01-20,75.27,76.2,74.02,74.27,945608.0
LUCK,2011-01-21,74.27,75.2,71.9,72.29,1963220.0
LUCK,2011-01-24,72.29,72.8,70.75,71.0,480800.0
LUCK,2011-01-25,71.0,73.49,71.0,72.66,602810.0
LUCK,2011-01-26,72.66,73.7,72.66,73.46,392044.0
LUCK,2011-01-27,73.46,74.5,73.32,74.25,774109.0
LUCK,2011-01-28,74.25,74.48,73.4,73.76,174780.0
LUCK,2011-01-31,73.76,75.25,71.0,72.34,2111186.0
LUCK,2011-02-01,72.34,72.15,69.8,70.11,1847550.0
LUCK,2011-02-02,70.11,70.41,69.35,70.0,1285080.0
LUCK,2011-02-03,70.0,71.75,70.25,71.51,527752.0
LUCK,2011-02-04,71.51,71.99,71.05,71.4,218217.0
LUCK,2011-02-07,71.4,71.75,71.1,71.66,117413.0
LUCK,2011-02-08,71.66,71.75,71.0,71.39,330322.0
LUCK,2011-02-09,71.39,71.5,70.5,70.67,47635.0
LUCK,2011-02-10,70.67,70.95,68.01,68.6,496596.0
LUCK,2011-02-11,68.6,69.3,66.0,67.67,805010.0
LUCK,2011-02-14,67.67,69.88,67.0,68.76,333072.0
LUCK,2011-02-15,68.76,69.88,68.85,69.04,83579.0
LUCK,2011-02-17,69.04,70.0,66.8,67.03,277875.0
LUCK,2011-02-18,67.03,69.0,66.51,67.62,142149.0
LUCK,2011-02-21,67.62,67.7,66.86,67.37,73708.0
LUCK,2011-02-22,67.37,67.51,65.83,66.01,1432935.0
LUCK,2011-02-23,66.01,66.95,63.65,64.6,938933.0
LUCK,2011-02-24,64.6,65.28,62.82,63.15,1566262.0
LUCK,2011-02-25,63.15,63.15,60.01,60.32,2258782.0
LUCK,2011-02-28,60.32,62.1,59.55,61.47,980846.0
LUCK,2011-03-01,61.47,63.5,61.1,63.36,1044664.0
LUCK,2011-03-02,63.36,63.5,61.9,63.09,793840.0
LUCK,2011-03-03,63.09,63.6,62.65,63.32,823606.0
LUCK,2011-03-04,63.32,66.48,63.3,66.48,1281078.0
LUCK,2011-03-07,66.48,69.49,67.0,68.32,1109464.0
LUCK,2011-03-08,68.32,68.85,66.75,67.4,514643.0
LUCK,2011-03-09,67.4,69.2,67.5,67.96,1351530.0
LUCK,2011-03-10,67.96,68.99,68.05,68.37,291309.0
LUCK,2011-03-11,68.37,68.8,67.05,68.43,472872.0
LUCK,2011-03-14,68.43,68.99,68.1,68.15,101527.0
LUCK,2011-03-15,68.15,69.0,66.27,66.88,1248327.0
LUCK,2011-03-16,66.88,67.35,65.22,66.59,839042.0
LUCK,2011-03-17,66.59,67.8,66.61,67.49,468262.0
LUCK,2011-03-18,67.49,68.5,64.12,64.13,1951595.0
LUCK,2011-03-21,64.13,63.8,62.5,63.07,665597.0
LUCK,2011-03-22,63.07,65.45,63.65,63.99,1051093.0
LUCK,2011-03-24,63.99,65.65,64.01,65.01,2213013.0
LUCK,2011-03-25,65.01,65.7,64.56,64.89,442423.0
LUCK,2011-03-28,64.89,65.5,64.76,64.86,462808.0
LUCK,2011-03-29,64.86,67.0,65.0,65.89,7572765.0
LUCK,2011-03-30,65.89,68.78,65.81,68.03,4951635.0
LUCK,2011-03-31,68.03,68.55,67.15,67.48,2433812.0
LUCK,2011-04-01,67.48,69.4,67.6,68.4,3640810.0
LUCK,2011-04-04,68.4,69.2,67.93,68.04,1125607.0
LUCK,2011-04-05,68.04,68.39,67.25,67.55,757724.0
LUCK,2011-04-06,67.55,69.33,67.8,68.67,1839931.0
LUCK,2011-04-07,68.67,70.6,68.7,70.14,4558776.0
LUCK,2011-04-08,70.14,70.87,70.05,70.37,1196914.0
LUCK,2011-04-11,70.37,71.35,70.0,70.2,1377659.0
LUCK,2011-04-12,70.2,70.37,69.7,70.04,988245.0
LUCK,2011-04-13,70.04,70.3,69.45,69.71,641157.0
LUCK,2011-04-14,69.71,71.4,69.99,70.1,3910913.0
LUCK,2011-04-15,70.1,70.59,69.75,70.1,701931.0
LUCK,2011-04-18,70.1,70.5,69.51,69.94,633668.0
LUCK,2011-04-19,69.94,70.45,69.6,69.96,3025719.0
LUCK,2011-04-20,69.96,71.01,70.15,70.57,713955.0
LUCK,2011-04-21,70.57,72.5,70.6,72.17,2462419.0
LUCK,2011-04-22,72.17,73.45,72.0,72.98,1827266.0
LUCK,2011-04-25,72.98,73.0,72.0,72.06,449434.0
LUCK,2011-04-26,72.06,72.75,72.0,72.24,504546.0
LUCK,2011-04-27,72.24,73.0,72.3,72.47,789308.0
LUCK,2011-04-28,72.47,73.04,72.3,72.93,410701.0
LUCK,2011-04-29,72.93,73.69,72.66,73.4,552320.0
LUCK,2011-05-02,73.4,73.59,72.06,72.44,470976.0
LUCK,2011-05-03,72.44,72.8,70.1,70.33,1058777.0
LUCK,2011-05-04,70.33,71.0,66.93,67.27,872710.0
LUCK,2011-05-05,67.27,69.5,66.93,69.11,810089.0
LUCK,2011-05-06,69.11,69.95,68.21,69.61,367446.0
LUCK,2011-05-09,69.61,70.75,69.85,70.2,347805.0
LUCK,2011-05-10,70.2,70.3,69.6,69.89,72621.0
LUCK,2011-05-11,69.89,70.95,69.36,70.59,357876.0
LUCK,2011-05-12,70.59,71.59,70.4,71.4,677637.0
LUCK,2011-05-13,71.4,71.6,70.75,70.9,88431.0
LUCK,2011-05-16,70.9,71.3,69.61,69.89,98788.0
LUCK,2011-05-17,69.89,71.0,69.6,69.66,182631.0
LUCK,2011-05-18,69.66,70.25,69.51,69.77,79793.0
LUCK,2011-05-19,69.77,70.25,69.51,69.72,102507.0
LUCK,2011-05-20,69.72,70.24,69.55,69.99,117487.0
LUCK,2011-05-23,69.99,70.3,69.75,70.01,164002.0
LUCK,2011-05-24,70.01,70.98,70.12,70.64,207298.0
LUCK,2011-05-25,70.64,71.45,70.6,70.81,340087.0
LUCK,2011-05-26,70.81,71.74,70.7,71.06,465133.0
LUCK,2011-05-27,71.06,72.45,70.9,71.59,832469.0
LUCK,2011-05-30,71.59,72.0,71.5,71.52,137772.0
LUCK,2011-05-31,71.52,71.9,70.7,71.08,83899.0
LUCK,2011-06-01,71.08,73.03,71.5,72.65,635565.0
LUCK,2011-06-02,72.65,73.35,71.72,71.97,322288.0
LUCK,2011-06-03,71.97,75.56,71.4,74.75,2387456.0
LUCK,2011-06-06,74.75,77.43,73.85,74.3,4450858.0
LUCK,2011-06-07,74.3,75.5,73.07,73.46,1406630.0
LUCK,2011-06-08,73.46,74.39,73.2,73.53,471493.0
LUCK,2011-06-09,73.53,74.2,73.1,73.33,246042.0
LUCK,2011-06-10,73.33,73.89,72.5,72.86,260833.0
LUCK,2011-06-13,72.86,73.44,72.0,72.02,209316.0
LUCK,2011-06-14,72.02,72.68,71.5,71.66,325315.0
LUCK,2011-06-15,71.66,72.1,70.8,70.89,173832.0
LUCK,2011-06-16,70.89,71.65,70.66,71.47,350546.0
LUCK,2011-06-17,71.47,72.5,70.7,71.03,197968.0
LUCK,2011-06-20,71.03,71.2,69.4,69.65,234475.0
LUCK,2011-06-21,69.65,70.58,69.65,70.09,100234.0
LUCK,2011-06-22,70.09,71.5,69.95,70.63,266234.0
LUCK,2011-06-23,70.63,72.0,70.81,71.81,455823.0
LUCK,2011-06-24,71.81,72.45,71.14,71.27,166590.0
LUCK,2011-06-27,71.27,72.95,70.8,70.99,205199.0
LUCK,2011-06-28,70.99,71.2,69.99,70.03,455396.0
LUCK,2011-06-29,70.03,71.63,70.16,70.94,1227658.0
LUCK,2011-06-30,70.94,71.1,70.1,70.84,527419.0
LUCK,2011-07-01,70.84,71.19,70.15,70.96,516935.0
LUCK,2011-07-04,70.96,72.2,70.31,72.02,171027.0
LUCK,2011-07-05,72.02,73.7,72.1,72.74,800802.0
LUCK,2011-07-06,72.74,73.44,72.71,72.83,256535.0
LUCK,2011-07-07,72.83,73.59,72.5,72.54,181131.0
LUCK,2011-07-08,72.54,72.7,72.0,72.33,23230.0
LUCK,2011-07-11,72.33,72.35,71.71,71.96,139608.0
LUCK,2011-07-12,71.96,72.0,70.81,71.27,176322.0
LUCK,2011-07-13,71.27,71.95,71.2,71.37,147361.0
LUCK,2011-07-14,71.37,71.55,71.0,71.33,72278.0
LUCK,2011-07-15,71.33,72.29,71.51,71.87,142700.0
LUCK,2011-07-18,71.87,73.18,72.0,72.62,1187414.0
LUCK,2011-07-19,72.62,73.74,72.25,73.25,3365419.0
LUCK,2011-07-20,73.25,75.0,72.25,72.6,6368639.0
LUCK,2011-07-21,72.6,74.08,72.15,72.88,1196256.0
LUCK,2011-07-22,72.88,75.5,72.99,74.57,3416340.0
LUCK,2011-07-25,74.57,74.95,73.4,73.55,789684.0
LUCK,2011-07-26,73.55,74.54,73.1,73.31,1363767.0
LUCK,2011-07-27,73.31,73.65,72.62,72.84,1028231.0
LUCK,2011-07-28,72.84,73.55,72.2,72.94,1175658.0
LUCK,2011-07-29,72.94,73.38,72.5,73.12,1547929.0
LUCK,2011-08-01,73.12,74.5,73.27,73.4,1204605.0
LUCK,2011-08-02,73.4,73.49,72.56,72.7,206710.0
LUCK,2011-08-03,72.7,72.75,70.5,70.69,727585.0
LUCK,2011-08-04,70.69,73.25,70.62,72.93,1296235.0
LUCK,2011-08-05,72.93,72.4,69.29,71.09,2470406.0
LUCK,2011-08-08,71.09,73.0,69.31,72.32,1639386.0
LUCK,2011-08-09,72.32,71.98,70.5,70.82,469401.0
LUCK,2011-08-10,70.82,73.5,71.71,71.94,575820.0
LUCK,2011-08-11,71.94,73.25,70.71,72.45,2526802.0
LUCK,2011-08-12,72.45,73.49,72.5,72.87,1505518.0
LUCK,2011-08-15,72.87,73.38,72.05,72.81,184167.0
LUCK,2011-08-16,72.81,73.7,72.02,72.42,577577.0
LUCK,2011-08-17,72.42,72.9,71.9,72.24,227884.0
LUCK,2011-08-18,72.24,72.7,70.81,71.93,3929130.0
LUCK,2011-08-19,71.93,71.39,70.52,71.02,2051902.0
LUCK,2011-08-22,71.02,71.9,70.5,70.97,290668.0
LUCK,2011-08-23,70.97,71.39,70.7,71.0,241184.0
LUCK,2011-08-24,71.0,72.15,70.27,70.75,2632752.0
LUCK,2011-08-25,70.75,71.49,69.71,71.2,745139.0
LUCK,2011-08-29,71.2,72.35,70.02,72.0,840350.0
LUCK,2011-08-30,72.0,72.69,71.61,72.32,483539.0
LUCK,2011-09-05,72.32,73.1,71.4,71.78,695146.0
LUCK,2011-09-06,71.78,73.14,71.16,72.83,756636.0
LUCK,2011-09-07,72.83,74.5,72.1,73.7,2995109.0
LUCK,2011-09-08,73.7,75.6,73.51,75.02,2423040.0
LUCK,2011-09-09,75.02,75.38,73.82,74.3,1085002.0
LUCK,2011-09-12,74.3,74.01,73.35,73.9,283258.0
LUCK,2011-09-13,73.9,74.4,73.5,73.57,108911.0
LUCK,2011-09-14,73.57,74.48,73.66,74.05,563393.0
LUCK,2011-09-15,74.05,74.68,74.06,74.26,528055.0
LUCK,2011-09-16,74.26,74.5,73.5,73.64,387917.0
LUCK,2011-09-19,73.64,74.27,73.3,73.67,1469145.0
LUCK,2011-09-20,69.67,71.85,70.25,71.34,990516.0
LUCK,2011-09-21,71.34,73.59,71.8,73.0,1615144.0
LUCK,2011-09-22,73.0,74.4,72.5,72.91,1818412.0
LUCK,2011-09-23,72.91,73.75,72.25,73.22,980689.0
LUCK,2011-09-26,73.22,72.8,69.7,70.48,1202461.0
LUCK,2011-09-27,70.48,73.0,71.0,72.79,553146.0
LUCK,2011-09-28,72.79,73.2,72.1,72.56,624910.0
LUCK,2011-09-29,72.56,76.13,72.45,74.95,5666761.0
LUCK,2011-09-30,74.95,76.9,74.25,75.52,2814003.0
LUCK,2011-10-03,75.52,75.9,74.32,74.98,531941.0
LUCK,2011-10-04,74.98,75.45,74.01,74.92,2072137.0
LUCK,2011-10-05,74.92,76.7,74.75,75.13,4353079.0
LUCK,2011-10-06,75.13,77.15,75.75,76.02,3203856.0
LUCK,2011-10-07,76.02,76.85,75.75,76.05,1493905.0
LUCK,2011-10-10,76.05,79.85,79.2,79.85,3283603.0
LUCK,2011-10-11,79.85,82.75,78.55,78.92,7064224.0
LUCK,2011-10-12,78.92,80.06,79.0,79.88,2271707.0
LUCK,2011-10-13,79.88,80.99,79.32,79.94,791146.0
LUCK,2011-10-14,79.94,83.45,79.0,82.31,2569757.0
LUCK,2011-10-17,82.31,84.39,82.8,83.58,1772984.0
LUCK,2011-10-18,83.58,84.9,82.81,83.0,1354755.0
LUCK,2011-10-19,83.0,83.6,78.85,80.19,1534561.0
LUCK,2011-10-20,80.19,83.39,78.8,82.3,2012044.0
LUCK,2011-10-21,82.3,82.8,79.1,80.24,1045113.0
LUCK,2011-10-25,80.24,82.7,80.0,80.35,1297195.0
LUCK,2011-10-26,80.35,81.85,79.0,79.75,1143378.0
LUCK,2011-10-27,79.75,80.5,79.26,80.0,402181.0
LUCK,2011-10-28,80.0,82.6,78.7,82.02,4731569.0
LUCK,2011-10-31,82.02,84.9,82.5,82.91,2581227.0
LUCK,2011-11-01,82.91,83.0,81.0,81.09,1021130.0
LUCK,2011-11-02,81.09,81.95,80.5,81.56,519374.0
LUCK,2011-11-03,81.56,82.5,81.0,81.19,516632.0
LUCK,2011-11-04,81.19,83.0,81.37,82.46,926017.0
LUCK,2011-11-10,82.46,83.99,81.51,82.15,1238883.0
LUCK,2011-11-11,82.15,83.95,82.31,83.01,1099109.0
LUCK,2011-11-14,83.01,84.0,82.85,83.02,467178.0
LUCK,2011-11-15,83.02,84.0,82.6,83.17,774418.0
LUCK,2011-11-16,83.17,84.25,82.6,82.8,1116475.0
LUCK,2011-11-17,82.8,83.25,82.3,82.46,174602.0
LUCK,2011-11-18,82.46,82.87,81.6,82.45,184775.0
LUCK,2011-11-21,82.45,83.85,82.25,82.66,908913.0
LUCK,2011-11-22,82.66,82.95,82.01,82.17,125622.0
LUCK,2011-11-23,82.17,82.6,82.11,82.2,301268.0
LUCK,2011-11-24,82.2,82.8,81.31,82.08,675724.0
LUCK,2011-11-25,82.08,82.35,80.9,81.2,532432.0
LUCK,2011-11-28,81.2,81.0,79.35,80.52,270503.0
LUCK,2011-11-29,80.52,81.6,80.05,81.23,645984.0
LUCK,2011-11-30,81.23,82.49,81.2,81.6,420793.0
LUCK,2011-12-01,81.6,82.4,81.55,81.97,416002.0
LUCK,2011-12-02,81.97,82.24,79.75,80.06,778511.0
LUCK,2011-12-07,80.06,80.85,76.51,76.99,988963.0
LUCK,2011-12-08,76.99,80.0,76.15,79.42,650255.0
LUCK,2011-12-09,79.42,80.1,78.8,79.35,137732.0
LUCK,2011-12-12,79.35,80.5,78.11,78.53,377932.0
LUCK,2011-12-13,78.53,78.8,77.0,77.39,543322.0
LUCK,2011-12-14,77.39,78.9,77.0,78.13,457237.0
LUCK,2011-12-15,78.13,77.99,74.62,76.84,1145640.0
LUCK,2011-12-16,76.84,78.5,75.55,78.1,864297.0
LUCK,2011-12-19,78.1,79.5,76.21,76.69,382686.0
LUCK,2011-12-20,76.69,78.89,75.05,78.31,728948.0
LUCK,2011-12-21,78.31,79.1,77.8,78.72,457593.0
LUCK,2011-12-22,78.72,79.35,78.25,78.88,269120.0
LUCK,2011-12-23,78.88,78.9,77.9,78.09,180262.0
LUCK,2011-12-26,78.09,78.76,77.52,77.66,2680.0
LUCK,2011-12-27,77.66,77.93,76.52,76.86,36013.0
LUCK,2011-12-28,76.86,77.0,75.5,75.9,188676.0
LUCK,2011-12-29,75.9,76.99,76.05,76.71,57165.0
LUCK,2011-12-30,76.71,77.14,74.8,75.04,607301.0
LUCK,2012-01-02,75.04,75.5,74.3,74.93,197257.0
LUCK,2012-01-03,74.93,78.0,74.62,77.74,909843.0
LUCK,2012-01-04,77.74,79.2,77.7,78.28,726703.0
LUCK,2012-01-05,78.28,78.11,77.51,77.61,88614.0
LUCK,2012-01-06,77.61,78.37,77.11,77.95,69921.0
LUCK,2012-01-09,77.95,78.0,76.6,76.78,40280.0
LUCK,2012-01-10,76.78,76.99,75.25,76.6,404339.0
LUCK,2012-01-11,76.6,77.98,76.24,77.57,335436.0
LUCK,2012-01-12,77.57,77.25,76.52,77.12,40565.0
LUCK,2012-01-13,77.12,79.19,77.4,78.62,750354.0
LUCK,2012-01-16,78.62,79.1,78.1,78.67,462419.0
LUCK,2012-01-17,78.67,78.6,77.84,78.46,527297.0
LUCK,2012-01-18,78.46,82.38,78.33,81.48,1654219.0
LUCK,2012-01-19,81.48,83.15,80.7,81.1,834905.0
LUCK,2012-01-20,81.1,83.9,81.0,81.26,1926260.0
LUCK,2012-01-23,81.26,85.25,82.25,84.65,2022277.0
LUCK,2012-01-24,84.65,87.1,83.81,84.98,2914771.0
LUCK,2012-01-25,84.98,86.39,84.7,85.77,4269481.0
LUCK,2012-01-26,85.77,88.47,85.9,86.48,5184948.0
LUCK,2012-01-27,86.48,87.85,86.01,87.03,1834762.0
LUCK,2012-01-30,87.03,87.95,85.52,86.0,1390264.0
LUCK,2012-01-31,86.0,86.19,84.31,84.8,418345.0
LUCK,2012-02-01,84.8,85.8,84.1,84.53,596289.0
LUCK,2012-02-02,84.53,85.0,83.6,83.95,546914.0
LUCK,2012-02-03,83.95,86.78,83.75,86.45,2091945.0
LUCK,2012-02-06,86.45,89.14,86.0,87.6,3743517.0
LUCK,2012-02-07,87.6,88.99,86.5,88.65,1492805.0
LUCK,2012-02-08,88.65,91.0,89.25,89.63,2874916.0
LUCK,2012-02-09,89.63,93.1,89.3,91.92,3854483.0
LUCK,2012-02-10,91.92,92.7,89.62,89.87,2027960.0
LUCK,2012-02-13,89.87,90.8,89.07,89.82,572508.0
LUCK,2012-02-14,89.82,90.89,87.82,88.18,1542644.0
LUCK,2012-02-15,88.18,89.3,87.99,88.28,792015.0
LUCK,2012-02-16,88.28,91.9,88.3,90.88,3616676.0
LUCK,2012-02-17,90.88,92.45,90.7,91.01,2085248.0
LUCK,2012-02-20,91.01,91.5,90.11,91.0,971755.0
LUCK,2012-02-21,91.0,94.55,91.18,93.76,5714583.0
LUCK,2012-02-22,93.76,95.2,92.85,93.31,2808802.0
LUCK,2012-02-23,93.31,95.34,92.81,93.67,3121014.0
LUCK,2012-02-24,93.67,96.25,93.5,95.43,3883497.0
LUCK,2012-02-27,95.43,95.7,93.9,95.05,3597627.0
LUCK,2012-02-28,95.05,99.0,95.12,97.71,9581205.0
LUCK,2012-02-29,97.71,100.9,97.6,99.01,4777345.0
LUCK,2012-03-01,99.01,100.5,98.0,98.75,2569433.0
LUCK,2012-03-02,98.75,103.5,98.7,102.05,3657702.0
LUCK,2012-03-05,102.05,103.78,101.75,102.16,1916265.0
LUCK,2012-03-06,102.16,102.99,100.53,101.38,2147142.0
LUCK,2012-03-07,101.38,101.8,99.7,100.13,2242355.0
LUCK,2012-03-08,100.13,105.13,100.5,104.87,4943608.0
LUCK,2012-03-09,104.87,106.43,103.61,104.17,3197331.0
LUCK,2012-03-12,104.17,105.55,103.07,103.65,1126869.0
LUCK,2012-03-13,103.65,104.99,102.8,103.14,1948855.0
LUCK,2012-03-14,103.14,104.4,101.31,101.88,1478618.0
LUCK,2012-03-15,101.88,102.9,100.26,102.46,2598766.0
LUCK,2012-03-16,102.46,104.29,100.6,101.25,3664483.0
LUCK,2012-03-19,101.25,102.4,99.8,100.83,2052951.0
LUCK,2012-03-20,100.83,105.39,100.99,104.49,3577075.0
LUCK,2012-03-21,104.49,105.3,102.8,103.09,1625040.0
LUCK,2012-03-22,103.09,103.85,102.5,103.29,1941409.0
LUCK,2012-03-26,103.29,104.1,102.52,103.31,1035863.0
LUCK,2012-03-27,103.31,107.48,102.57,106.32,6271093.0
LUCK,2012-03-28,106.32,110.7,106.2,109.4,7540923.0
LUCK,2012-03-29,109.4,109.25,107.4,108.05,1330886.0
LUCK,2012-03-30,108.05,113.45,108.4,113.45,4179146.0
LUCK,2012-04-02,113.45,116.6,112.5,113.04,5915755.0
LUCK,2012-04-03,113.04,114.75,110.11,114.35,2965410.0
LUCK,2012-04-04,114.35,117.38,114.5,116.59,3598655.0
LUCK,2012-04-05,116.59,122.41,116.65,121.95,4670970.0
LUCK,2012-04-06,121.95,128.04,120.88,127.57,4765139.0
LUCK,2012-04-09,127.57,129.8,123.05,123.56,3021358.0
LUCK,2012-04-10,123.56,125.15,122.16,123.61,3850189.0
LUCK,2012-04-11,123.61,127.43,122.71,124.34,5752729.0
LUCK,2012-04-12,124.34,125.24,118.5,120.48,6112041.0
LUCK,2012-04-13,120.48,125.51,119.25,120.94,4736568.0
LUCK,2012-04-16,120.94,126.98,121.0,126.37,3199676.0
LUCK,2012-04-17,126.37,129.75,126.31,127.19,2264766.0
LUCK,2012-04-18,127.19,133.34,125.35,132.67,4834051.0
LUCK,2012-04-19,132.67,134.1,131.11,131.69,4290107.0
LUCK,2012-04-20,131.69,133.8,129.6,133.29,7957010.0
LUCK,2012-04-23,133.29,138.75,132.51,137.64,3904231.0
LUCK,2012-04-24,137.64,139.95,133.1,133.59,4425139.0
LUCK,2012-04-25,133.59,136.25,132.0,133.33,4571358.0
LUCK,2012-04-26,133.33,136.24,126.67,127.28,3532387.0
LUCK,2012-04-27,127.28,131.4,125.9,130.48,3516492.0
LUCK,2012-04-30,130.48,131.8,128.3,130.23,1850024.0
LUCK,2012-05-02,130.23,134.3,129.9,132.87,4182032.0
LUCK,2012-05-03,132.87,139.0,133.52,137.57,7079826.0
LUCK,2012-05-04,137.57,138.5,131.5,133.12,4555007.0
LUCK,2012-05-07,133.12,135.68,131.01,131.5,7111743.0
LUCK,2012-05-08,131.5,134.64,131.2,132.05,4908833.0
LUCK,2012-05-09,132.05,133.9,131.56,133.08,2643281.0
LUCK,2012-05-10,133.08,133.7,127.1,130.01,6588790.0
LUCK,2012-05-11,130.01,131.71,124.61,126.95,4910507.0
LUCK,2012-05-14,126.95,128.1,124.5,127.56,2215253.0
LUCK,2012-05-15,127.56,129.7,127.96,128.91,1623428.0
LUCK,2012-05-16,128.91,129.0,124.5,125.2,2247831.0
LUCK,2012-05-17,125.2,128.5,122.8,125.73,4066905.0
LUCK,2012-05-18,125.73,126.25,120.2,121.52,3133539.0
LUCK,2012-05-21,121.52,123.2,120.75,122.08,659545.0
LUCK,2012-05-22,122.08,128.18,122.6,127.31,4845520.0
LUCK,2012-05-23,127.31,127.97,124.4,125.75,3856240.0
LUCK,2012-05-24,125.75,129.2,125.5,128.07,6194231.0
LUCK,2012-05-25,128.07,129.19,127.01,127.29,1927214.0
LUCK,2012-05-28,127.29,129.89,126.6,128.37,3827444.0
LUCK,2012-05-29,128.37,130.45,128.1,128.48,3330923.0
LUCK,2012-05-30,128.48,128.2,125.25,126.38,1143639.0
LUCK,2012-05-31,126.38,132.0,125.25,126.29,7987901.0
LUCK,2012-06-01,126.29,130.4,126.1,128.51,4548988.0
LUCK,2012-06-04,128.51,129.39,125.5,126.55,1986156.0
LUCK,2012-06-05,126.55,127.4,124.0,124.82,1709838.0
LUCK,2012-06-06,124.82,126.48,125.0,125.53,1866998.0
LUCK,2012-06-07,125.53,126.98,124.11,125.75,1133721.0
LUCK,2012-06-08,125.75,126.3,121.52,122.16,2617284.0
LUCK,2012-06-11,122.16,124.4,122.8,123.02,1473976.0
LUCK,2012-06-12,123.02,123.4,116.87,117.37,5418656.0
LUCK,2012-06-13,117.37,118.3,114.16,115.72,2137294.0
LUCK,2012-06-14,115.72,118.88,116.25,118.05,7053555.0
LUCK,2012-06-15,118.05,119.99,116.51,117.07,3513070.0
LUCK,2012-06-18,117.07,118.5,117.0,117.11,1839302.0
LUCK,2012-06-19,117.11,117.01,113.9,114.69,2985402.0
LUCK,2012-06-20,114.69,116.1,114.31,114.65,1266628.0
LUCK,2012-06-21,114.65,115.0,112.8,113.18,1786527.0
LUCK,2012-06-22,113.18,115.8,111.01,114.32,5020689.0
LUCK,2012-06-25,114.32,115.45,113.0,113.21,1224295.0
LUCK,2012-06-26,113.21,114.8,112.65,113.63,1453916.0
LUCK,2012-06-27,113.63,115.7,113.5,115.33,1733389.0
LUCK,2012-06-28,115.33,116.8,115.5,115.67,1625775.0
LUCK,2012-06-29,115.67,116.55,114.75,115.39,1202679.0
LUCK,2012-07-02,115.39,119.99,115.6,119.58,4725545.0
LUCK,2012-07-03,119.58,121.87,119.25,120.21,3823514.0
LUCK,2012-07-04,120.21,122.25,119.51,120.19,3731825.0
LUCK,2012-07-05,120.19,120.8,119.65,120.28,804522.0
LUCK,2012-07-06,120.28,123.2,120.25,122.29,4506522.0
LUCK,2012-07-09,122.29,124.39,122.13,124.03,2838426.0
LUCK,2012-07-10,124.03,124.95,123.01,124.42,3907283.0
LUCK,2012-07-11,124.42,124.9,123.25,123.93,1028556.0
LUCK,2012-07-12,123.93,126.75,124.0,125.27,4560199.0
LUCK,2012-07-13,125.27,127.5,124.85,125.88,4105742.0
LUCK,2012-07-16,125.88,127.45,125.34,126.63,2497640.0
LUCK,2012-07-17,126.63,128.75,126.81,128.34,4071192.0
LUCK,2012-07-18,128.34,129.57,127.5,129.09,4183038.0
LUCK,2012-07-19,129.09,130.68,127.95,129.48,3644548.0
LUCK,2012-07-20,129.48,129.75,128.6,128.76,765528.0
LUCK,2012-07-23,128.76,129.0,128.3,128.58,285400.0
LUCK,2012-07-24,128.58,129.2,127.1,128.59,678700.0
LUCK,2012-07-25,128.59,130.55,128.5,130.34,1643800.0
LUCK,2012-07-26,130.34,131.38,128.5,128.89,2790100.0
LUCK,2012-07-27,128.89,129.8,127.35,129.29,1900100.0
LUCK,2012-07-30,129.29,128.5,123.01,123.85,6787000.0
LUCK,2012-07-31,123.85,125.0,122.2,124.51,1712900.0
LUCK,2012-08-01,124.51,127.85,124.71,127.55,2463600.0
LUCK,2012-08-02,127.55,128.98,127.17,127.72,1481200.0
LUCK,2012-08-03,127.72,128.45,127.06,127.22,532500.0
LUCK,2012-08-06,127.22,127.75,126.05,127.45,428500.0
LUCK,2012-08-07,127.45,127.78,126.51,126.72,210400.0
LUCK,2012-08-08,126.72,128.75,126.75,128.04,1395000.0
LUCK,2012-08-09,128.04,128.6,126.5,126.95,763700.0
LUCK,2012-08-10,126.95,127.3,126.06,126.82,272900.0
LUCK,2012-08-13,126.82,131.0,128.5,130.18,4456500.0
LUCK,2012-08-15,130.18,131.5,127.0,129.1,4438600.0
LUCK,2012-08-16,129.1,130.0,128.25,128.89,810100.0
LUCK,2012-08-23,128.89,133.48,128.7,133.35,6016200.0
LUCK,2012-08-24,133.35,134.22,131.13,131.55,3369900.0
LUCK,2012-08-27,131.55,133.88,131.1,133.59,2897900.0
LUCK,2012-08-28,133.59,136.1,133.7,134.01,4359800.0
LUCK,2012-08-29,134.01,135.1,132.9,134.38,2497400.0
LUCK,2012-08-30,134.38,136.85,134.53,135.28,5260200.0
LUCK,2012-08-31,135.28,135.9,133.57,135.25,2363800.0
LUCK,2012-09-03,135.25,136.49,134.51,134.88,1447800.0
LUCK,2012-09-04,134.88,135.35,134.05,134.38,850200.0
LUCK,2012-09-05,134.38,135.55,134.0,134.3,2019200.0
LUCK,2012-09-06,134.3,134.5,131.9,132.16,1522400.0
LUCK,2012-09-07,132.16,133.5,131.62,132.8,1331800.0
LUCK,2012-09-10,132.8,133.25,130.75,131.24,1177500.0
LUCK,2012-09-11,131.24,131.94,129.9,130.58,856900.0
LUCK,2012-09-12,130.58,133.15,130.8,132.36,2547400.0
LUCK,2012-09-13,132.36,134.2,132.61,133.55,2755500.0
LUCK,2012-09-14,133.55,134.4,133.15,133.47,1073800.0
LUCK,2012-09-17,133.47,133.9,131.31,131.67,594800.0
LUCK,2012-09-18,131.67,132.59,131.11,132.33,1635000.0
LUCK,2012-09-19,132.33,133.42,131.81,132.07,1143100.0
LUCK,2012-09-20,132.07,132.5,129.55,130.72,791000.0
LUCK,2012-09-24,130.72,131.9,130.75,130.87,409800.0
LUCK,2012-09-25,130.87,133.01,131.1,132.02,983800.0
LUCK,2012-09-26,132.02,132.87,131.26,132.37,479500.0
LUCK,2012-09-27,132.37,133.0,131.9,132.53,704300.0
LUCK,2012-09-28,132.53,133.4,132.15,133.14,1450500.0
LUCK,2012-10-01,133.14,135.35,133.0,134.71,2583000.0
LUCK,2012-10-02,134.71,135.15,133.5,133.85,764200.0
LUCK,2012-10-03,133.85,134.7,133.7,134.34,768600.0
LUCK,2012-10-04,134.34,136.1,134.5,135.76,2229600.0
LUCK,2012-10-05,135.76,136.88,134.8,135.22,2656800.0
LUCK,2012-10-08,135.22,136.0,133.5,133.81,815300.0
LUCK,2012-10-09,133.81,139.48,133.7,137.79,5422100.0
LUCK,2012-10-10,137.79,140.89,138.5,138.66,2305300.0
LUCK,2012-10-11,138.66,139.25,137.41,137.77,1199500.0
LUCK,2012-10-12,137.77,138.9,136.8,137.79,1476700.0
LUCK,2012-10-15,137.79,138.75,136.0,136.67,1271300.0
LUCK,2012-10-16,130.67,131.85,130.4,131.41,720300.0
LUCK,2012-10-17,131.41,131.93,130.51,131.5,372100.0
LUCK,2012-10-18,131.5,137.1,131.42,136.49,2524000.0
LUCK,2012-10-19,136.49,141.96,135.65,140.99,2725500.0
LUCK,2012-10-22,140.99,142.0,139.53,140.18,890800.0
LUCK,2012-10-23,140.18,144.49,138.55,139.33,3935500.0
LUCK,2012-10-24,139.33,139.7,137.25,139.11,2116600.0
LUCK,2012-10-25,139.11,140.75,137.67,138.83,2186700.0
LUCK,2012-10-30,138.83,139.9,138.3,139.07,475000.0
LUCK,2012-10-31,139.07,144.4,139.4,143.41,3470200.0
LUCK,2012-11-01,143.41,145.95,143.7,144.19,1815000.0
LUCK,2012-11-02,144.19,145.0,142.4,142.91,1848300.0
LUCK,2012-11-05,142.91,144.49,140.01,141.34,1721500.0
LUCK,2012-11-06,141.34,141.55,139.55,140.43,1702100.0
LUCK,2012-11-07,140.43,141.89,138.76,139.95,3056100.0
LUCK,2012-11-08,139.95,141.0,139.51,140.16,1062200.0
LUCK,2012-11-12,140.16,141.0,138.73,140.49,1279800.0
LUCK,2012-11-13,140.49,141.0,139.2,139.33,685100.0
LUCK,2012-11-14,139.33,140.6,138.71,139.65,2470400.0
LUCK,2012-11-15,139.65,141.65,139.5,140.0,2329200.0
LUCK,2012-11-16,140.0,142.7,140.3,141.42,1230300.0
LUCK,2012-11-19,141.42,143.39,141.03,142.84,3340700.0
LUCK,2012-11-20,142.84,143.49,142.15,142.52,1465100.0
LUCK,2012-11-21,142.52,143.0,140.51,141.37,783300.0
LUCK,2012-11-22,141.37,142.4,141.1,142.01,427600.0
LUCK,2012-11-23,142.01,143.0,141.0,141.83,352200.0
LUCK,2012-11-26,141.83,143.19,141.5,141.66,564200.0
LUCK,2012-11-27,141.66,144.75,141.11,144.41,3482200.0
LUCK,2012-11-28,144.41,146.0,142.5,143.11,2258500.0
LUCK,2012-11-29,143.11,145.35,142.95,144.51,2113800.0
LUCK,2012-11-30,144.51,145.5,143.3,143.96,1367300.0
LUCK,2012-12-03,143.96,145.0,143.51,144.01,991800.0
LUCK,2012-12-04,144.01,145.1,143.75,144.01,872300.0
LUCK,2012-12-05,144.01,144.49,143.11,143.7,1122100.0
LUCK,2012-12-06,143.7,148.1,143.8,147.03,4360200.0
LUCK,2012-12-07,147.03,150.0,145.3,146.2,3537900.0
LUCK,2012-12-10,146.2,146.5,144.2,144.61,370000.0
LUCK,2012-12-11,144.61,145.0,143.02,143.51,499500.0
LUCK,2012-12-12,143.51,146.2,143.7,144.45,1424500.0
LUCK,2012-12-13,144.45,147.7,144.99,147.2,2352200.0
LUCK,2012-12-14,147.2,149.0,147.27,147.63,1364700.0
LUCK,2012-12-17,147.63,149.25,146.5,148.57,841900.0
LUCK,2012-12-18,148.57,150.65,147.8,148.41,1015800.0
LUCK,2012-12-19,148.41,149.2,147.51,148.15,650400.0
LUCK,2012-12-20,148.15,149.0,148.0,148.3,751800.0
LUCK,2012-12-21,148.3,149.38,148.25,148.76,1253800.0
LUCK,2012-12-24,148.76,150.25,148.3,149.83,1064400.0
LUCK,2012-12-26,149.83,149.85,148.5,148.65,261400.0
LUCK,2012-12-27,148.65,149.5,148.01,149.13,646200.0
LUCK,2012-12-28,149.13,150.0,148.01,149.8,862900.0
LUCK,2012-12-31,149.8,154.34,150.0,151.54,3907100.0
LUCK,2013-01-01,151.54,151.7,149.8,150.39,964800.0
LUCK,2013-01-02,150.39,150.42,145.51,147.24,1989700.0
LUCK,2013-01-03,147.24,149.0,147.1,147.58,850000.0
LUCK,2013-01-04,147.58,148.44,145.02,147.52,483200.0
LUCK,2013-01-07,147.52,147.5,145.2,146.54,1360000.0
LUCK,2013-01-08,146.54,147.5,145.75,147.11,724500.0
LUCK,2013-01-09,147.11,150.9,147.3,150.34,3365500.0
LUCK,2013-01-10,150.34,151.3,149.0,149.05,848500.0
LUCK,2013-01-11,149.05,151.5,149.0,150.23,2440900.0
LUCK,2013-01-14,150.23,152.31,148.61,151.96,1105700.0
LUCK,2013-01-15,151.96,151.85,145.99,146.19,2277200.0
LUCK,2013-01-16,146.19,147.75,145.1,146.93,1176900.0
LUCK,2013-01-17,146.93,149.45,146.3,146.7,1745400.0
LUCK,2013-01-18,146.7,151.6,148.95,151.23,1740700.0
LUCK,2013-01-21,151.23,152.22,149.58,151.09,618600.0
LUCK,2013-01-22,151.09,154.0,151.0,153.46,2048400.0
LUCK,2013-01-23,153.46,153.5,151.5,152.67,1399700.0
LUCK,2013-01-24,152.67,155.0,152.98,153.4,1017900.0
LUCK,2013-01-28,153.4,154.06,152.56,153.26,683400.0
LUCK,2013-01-29,153.26,156.7,152.9,155.86,841600.0
LUCK,2013-01-30,155.86,156.96,154.5,155.14,2019700.0
LUCK,2013-01-31,155.14,157.94,154.78,157.48,879200.0
LUCK,2013-02-01,157.48,158.4,156.85,157.59,604800.0
LUCK,2013-02-04,157.59,158.0,156.8,157.21,109900.0
LUCK,2013-02-06,157.21,159.9,156.55,158.45,1549600.0
LUCK,2013-02-07,158.45,158.6,157.0,157.59,302600.0
LUCK,2013-02-08,157.59,158.5,156.8,157.09,332000.0
LUCK,2013-02-11,157.09,158.0,156.52,157.7,350600.0
LUCK,2013-02-12,157.7,159.55,157.15,159.26,830800.0
LUCK,2013-02-13,159.26,160.25,158.65,159.55,1688800.0
LUCK,2013-02-14,159.55,162.0,159.5,161.84,822100.0
LUCK,2013-02-15,161.84,164.0,159.5,162.93,1306800.0
LUCK,2013-02-18,162.93,165.69,161.25,165.0,1507700.0
LUCK,2013-02-19,165.0,166.69,163.51,164.35,771800.0
LUCK,2013-02-20,164.35,169.74,164.5,167.47,1630700.0
LUCK,2013-02-21,167.47,168.88,166.62,167.22,786200.0
LUCK,2013-02-22,167.22,168.9,164.99,168.42,1885500.0
LUCK,2013-02-25,168.42,168.5,165.11,165.82,599500.0
LUCK,2013-02-26,165.82,165.9,162.5,163.8,1015800.0
LUCK,2013-02-27,163.8,166.2,163.15,165.26,562700.0
LUCK,2013-02-28,165.26,167.51,164.11,164.77,991700.0
LUCK,2013-03-01,164.77,167.25,164.85,166.93,1113900.0
LUCK,2013-03-04,166.93,166.8,165.02,166.02,167100.0
LUCK,2013-03-05,166.02,167.5,164.25,165.2,411200.0
LUCK,2013-03-06,165.2,168.38,162.43,165.27,1203400.0
LUCK,2013-03-07,165.27,168.25,165.75,166.93,430000.0
LUCK,2013-03-08,166.93,167.65,165.0,165.11,381900.0
LUCK,2013-03-11,165.11,165.5,160.2,161.11,584300.0
LUCK,2013-03-12,161.11,164.48,158.51,164.05,501700.0
LUCK,2013-03-13,164.05,164.85,160.9,161.26,760300.0
LUCK,2013-03-14,161.26,162.0,160.15,161.01,173000.0
LUCK,2013-03-15,161.01,162.01,159.55,160.97,234500.0
LUCK,2013-03-18,160.97,164.9,159.01,164.54,524700.0
LUCK,2013-03-19,164.54,168.06,164.5,166.21,1262500.0
LUCK,2013-03-20,166.21,169.5,166.5,167.73,1495900.0
LUCK,2013-03-21,167.73,170.9,167.95,169.02,2135100.0
LUCK,2013-03-22,169.02,171.6,167.9,169.74,1966200.0
LUCK,2013-03-25,169.74,172.8,169.55,170.24,662300.0
LUCK,2013-03-26,170.24,170.2,167.9,168.59,895700.0
LUCK,2013-03-27,168.59,169.43,166.0,166.65,818500.0
LUCK,2013-03-28,166.65,167.9,166.3,167.03,151000.0
LUCK,2013-03-29,167.03,168.5,166.7,167.59,643400.0
LUCK,2013-04-01,167.59,170.35,167.25,168.7,977400.0
LUCK,2013-04-02,168.7,171.0,168.99,170.72,736700.0
LUCK,2013-04-03,170.72,171.65,169.9,170.33,671700.0
LUCK,2013-04-04,170.33,171.5,169.0,169.92,489300.0
LUCK,2013-04-05,169.92,170.6,169.5,169.57,129800.0
LUCK,2013-04-08,169.57,171.5,169.9,171.03,345500.0
LUCK,2013-04-09,171.03,174.89,171.2,173.57,2101300.0
LUCK,2013-04-10,173.57,176.25,173.98,175.2,982800.0
LUCK,2013-04-11,175.2,175.25,174.0,174.38,128100.0
LUCK,2013-04-12,174.38,175.25,173.25,174.84,138400.0
LUCK,2013-04-15,174.84,174.49,172.9,173.85,389700.0
LUCK,2013-04-16,173.85,179.4,172.9,174.82,1281500.0
LUCK,2013-04-17,174.82,177.2,172.0,172.2,1176100.0
LUCK,2013-04-18,172.2,175.12,172.01,174.16,680500.0
LUCK,2013-04-19,174.16,175.4,171.5,171.99,413200.0
LUCK,2013-04-22,171.99,172.85,170.45,170.92,229500.0
LUCK,2013-04-23,170.92,172.05,170.1,171.36,247400.0
LUCK,2013-04-24,171.36,175.49,171.1,171.89,1575000.0
LUCK,2013-04-25,171.89,175.0,172.0,174.67,1254600.0
LUCK,2013-04-26,174.67,176.75,174.0,174.02,2208600.0
LUCK,2013-04-29,174.02,174.39,173.0,173.51,513900.0
LUCK,2013-04-30,173.51,174.75,173.5,173.58,353400.0
LUCK,2013-05-02,173.58,174.8,173.65,173.98,496500.0
LUCK,2013-05-03,173.98,174.7,173.5,173.89,214600.0
LUCK,2013-05-06,173.89,174.4,173.0,173.59,425900.0
LUCK,2013-05-07,173.59,174.4,172.26,172.67,91400.0
LUCK,2013-05-08,172.67,176.98,173.27,174.14,2034000.0
LUCK,2013-05-09,174.14,178.8,174.99,176.87,1462900.0
LUCK,2013-05-10,176.87,177.9,175.65,177.03,122800.0
LUCK,2013-05-13,177.03,182.0,177.56,178.19,654800.0
LUCK,2013-05-14,178.19,181.0,178.9,180.65,2393000.0
LUCK,2013-05-15,180.65,181.9,177.5,178.74,858800.0
LUCK,2013-05-16,178.74,179.2,178.0,178.68,255100.0
LUCK,2013-05-17,178.68,179.4,177.53,178.12,968300.0
LUCK,2013-05-20,178.12,179.95,178.0,179.2,1068600.0
LUCK,2013-05-21,179.2,182.0,179.6,181.8,2610400.0
LUCK,2013-05-22,181.8,184.0,181.99,182.58,961100.0
LUCK,2013-05-23,182.58,183.0,178.6,179.31,423500.0
LUCK,2013-05-24,179.31,180.0,176.73,177.53,160700.0
LUCK,2013-05-27,177.53,178.8,175.01,177.49,511800.0
LUCK,2013-05-28,177.49,180.9,177.45,180.51,467700.0
LUCK,2013-05-29,180.51,185.0,177.75,178.2,360500.0
LUCK,2013-05-30,178.2,181.0,177.05,179.2,1292300.0
LUCK,2013-05-31,179.2,183.0,179.51,182.36,702200.0
LUCK,2013-06-03,182.36,183.0,181.3,182.85,422600.0
LUCK,2013-06-04,182.85,186.0,182.51,185.55,3339800.0
LUCK,2013-06-05,185.55,193.9,186.0,189.81,3146500.0
LUCK,2013-06-06,189.81,195.85,189.75,193.71,2663900.0
LUCK,2013-06-07,193.71,195.75,190.95,191.36,438300.0
LUCK,2013-06-10,191.36,191.99,188.0,189.08,627400.0
LUCK,2013-06-11,189.08,193.95,188.5,193.2,701000.0
LUCK,2013-06-12,193.2,192.75,190.76,191.1,281200.0
LUCK,2013-06-13,191.1,200.65,193.0,200.63,1826300.0
LUCK,2013-06-14,200.63,204.99,197.1,203.65,1485000.0
LUCK,2013-06-17,203.65,206.0,199.6,201.07,1042900.0
LUCK,2013-06-18,201.07,202.7,198.25,198.56,1165800.0
LUCK,2013-06-19,198.56,208.48,199.75,206.86,1773600.0
LUCK,2013-06-20,206.86,207.69,199.92,200.69,963600.0
LUCK,2013-06-21,200.69,202.89,198.1,200.61,778900.0
LUCK,2013-06-24,200.61,208.0,198.0,201.36,2083200.0
LUCK,2013-06-25,201.36,207.49,200.25,202.97,823100.0
LUCK,2013-06-26,202.97,213.0,203.5,210.69,1754200.0
LUCK,2013-06-27,210.69,216.25,206.3,208.71,1093800.0
LUCK,2013-06-28,208.71,214.5,208.0,209.72,1340000.0
LUCK,2013-07-01,209.72,213.05,208.05,208.66,377300.0
LUCK,2013-07-02,208.66,218.85,208.95,218.08,1250700.0
LUCK,2013-07-03,218.08,220.95,218.4,219.71,836000.0
LUCK,2013-07-04,219.71,224.6,219.25,220.58,908400.0
LUCK,2013-07-05,220.58,224.5,221.11,221.7,188800.0
LUCK,2013-07-08,221.7,232.78,222.0,228.88,1154700.0
LUCK,2013-07-09,228.88,240.0,228.6,239.32,1868900.0
LUCK,2013-07-10,239.32,249.89,237.1,247.85,1891100.0
LUCK,2013-07-11,247.85,250.0,241.0,242.74,760600.0
LUCK,2013-07-12,242.74,243.8,241.01,241.65,619500.0
LUCK,2013-07-15,241.65,243.89,231.5,234.65,2441800.0
LUCK,2013-07-16,234.65,239.05,231.9,232.98,666900.0
LUCK,2013-07-17,232.98,234.5,225.25,225.92,988200.0
LUCK,2013-07-18,225.92,230.94,225.0,228.61,473300.0
LUCK,2013-07-19,228.61,231.89,229.55,230.91,1256300.0
LUCK,2013-07-22,230.91,238.0,229.0,234.32,1019800.0
LUCK,2013-07-23,234.32,237.55,234.0,236.29,616500.0
LUCK,2013-07-24,236.29,244.4,237.1,242.67,1668300.0
LUCK,2013-07-25,242.67,243.9,240.2,240.9,330300.0
LUCK,2013-07-26,240.9,244.88,239.15,241.02,759700.0
LUCK,2013-07-29,241.02,242.0,237.5,238.02,255200.0
LUCK,2013-07-30,238.02,241.48,235.25,239.85,499300.0
LUCK,2013-07-31,239.85,244.25,239.75,241.92,302200.0
LUCK,2013-08-01,241.92,243.5,238.0,238.63,682900.0
LUCK,2013-08-05,238.63,243.0,229.2,236.82,806400.0
LUCK,2013-08-06,236.82,237.99,224.98,226.43,487000.0
LUCK,2013-08-07,226.43,232.0,222.5,229.22,822000.0
LUCK,2013-08-12,229.22,239.85,228.0,237.53,642500.0
LUCK,2013-08-13,237.53,239.9,234.61,235.32,371500.0
LUCK,2013-08-15,235.32,237.1,233.75,236.65,422500.0
LUCK,2013-08-16,236.65,239.5,237.0,238.81,300700.0
LUCK,2013-08-19,238.81,242.0,238.5,240.06,639100.0
LUCK,2013-08-20,240.06,242.78,233.99,234.84,970500.0
LUCK,2013-08-21,234.84,237.0,228.11,229.06,352200.0
LUCK,2013-08-22,229.06,231.5,219.91,223.3,680100.0
LUCK,2013-08-23,223.3,227.02,220.0,223.02,394200.0
LUCK,2013-08-26,223.02,234.17,225.95,234.14,893700.0
LUCK,2013-08-27,234.14,237.99,231.1,233.52,477100.0
LUCK,2013-08-28,233.52,233.0,222.5,227.59,442800.0
LUCK,2013-08-29,227.59,229.89,218.5,220.91,769600.0
LUCK,2013-08-30,220.91,228.5,219.15,222.99,618900.0
LUCK,2013-09-02,222.99,226.0,218.5,224.52,646000.0
LUCK,2013-09-03,224.52,235.74,224.8,231.46,871400.0
LUCK,2013-09-04,231.46,233.0,225.25,228.34,415400.0
LUCK,2013-09-05,228.34,236.99,227.5,234.64,414200.0
LUCK,2013-09-06,234.64,240.5,236.0,238.52,743500.0
LUCK,2013-09-09,238.52,246.2,238.0,243.66,1443300.0
LUCK,2013-09-10,243.66,255.84,245.6,255.84,1138200.0
LUCK,2013-09-11,255.84,266.45,258.0,264.79,1367100.0
LUCK,2013-09-12,264.79,265.0,252.99,255.74,1724200.0
LUCK,2013-09-13,255.74,256.9,250.85,251.61,998500.0
LUCK,2013-09-16,251.61,264.19,240.56,251.49,1706400.0
LUCK,2013-09-17,251.49,256.9,248.0,249.83,869100.0
LUCK,2013-09-18,249.83,252.5,238.1,241.5,1406300.0
LUCK,2013-09-19,241.5,251.2,240.0,246.34,612800.0
LUCK,2013-09-20,246.34,251.5,243.83,248.86,843400.0
LUCK,2013-09-23,248.86,253.99,247.99,251.21,298400.0
LUCK,2013-09-24,251.21,253.0,244.0,245.48,250000.0
LUCK,2013-09-25,245.48,246.54,237.0,242.27,551000.0
LUCK,2013-09-26,242.27,243.0,230.16,234.53,881300.0
LUCK,2013-09-27,234.53,235.98,229.78,230.49,335000.0
LUCK,2013-09-30,230.49,236.0,222.4,231.29,1500800.0
LUCK,2013-10-01,231.29,234.9,227.6,233.89,1879400.0
LUCK,2013-10-02,233.89,236.5,231.12,232.42,522100.0
LUCK,2013-10-03,232.42,235.38,229.6,233.98,262900.0
LUCK,2013-10-04,233.98,235.35,232.0,234.24,143000.0
LUCK,2013-10-07,234.24,234.25,226.05,231.63,245200.0
LUCK,2013-10-08,231.63,235.0,231.2,233.59,62900.0
LUCK,2013-10-09,233.59,234.0,232.0,233.56,155100.0
LUCK,2013-10-10,233.56,234.55,231.4,234.35,74500.0
LUCK,2013-10-11,234.35,236.25,233.0,234.98,225300.0
LUCK,2013-10-14,226.98,229.25,226.0,228.06,119800.0
LUCK,2013-10-21,228.06,235.0,230.95,233.09,928900.0
LUCK,2013-10-22,233.09,244.69,233.51,244.12,702000.0
LUCK,2013-10-23,244.12,246.75,239.5,240.11,407100.0
LUCK,2013-10-24,240.11,245.05,234.0,239.67,604100.0
LUCK,2013-10-25,239.67,244.0,237.5,242.27,223700.0
LUCK,2013-10-28,242.27,243.0,237.25,239.98,138200.0
LUCK,2013-10-29,239.98,241.0,238.98,239.0,313300.0
LUCK,2013-10-30,239.0,242.49,239.0,241.45,337700.0
LUCK,2013-10-31,241.45,253.5,240.0,251.73,1455600.0
LUCK,2013-11-01,251.73,259.5,245.98,248.21,2836100.0
LUCK,2013-11-04,246.9,247.2,242.75,245.94,513300.0
LUCK,2013-11-05,246.99,258.0,246.85,255.39,801700.0
LUCK,2013-11-06,257.9,264.0,257.9,260.92,757500.0
LUCK,2013-11-07,260.0,262.99,257.5,258.44,1000200.0
LUCK,2013-11-08,257.5,260.89,255.05,256.34,290100.0
LUCK,2013-11-11,257.4,259.0,256.0,256.49,147600.0
LUCK,2013-11-12,257.11,266.7,257.11,261.37,1291900.0
LUCK,2013-11-13,262.94,262.94,258.5,259.91,323900.0
LUCK,2013-11-18,261.0,267.6,261.0,263.08,1421200.0
LUCK,2013-11-19,263.68,272.99,263.68,265.34,735400.0
LUCK,2013-11-20,266.2,271.5,265.89,268.61,1719700.0
LUCK,2013-11-21,268.51,272.75,268.01,269.76,1150100.0
LUCK,2013-11-22,269.75,269.75,266.5,266.9,254200.0
LUCK,2013-11-25,267.1,269.7,267.0,267.63,134400.0
LUCK,2013-11-26,268.1,269.0,265.05,266.71,63300.0
LUCK,2013-11-27,266.5,269.0,266.0,268.02,212400.0
LUCK,2013-11-28,269.0,271.9,269.0,270.68,355500.0
LUCK,2013-11-29,270.68,282.5,270.68,279.78,623100.0
LUCK,2013-12-02,280.5,285.76,280.0,281.96,214400.0
LUCK,2013-12-03,282.0,284.2,272.32,274.64,608000.0
LUCK,2013-12-04,275.0,279.98,275.0,275.96,270000.0
LUCK,2013-12-05,277.75,284.5,277.5,282.12,532400.0
LUCK,2013-12-06,282.99,285.98,276.5,280.49,598000.0
LUCK,2013-12-09,281.95,282.99,278.0,278.96,430700.0
LUCK,2013-12-10,280.0,281.4,277.16,277.83,140200.0
LUCK,2013-12-11,279.85,280.85,278.06,278.65,185600.0
LUCK,2013-12-12,280.48,283.49,278.11,281.6,424700.0
LUCK,2013-12-13,281.05,284.25,280.99,281.95,275900.0
LUCK,2013-12-16,283.0,291.3,280.12,287.92,1001900.0
LUCK,2013-12-17,289.3,297.49,289.0,291.31,413900.0
LUCK,2013-12-18,293.0,293.0,290.0,292.34,42900.0
LUCK,2013-12-19,292.51,296.9,290.0,292.02,275200.0
LUCK,2013-12-20,291.5,291.6,289.0,289.53,250900.0
LUCK,2013-12-23,290.94,293.45,289.1,291.19,238400.0
LUCK,2013-12-24,292.0,297.89,292.0,295.29,553200.0
LUCK,2013-12-26,296.5,299.89,296.5,297.7,63300.0
LUCK,2013-12-27,297.0,299.0,294.06,298.16,478700.0
LUCK,2013-12-30,298.5,303.5,298.5,301.05,488900.0
LUCK,2013-12-31,303.0,303.0,297.1,299.87,210900.0
LUCK,2014-01-01,301.9,312.0,301.88,310.6,275100.0
LUCK,2014-01-02,311.99,322.95,311.0,321.67,643800.0
LUCK,2014-01-03,323.5,325.99,316.35,317.6,218700.0
LUCK,2014-01-06,317.99,321.49,315.0,316.43,122100.0
LUCK,2014-01-07,316.5,317.45,309.53,314.79,249300.0
LUCK,2014-01-08,314.0,317.8,311.0,312.82,478800.0
LUCK,2014-01-09,314.73,318.75,314.02,317.0,281600.0
LUCK,2014-01-10,316.95,317.0,315.0,315.38,53000.0
LUCK,2014-01-13,316.97,317.5,315.0,315.44,190900.0
LUCK,2014-01-15,316.0,316.5,309.15,310.2,236400.0
LUCK,2014-01-16,311.5,312.0,308.0,308.59,154900.0
LUCK,2014-01-17,309.0,314.8,306.2,307.24,254500.0
LUCK,2014-01-20,309.49,312.85,306.0,309.53,220800.0
LUCK,2014-01-21,310.0,315.1,309.0,313.86,712500.0
LUCK,2014-01-22,315.0,317.8,313.86,316.52,199100.0
LUCK,2014-01-23,317.99,323.5,315.0,317.06,1184400.0
LUCK,2014-01-24,316.01,316.75,313.26,314.26,344600.0
LUCK,2014-01-27,315.0,315.0,300.05,301.01,1310600.0
LUCK,2014-01-28,298.0,304.0,295.27,296.63,410200.0
LUCK,2014-01-29,298.5,303.5,295.0,301.79,633800.0
LUCK,2014-01-30,301.01,302.6,299.01,301.12,171000.0
LUCK,2014-01-31,301.99,311.01,301.0,309.75,1042700.0
LUCK,2014-02-03,311.0,314.0,310.0,310.72,1844300.0
LUCK,2014-02-04,309.5,311.0,306.01,307.45,300700.0
LUCK,2014-02-06,309.49,312.5,309.02,310.47,239900.0
LUCK,2014-02-07,310.0,311.0,306.75,308.69,118500.0
LUCK,2014-02-10,308.5,308.99,297.0,306.47,448800.0
LUCK,2014-02-11,306.5,308.95,304.9,305.78,40300.0
LUCK,2014-02-12,307.5,311.5,307.0,309.48,293600.0
LUCK,2014-02-13,308.66,311.94,300.0,305.12,241500.0
LUCK,2014-02-14,306.5,306.88,302.01,303.19,179100.0
LUCK,2014-02-17,305.75,306.75,302.0,302.57,195100.0
LUCK,2014-02-18,301.0,305.95,301.0,303.71,309100.0
LUCK,2014-02-19,306.0,306.0,302.99,303.61,95900.0
LUCK,2014-02-20,303.0,303.51,300.01,300.73,174300.0
LUCK,2014-02-21,302.0,311.85,296.0,300.94,301800.0
LUCK,2014-02-24,302.11,305.2,302.0,302.23,48900.0
LUCK,2014-02-25,302.25,308.9,297.01,307.24,267100.0
LUCK,2014-02-26,308.25,313.0,303.01,308.56,385900.0
LUCK,2014-02-27,308.3,313.5,306.61,313.1,254500.0
LUCK,2014-02-28,314.5,328.25,311.85,325.77,1048400.0
LUCK,2014-03-03,326.0,331.0,324.0,329.27,646400.0
LUCK,2014-03-04,325.4,338.0,325.0,330.49,1399900.0
LUCK,2014-03-05,331.1,333.0,328.15,331.49,676500.0
LUCK,2014-03-06,332.0,338.9,331.5,334.7,678300.0
LUCK,2014-03-07,334.0,336.9,329.0,330.55,224500.0
LUCK,2014-03-10,332.5,338.99,331.0,337.9,240700.0
LUCK,2014-03-11,338.0,343.0,338.0,338.85,648700.0
LUCK,2014-03-12,340.0,344.99,339.0,340.3,608600.0
LUCK,2014-03-13,342.5,344.99,338.06,340.13,598100.0
LUCK,2014-03-14,341.0,342.5,339.6,340.22,298600.0
LUCK,2014-03-17,340.4,344.0,338.06,338.89,311700.0
LUCK,2014-03-18,339.95,340.88,336.5,337.85,714600.0
LUCK,2014-03-19,337.03,338.0,329.21,330.06,721600.0
LUCK,2014-03-20,330.0,335.5,322.0,324.04,1657300.0
LUCK,2014-03-21,324.0,326.0,318.0,318.64,822200.0
LUCK,2014-03-24,318.5,319.0,312.0,313.07,469800.0
LUCK,2014-03-25,314.99,315.1,309.25,311.48,1794400.0
LUCK,2014-03-26,312.0,316.25,311.0,312.74,714500.0
LUCK,2014-03-27,314.45,320.4,312.0,314.88,2486600.0
LUCK,2014-03-28,315.0,316.43,312.5,313.14,207100.0
LUCK,2014-03-31,314.95,320.6,311.5,316.95,608000.0
LUCK,2014-04-01,318.75,332.79,318.0,332.79,1987200.0
LUCK,2014-04-02,335.9,349.0,335.89,343.46,2338200.0
LUCK,2014-04-03,345.0,360.63,342.55,358.02,2231600.0
LUCK,2014-04-04,363.01,367.0,350.8,352.42,1395200.0
LUCK,2014-04-07,353.0,355.95,350.0,352.93,492200.0
LUCK,2014-04-08,355.0,355.5,349.0,350.89,517100.0
LUCK,2014-04-09,348.03,366.5,345.0,364.23,853700.0
LUCK,2014-04-10,365.4,369.99,363.51,364.54,768000.0
LUCK,2014-04-11,367.5,367.88,360.99,363.6,773100.0
LUCK,2014-04-14,362.89,364.9,358.19,359.47,129400.0
LUCK,2014-04-15,360.0,364.0,355.0,359.21,702200.0
LUCK,2014-04-16,361.11,373.0,360.1,369.08,1086300.0
LUCK,2014-04-17,369.88,372.42,356.0,359.52,992600.0
LUCK,2014-04-18,359.5,363.62,355.0,357.26,226900.0
LUCK,2014-04-21,357.26,358.5,354.01,354.75,52900.0
LUCK,2014-04-22,357.0,364.99,357.0,360.87,205700.0
LUCK,2014-04-23,361.2,365.0,352.5,354.77,785300.0
LUCK,2014-04-24,353.5,363.0,350.0,361.74,400700.0
LUCK,2014-04-25,360.99,363.39,357.0,359.94,549500.0
LUCK,2014-04-28,359.99,361.98,358.02,359.52,44300.0
LUCK,2014-04-29,359.0,359.0,347.1,350.46,330600.0
LUCK,2014-04-30,354.5,362.0,352.0,355.7,333700.0
LUCK,2014-05-02,356.99,359.05,354.0,356.13,102800.0
LUCK,2014-05-05,357.99,359.0,354.0,356.23,180200.0
LUCK,2014-05-06,356.0,356.0,350.0,350.64,136800.0
LUCK,2014-05-07,350.6,354.0,349.0,350.13,481000.0
LUCK,2014-05-08,351.5,352.0,348.5,349.97,621000.0
LUCK,2014-05-09,351.44,351.5,348.0,348.88,71000.0
LUCK,2014-05-12,350.0,350.5,345.52,346.02,57400.0
LUCK,2014-05-13,346.0,349.0,343.53,344.83,194200.0
LUCK,2014-05-14,343.5,346.95,342.5,343.04,179900.0
LUCK,2014-05-15,344.5,360.0,344.5,355.04,903700.0
LUCK,2014-05-16,357.88,358.0,350.01,352.26,173000.0
LUCK,2014-05-19,352.3,357.0,351.1,352.88,117000.0
LUCK,2014-05-20,352.55,353.8,350.0,350.05,49100.0
LUCK,2014-05-21,350.0,352.5,347.0,350.37,108200.0
LUCK,2014-05-22,350.0,355.0,348.0,349.76,112000.0
LUCK,2014-05-23,350.0,351.65,346.1,346.87,43300.0
LUCK,2014-05-26,347.2,352.0,347.2,350.14,961800.0
LUCK,2014-05-27,351.11,353.0,350.11,351.08,961200.0
LUCK,2014-05-28,351.9,352.0,348.5,349.43,904400.0
LUCK,2014-05-29,349.0,363.95,349.0,360.95,2057000.0
LUCK,2014-05-30,362.99,374.0,361.5,371.42,1604300.0
LUCK,2014-06-02,373.0,389.99,371.0,385.09,1167200.0
LUCK,2014-06-03,386.0,400.02,375.05,390.49,867100.0
LUCK,2014-06-04,393.0,394.6,385.1,391.3,1477300.0
LUCK,2014-06-05,395.0,396.5,385.0,387.53,623500.0
LUCK,2014-06-06,384.07,392.38,384.0,385.67,600400.0
LUCK,2014-06-09,388.99,389.0,379.0,381.01,701200.0
LUCK,2014-06-10,381.84,400.06,380.25,396.41,1587000.0
LUCK,2014-06-11,407.99,414.25,404.51,406.29,457800.0
LUCK,2014-06-12,407.45,410.74,404.0,405.79,245000.0
LUCK,2014-06-13,402.5,405.89,402.0,402.54,185300.0
LUCK,2014-06-16,401.0,409.5,401.0,402.71,354200.0
LUCK,2014-06-17,405.0,411.0,398.0,398.48,594100.0
LUCK,2014-06-18,404.0,405.0,394.0,399.59,593500.0
LUCK,2014-06-19,402.0,402.0,391.8,393.09,406900.0
LUCK,2014-06-20,393.5,401.0,393.0,397.05,315300.0
LUCK,2014-06-23,393.0,400.0,390.0,397.44,342400.0
LUCK,2014-06-24,399.5,399.5,395.01,397.36,426900.0
LUCK,2014-06-25,395.1,398.8,387.05,391.06,523800.0
LUCK,2014-06-26,391.05,395.0,380.12,383.66,1517600.0
LUCK,2014-06-27,384.05,393.0,381.0,390.95,867600.0
LUCK,2014-06-30,391.95,410.49,390.0,410.3,1754900.0
LUCK,2014-07-01,413.74,418.0,406.0,406.6,1174900.0
LUCK,2014-07-02,407.0,408.48,401.1,402.11,157600.0
LUCK,2014-07-03,402.25,406.35,400.1,401.79,59200.0
LUCK,2014-07-04,402.05,409.25,401.25,403.06,523400.0
LUCK,2014-07-07,401.15,404.01,401.1,402.41,103500.0
LUCK,2014-07-08,402.4,402.99,399.99,400.35,25900.0
LUCK,2014-07-09,401.5,401.5,399.0,399.98,42300.0
LUCK,2014-07-10,398.0,400.0,394.0,395.22,107400.0
LUCK,2014-07-11,403.0,403.0,395.15,396.23,38700.0
LUCK,2014-07-14,395.61,402.5,395.61,400.12,637200.0
LUCK,2014-07-15,401.0,405.75,400.1,401.72,355700.0
LUCK,2014-07-16,401.55,408.0,401.5,405.72,956400.0
LUCK,2014-07-17,407.0,424.9,407.0,421.65,1898000.0
LUCK,2014-07-18,420.8,425.3,418.5,422.56,730500.0
LUCK,2014-07-21,422.95,441.05,422.95,430.03,1376000.0
LUCK,2014-07-22,429.9,434.0,427.5,430.52,355500.0
LUCK,2014-07-23,430.05,434.48,418.99,422.16,843900.0
LUCK,2014-07-24,422.0,432.0,407.01,411.98,3628600.0
LUCK,2014-07-28,411.74,411.74,399.1,401.39,700000.0
LUCK,2014-08-04,401.0,401.25,387.11,392.68,877500.0
LUCK,2014-08-05,393.5,395.5,389.0,389.67,1186000.0
LUCK,2014-08-06,390.0,391.0,386.14,387.47,237200.0
LUCK,2014-08-07,388.5,394.4,386.45,392.34,398200.0
LUCK,2014-08-08,390.67,394.0,387.5,388.68,354400.0
LUCK,2014-08-11,372.51,373.0,369.25,369.25,596600.0
LUCK,2014-08-12,361.0,372.0,355.5,368.46,914400.0
LUCK,2014-08-13,368.0,381.0,364.0,371.76,1431700.0
LUCK,2014-08-15,371.76,381.0,371.76,379.59,640000.0
LUCK,2014-08-18,376.01,388.5,375.5,381.91,739000.0
LUCK,2014-08-19,375.01,381.0,369.95,377.09,604400.0
LUCK,2014-08-20,374.55,391.1,374.55,382.39,868000.0
LUCK,2014-08-21,389.0,399.99,388.1,392.1,1193300.0
LUCK,2014-08-22,395.0,396.0,388.01,389.07,294200.0
LUCK,2014-08-25,388.99,388.99,375.5,376.6,783200.0
LUCK,2014-08-26,374.4,377.44,358.01,358.46,1665300.0
LUCK,2014-08-27,358.99,358.99,340.54,340.54,1132800.0
LUCK,2014-08-28,332.1,335.4,323.52,330.09,2548300.0
LUCK,2014-08-29,343.0,346.59,338.0,346.59,1502900.0
LUCK,2014-09-01,337.0,354.6,337.0,350.11,1316500.0
LUCK,2014-09-02,355.0,367.61,354.0,365.91,1458300.0
LUCK,2014-09-03,374.0,384.2,373.2,383.77,1074500.0
LUCK,2014-09-04,385.51,395.5,381.0,389.31,1053100.0
LUCK,2014-09-05,386.61,391.9,385.0,385.89,478000.0
LUCK,2014-09-08,390.0,391.0,381.01,384.12,260500.0
LUCK,2014-09-09,386.36,387.5,382.2,383.3,405000.0
LUCK,2014-09-10,383.3,384.0,378.5,379.36,616200.0
LUCK,2014-09-11,380.0,384.9,377.8,382.53,274500.0
LUCK,2014-09-12,382.5,390.99,380.75,389.78,745300.0
LUCK,2014-09-15,387.52,388.5,385.5,388.13,77000.0
LUCK,2014-09-16,391.0,404.7,386.0,402.67,1419700.0
LUCK,2014-09-17,403.4,414.8,402.0,408.26,1027200.0
LUCK,2014-09-18,406.51,420.0,406.51,417.45,904800.0
LUCK,2014-09-19,418.0,425.0,411.09,412.6,483900.0
LUCK,2014-09-22,410.51,416.8,408.58,410.04,211600.0
LUCK,2014-09-23,409.0,418.5,407.51,414.08,698400.0
LUCK,2014-09-24,414.55,418.9,413.0,413.46,1715300.0
LUCK,2014-09-25,411.61,414.9,406.2,409.61,374000.0
LUCK,2014-09-26,411.01,412.45,401.2,403.58,407000.0
LUCK,2014-09-29,399.01,402.0,396.75,397.57,238800.0
LUCK,2014-09-30,398.0,402.5,395.5,401.59,492000.0
LUCK,2014-10-01,403.0,417.98,402.75,415.34,736500.0
LUCK,2014-10-02,407.25,411.99,400.1,400.65,702600.0
LUCK,2014-10-03,404.0,404.0,396.0,397.99,181800.0
LUCK,2014-10-09,399.99,404.0,397.0,399.06,362700.0
LUCK,2014-10-10,400.0,402.8,396.51,397.53,572500.0
LUCK,2014-10-13,398.0,404.98,397.0,401.38,401700.0
LUCK,2014-10-14,402.2,406.8,399.02,402.44,611500.0
LUCK,2014-10-15,402.99,403.0,397.5,398.37,408100.0
LUCK,2014-10-16,398.01,401.1,395.25,397.31,416400.0
LUCK,2014-10-17,399.0,403.8,394.2,395.75,491100.0
LUCK,2014-10-20,394.25,396.5,388.51,390.28,444300.0
LUCK,2014-10-21,389.1,396.49,386.15,394.17,411500.0
LUCK,2014-10-22,399.5,402.0,396.6,397.9,720200.0
LUCK,2014-10-23,398.99,403.75,391.0,402.03,1157000.0
LUCK,2014-10-24,403.8,406.49,397.6,399.23,636800.0
LUCK,2014-10-27,400.0,418.9,399.68,418.27,2615900.0
LUCK,2014-10-28,419.0,423.9,411.0,411.96,658600.0
LUCK,2014-10-29,411.1,416.4,407.5,408.26,339600.0
LUCK,2014-10-30,409.5,415.4,406.1,412.06,569100.0
LUCK,2014-10-31,411.5,420.0,411.5,417.36,776000.0
LUCK,2014-11-05,419.49,438.22,419.49,438.22,1530900.0
LUCK,2014-11-06,445.0,459.9,445.0,452.59,1031400.0
LUCK,2014-11-07,453.0,462.0,446.8,451.48,1282000.0
LUCK,2014-11-10,449.0,462.45,447.11,451.16,1564400.0
LUCK,2014-11-11,450.0,451.25,443.6,446.49,367000.0
LUCK,2014-11-12,449.8,453.99,447.11,448.88,287900.0
LUCK,2014-11-13,451.0,456.01,435.01,439.11,1260500.0
LUCK,2014-11-14,438.1,450.95,435.0,448.3,893300.0
LUCK,2014-11-17,458.5,463.48,453.01,459.96,1003900.0
LUCK,2014-11-18,461.0,482.95,454.0,482.95,1389600.0
LUCK,2014-11-19,490.0,502.5,481.5,485.95,1485500.0
LUCK,2014-11-20,485.0,487.0,462.2,469.02,1039000.0
LUCK,2014-11-21,467.0,474.95,465.51,467.38,591200.0
LUCK,2014-11-24,468.0,479.0,467.22,473.56,1104400.0
LUCK,2014-11-25,474.0,475.0,467.5,472.73,919200.0
LUCK,2014-11-26,475.0,479.9,471.5,473.85,613900.0
LUCK,2014-11-27,473.8,477.0,464.8,469.87,528300.0
LUCK,2014-11-28,473.0,486.89,470.11,476.59,1402600.0
LUCK,2014-12-01,480.0,484.0,472.01,474.51,2002400.0
LUCK,2014-12-02,476.9,480.99,474.0,477.98,591500.0
LUCK,2014-12-03,481.8,484.99,476.15,477.83,646500.0
LUCK,2014-12-04,480.01,484.5,472.0,473.32,1317900.0
LUCK,2014-12-05,474.0,485.0,474.0,479.75,797500.0
LUCK,2014-12-08,479.9,481.5,475.0,476.34,122600.0
LUCK,2014-12-09,476.05,488.52,475.01,486.19,1098500.0
LUCK,2014-12-10,487.0,510.49,487.0,500.02,2824100.0
LUCK,2014-12-11,504.6,518.74,503.04,513.86,1449100.0
LUCK,2014-12-12,510.5,520.5,501.5,504.74,1260500.0
LUCK,2014-12-15,504.1,507.8,495.0,497.78,630100.0
LUCK,2014-12-16,498.0,502.9,472.9,473.12,1444600.0
LUCK,2014-12-17,478.0,479.89,458.89,465.47,653700.0
LUCK,2014-12-18,474.8,481.0,472.3,476.49,563400.0
LUCK,2014-12-19,479.9,487.5,473.0,485.12,428600.0
LUCK,2014-12-22,486.0,499.5,484.9,488.43,775200.0
LUCK,2014-12-23,489.7,494.47,487.0,491.09,406900.0
LUCK,2014-12-24,493.0,498.0,492.7,493.96,290600.0
LUCK,2014-12-26,495.0,495.0,485.26,486.39,300800.0
LUCK,2014-12-29,486.9,489.0,483.03,484.35,189100.0
LUCK,2014-12-30,483.5,497.9,483.5,494.93,424900.0
LUCK,2014-12-31,494.0,503.0,494.0,500.28,619400.0
LUCK,2015-01-01,501.0,517.45,501.0,513.45,457800.0
LUCK,2015-01-02,515.0,519.75,508.0,513.71,368000.0
LUCK,2015-01-05,516.0,518.0,508.0,508.76,245100.0
LUCK,2015-01-06,505.0,512.0,496.7,499.84,501100.0
LUCK,2015-01-07,499.84,511.99,499.25,507.41,465700.0
LUCK,2015-01-08,508.25,513.7,508.2,511.93,208100.0
LUCK,2015-01-09,513.49,516.0,507.5,513.04,425100.0
LUCK,2015-01-12,511.0,515.0,505.35,506.92,363500.0
LUCK,2015-01-13,506.5,508.0,502.0,504.86,347600.0
LUCK,2015-01-14,507.45,514.0,505.5,507.97,805000.0
LUCK,2015-01-15,510.0,513.75,503.52,505.97,476800.0
LUCK,2015-01-16,507.1,509.0,501.5,505.8,330300.0
LUCK,2015-01-19,506.25,509.99,505.01,508.73,234400.0
LUCK,2015-01-20,510.0,511.89,506.01,507.23,611000.0
LUCK,2015-01-21,508.4,516.75,507.0,509.75,923600.0
LUCK,2015-01-22,508.0,509.97,500.2,501.99,401500.0
LUCK,2015-01-23,503.3,506.0,499.51,501.16,295900.0
LUCK,2015-01-26,509.99,514.1,507.51,511.07,890800.0
LUCK,2015-01-27,512.9,536.62,511.49,535.7,3183600.0
LUCK,2015-01-28,535.0,557.75,531.1,540.69,1750400.0
LUCK,2015-01-29,540.0,546.0,524.01,526.11,1335200.0
LUCK,2015-01-30,528.0,532.0,515.0,519.52,2426100.0
LUCK,2015-02-02,525.0,535.7,521.0,528.3,3318900.0
LUCK,2015-02-03,530.0,533.5,523.0,528.57,2012300.0
LUCK,2015-02-04,529.0,537.05,524.15,525.85,1390400.0
LUCK,2015-02-06,529.0,534.0,527.89,529.91,892900.0
LUCK,2015-02-09,531.4,544.99,530.0,537.5,3028200.0
LUCK,2015-02-10,541.0,546.99,532.0,539.44,1302600.0
LUCK,2015-02-11,540.0,544.85,535.01,537.11,497200.0
LUCK,2015-02-12,541.0,544.0,515.15,533.41,685200.0
LUCK,2015-02-13,537.99,540.5,530.01,538.86,337800.0
LUCK,2015-02-16,539.0,539.0,522.05,528.91,711000.0
LUCK,2015-02-17,529.0,538.0,525.16,527.54,746600.0
LUCK,2015-02-18,528.02,531.5,520.0,520.76,343900.0
LUCK,2015-02-19,523.5,530.04,516.99,526.19,892300.0
LUCK,2015-02-20,528.0,529.25,513.0,522.01,994200.0
LUCK,2015-02-23,523.5,525.0,519.7,520.49,358900.0
LUCK,2015-02-24,521.0,521.5,516.75,519.08,137200.0
LUCK,2015-02-25,519.99,521.49,514.51,516.02,184700.0
LUCK,2015-02-26,517.0,518.99,503.5,508.89,537300.0
LUCK,2015-02-27,512.23,513.01,501.0,501.77,496100.0
LUCK,2015-03-02,502.0,504.5,495.51,498.98,472700.0
LUCK,2015-03-03,499.0,523.5,497.61,517.6,1031600.0
LUCK,2015-03-04,523.5,524.0,503.1,504.5,779400.0
LUCK,2015-03-05,503.5,509.5,501.11,503.47,858700.0
LUCK,2015-03-06,504.75,507.0,501.06,502.62,430400.0
LUCK,2015-03-09,503.99,505.0,487.4,488.21,1486900.0
LUCK,2015-03-10,491.5,491.5,476.0,480.62,664200.0
LUCK,2015-03-11,474.96,489.0,474.11,486.18,782300.0
LUCK,2015-03-12,486.0,491.5,485.0,486.89,455800.0
LUCK,2015-03-13,488.0,492.5,487.99,490.43,1221400.0
LUCK,2015-03-16,489.99,489.99,480.0,480.14,647000.0
LUCK,2015-03-17,476.16,482.9,470.0,471.27,1186300.0
LUCK,2015-03-18,471.79,472.11,451.0,463.76,796300.0
LUCK,2015-03-19,460.01,474.0,460.01,471.92,560700.0
LUCK,2015-03-20,474.0,484.9,473.99,480.59,751600.0
LUCK,2015-03-24,484.99,486.0,466.0,469.23,568900.0
LUCK,2015-03-25,468.0,473.0,463.0,467.36,487000.0
LUCK,2015-03-26,469.9,470.1,444.02,457.97,701800.0
LUCK,2015-03-27,460.0,466.99,440.01,447.14,1229500.0
LUCK,2015-03-30,444.0,451.99,424.79,424.8,766100.0
LUCK,2015-03-31,425.01,446.04,425.01,445.94,1509300.0
LUCK,2015-04-01,446.5,468.23,439.25,463.32,1944400.0
LUCK,2015-04-02,464.43,473.0,463.0,471.3,1295200.0
LUCK,2015-04-03,473.0,480.0,462.0,477.78,1178000.0
LUCK,2015-04-06,477.76,485.0,476.51,479.28,758100.0
LUCK,2015-04-07,478.5,479.99,466.01,468.87,721500.0
LUCK,2015-04-08,471.4,475.0,465.25,466.67,758900.0
LUCK,2015-04-09,468.99,474.5,465.0,471.79,685500.0
LUCK,2015-04-10,473.9,484.4,473.1,477.71,1187800.0
LUCK,2015-04-13,476.6,477.0,468.58,470.51,845600.0
LUCK,2015-04-14,471.51,472.0,456.6,464.35,663000.0
LUCK,2015-04-15,465.58,468.95,455.05,458.52,758900.0
LUCK,2015-04-16,461.5,461.7,452.01,457.03,2101400.0
LUCK,2015-04-17,459.89,479.8,457.51,476.61,1898800.0
LUCK,2015-04-20,483.5,492.0,477.0,479.75,1399100.0
LUCK,2015-04-21,478.01,483.0,466.0,474.52,587400.0
LUCK,2015-04-22,476.0,488.8,471.0,486.39,702900.0
LUCK,2015-04-23,493.98,503.9,489.0,492.75,1279600.0
LUCK,2015-04-24,493.0,498.0,487.11,488.49,506900.0
LUCK,2015-04-27,491.05,492.0,486.0,487.11,231100.0
LUCK,2015-04-28,487.0,490.0,482.0,483.58,143900.0
LUCK,2015-04-29,485.0,486.5,479.13,480.95,248700.0
LUCK,2015-04-30,477.61,489.9,476.5,487.22,375000.0
LUCK,2015-05-04,488.0,495.1,482.0,488.34,513400.0
LUCK,2015-05-05,485.1,485.5,480.21,483.05,138300.0
LUCK,2015-05-06,484.94,490.1,483.05,486.3,294000.0
LUCK,2015-05-07,487.0,487.0,479.0,479.91,257300.0
LUCK,2015-05-08,480.01,484.48,474.71,476.08,228700.0
LUCK,2015-05-11,475.0,475.0,452.28,452.28,870500.0
LUCK,2015-05-12,446.0,464.89,446.0,459.69,891500.0
LUCK,2015-05-13,457.9,465.96,454.25,455.94,379800.0
LUCK,2015-05-14,458.99,461.45,454.11,456.05,253200.0
LUCK,2015-05-15,457.93,460.99,446.95,455.33,898500.0
LUCK,2015-05-18,456.0,456.9,447.52,450.47,330800.0
LUCK,2015-05-19,450.47,452.0,445.0,445.93,362100.0
LUCK,2015-05-20,447.0,448.0,440.4,443.81,480300.0
LUCK,2015-05-21,444.99,445.02,442.01,443.7,179500.0
LUCK,2015-05-22,444.5,445.5,441.05,443.38,108800.0
LUCK,2015-05-25,455.99,456.98,447.01,448.89,498500.0
LUCK,2015-05-26,448.89,450.9,443.5,445.35,350700.0
LUCK,2015-05-27,446.9,453.5,446.0,448.99,1067500.0
LUCK,2015-05-28,447.0,450.0,444.52,446.84,253300.0
LUCK,2015-05-29,448.0,456.5,447.0,449.95,1756100.0
LUCK,2015-06-01,451.0,468.0,450.9,465.55,2248600.0
LUCK,2015-06-02,469.0,480.0,469.0,478.46,2987500.0
LUCK,2015-06-03,479.0,485.99,476.71,481.72,1534700.0
LUCK,2015-06-04,483.85,485.95,480.5,482.53,818800.0
LUCK,2015-06-05,483.5,486.0,481.56,483.52,389900.0
LUCK,2015-06-08,478.0,507.69,462.0,507.69,1168000.0
LUCK,2015-06-09,513.4,523.99,511.0,512.92,1269100.0
LUCK,2015-06-10,510.5,525.99,505.01,519.28,1125000.0
LUCK,2015-06-11,519.28,525.0,517.79,522.34,604900.0
LUCK,2015-06-12,523.0,524.9,518.0,519.64,543100.0
LUCK,2015-06-15,519.0,528.0,518.0,518.88,574800.0
LUCK,2015-06-16,519.2,521.5,515.0,519.42,287000.0
LUCK,2015-06-17,519.99,520.0,509.26,510.82,564300.0
LUCK,2015-06-18,513.0,516.99,500.3,502.66,819000.0
LUCK,2015-06-19,502.6,505.0,499.06,500.01,188800.0
LUCK,2015-06-22,497.0,498.0,487.0,493.99,543600.0
LUCK,2015-06-23,493.0,500.02,491.0,492.08,649000.0
LUCK,2015-06-24,492.0,503.0,491.99,498.54,374400.0
LUCK,2015-06-25,496.01,507.45,495.5,500.61,852600.0
LUCK,2015-06-26,500.99,514.39,500.99,507.67,843500.0
LUCK,2015-06-29,507.02,516.99,505.99,515.75,454500.0
LUCK,2015-06-30,515.01,524.39,515.01,519.62,955500.0
LUCK,2015-07-01,520.99,523.5,517.0,521.91,398300.0
LUCK,2015-07-02,523.99,548.0,521.0,539.83,2068800.0
LUCK,2015-07-03,547.9,564.9,545.21,557.68,678900.0
LUCK,2015-07-06,557.68,585.55,557.68,577.02,1492000.0
LUCK,2015-07-07,580.0,594.0,577.0,580.1,782500.0
LUCK,2015-07-08,580.01,584.0,568.0,574.94,643700.0
LUCK,2015-07-09,573.01,573.49,556.25,559.64,1230000.0
LUCK,2015-07-10,561.99,571.5,561.1,564.24,478200.0
LUCK,2015-07-13,564.79,592.4,562.0,590.01,594500.0
LUCK,2015-07-14,588.0,592.0,577.12,582.38,546100.0
LUCK,2015-07-15,577.0,583.9,561.0,569.34,1057200.0
LUCK,2015-07-16,570.0,581.0,570.0,576.82,647800.0
LUCK,2015-07-22,580.5,581.0,568.1,571.08,375600.0
LUCK,2015-07-23,575.0,575.0,562.5,564.68,288300.0
LUCK,2015-07-24,565.5,569.0,559.01,560.42,478800.0
LUCK,2015-07-27,560.0,563.35,543.0,546.28,439100.0
LUCK,2015-07-28,545.0,553.5,545.0,547.8,512100.0
LUCK,2015-07-29,550.0,555.0,548.12,552.66,385700.0
LUCK,2015-07-30,553.0,562.49,552.25,555.81,466800.0
LUCK,2015-07-31,556.0,561.0,551.6,555.64,406200.0
LUCK,2015-08-03,555.0,563.05,553.06,556.22,323500.0
LUCK,2015-08-04,555.0,565.5,554.1,563.88,538100.0
LUCK,2015-08-05,566.85,581.0,564.2,571.9,853900.0
LUCK,2015-08-06,572.5,577.5,566.0,569.21,380700.0
LUCK,2015-08-07,570.0,572.0,564.11,564.92,137200.0
LUCK,2015-08-10,564.0,567.0,557.0,559.7,393500.0
LUCK,2015-08-11,562.5,568.45,558.01,561.84,650800.0
LUCK,2015-08-12,563.97,565.0,553.25,556.89,378100.0
LUCK,2015-08-13,556.0,562.9,556.0,558.48,572400.0
LUCK,2020-08-17,611.5,612.9,596.0,600.5,2129045.0
LUCK,2020-08-18,603.94,615.8,601.5,611.78,2171697.0
LUCK,2020-08-19,609.97,615.92,606.1,612.18,963257.0
LUCK,2020-08-20,609.0,611.5,600.0,602.08,997489.0
LUCK,2020-08-21,604.0,606.5,593.0,597.86,1170621.0
LUCK,2020-08-24,597.0,619.0,590.49,611.1,1816754.0
LUCK,2020-08-25,619.0,619.5,603.11,607.5,1592437.0
LUCK,2020-08-26,610.0,610.0,603.05,607.57,578509.0
LUCK,2020-08-27,605.2,618.5,605.2,609.35,1506793.0
LUCK,2020-08-28,610.0,611.0,604.0,604.95,419742.0
LUCK,2020-08-31,608.0,616.2,607.0,614.22,1046493.0
LUCK,2020-09-01,614.0,616.95,609.0,615.53,1097990.0
LUCK,2020-09-02,617.8,623.0,613.6,615.37,1523737.0
LUCK,2020-09-03,615.0,624.92,613.0,621.83,1238129.0
LUCK,2020-09-04,619.94,622.0,612.1,614.44,931236.0
LUCK,2020-09-07,616.0,632.0,616.0,628.46,1963396.0
LUCK,2020-09-08,630.12,651.0,628.5,639.34,2608425.0
LUCK,2020-09-09,639.49,653.89,633.5,644.77,1561632.0
LUCK,2020-09-10,651.0,674.99,647.0,666.3,1989820.0
LUCK,2020-09-11,666.0,671.97,655.1,657.37,579702.0
LUCK,2020-09-14,659.0,662.0,653.0,657.22,336534.0
LUCK,2020-09-15,657.0,665.5,654.0,655.21,748773.0
LUCK,2020-09-16,656.61,664.0,650.0,662.04,740416.0
LUCK,2020-09-17,668.01,674.9,661.52,663.75,962428.0
LUCK,2020-09-18,663.0,663.95,659.25,661.38,428269.0
LUCK,2020-09-21,660.0,666.0,655.0,663.01,382915.0
LUCK,2020-09-22,663.55,666.0,659.2,662.51,532098.0
LUCK,2020-09-23,666.0,666.4,657.0,658.68,316777.0
LUCK,2020-09-24,659.4,666.99,658.0,663.68,1068308.0
LUCK,2020-09-25,661.5,661.5,649.0,650.45,1413424.0
LUCK,2020-09-28,650.5,653.84,640.55,643.52,1122045.0
LUCK,2020-09-29,643.0,665.0,635.01,656.41,981022.0
LUCK,2020-09-30,662.0,663.25,645.01,647.07,584111.0
LUCK,2020-10-01,646.0,655.0,636.11,648.13,764747.0
LUCK,2020-10-02,649.0,652.0,636.01,639.62,720755.0
LUCK,2020-10-05,640.0,640.0,627.1,629.8,1020132.0
LUCK,2020-10-06,634.0,635.0,620.0,629.31,986077.0
LUCK,2020-10-07,634.0,648.0,626.1,645.12,908292.0
LUCK,2020-10-08,645.0,656.0,645.0,653.75,747758.0
LUCK,2020-10-09,653.71,659.98,648.1,654.95,451269.0
LUCK,2020-10-12,656.0,657.95,644.5,646.81,509093.0
LUCK,2020-10-13,647.0,655.0,636.7,649.54,599539.0
LUCK,2020-10-14,649.97,654.0,645.0,648.02,363073.0
LUCK,2020-10-15,654.0,654.99,642.22,643.91,144878.0
LUCK,2020-10-16,641.0,645.0,635.5,638.46,437043.0
LUCK,2020-10-19,639.99,642.99,634.0,637.35,335978.0
LUCK,2020-10-20,639.5,655.9,639.5,653.76,689210.0
LUCK,2020-10-21,657.0,660.0,650.01,654.91,560922.0
LUCK,2020-10-22,657.97,661.0,648.02,650.42,455552.0
LUCK,2020-10-23,653.0,664.99,652.0,660.94,1407496.0
LUCK,2020-10-26,666.0,707.87,664.0,702.14,2531120.0
LUCK,2020-10-27,703.0,711.0,692.0,694.98,1329996.0
LUCK,2020-10-28,696.99,696.99,674.99,678.43,1148473.0
LUCK,2020-10-29,680.0,680.0,656.0,672.98,2066962.0
LUCK,2020-11-02,666.0,666.0,652.5,657.75,2225690.0
LUCK,2020-11-03,668.0,680.0,667.0,679.48,812348.0
LUCK,2020-11-04,685.01,689.0,674.99,675.99,736943.0
LUCK,2020-11-05,679.99,689.25,679.5,687.33,578077.0
LUCK,2020-11-06,686.98,693.0,681.0,682.86,462644.0
LUCK,2020-11-09,682.0,684.9,675.0,675.64,369688.0
LUCK,2020-11-10,680.15,688.0,673.01,674.51,729467.0
LUCK,2020-11-11,675.88,676.0,664.0,665.84,415107.0
LUCK,2020-11-12,665.84,668.9,654.15,656.35,942501.0
LUCK,2020-11-13,653.01,667.98,651.52,659.76,512156.0
LUCK,2020-11-16,659.76,661.9,652.75,653.36,267228.0
LUCK,2020-11-17,659.0,664.79,655.06,657.67,288255.0
LUCK,2020-11-18,657.5,657.5,651.25,653.3,259089.0
LUCK,2020-11-19,655.01,663.65,651.25,659.21,612059.0
LUCK,2020-11-20,659.99,660.99,648.55,650.47,680031.0
LUCK,2020-11-23,644.02,648.0,638.1,645.6,539629.0
LUCK,2020-11-24,649.0,654.0,643.0,650.94,259511.0
LUCK,2020-11-25,652.0,654.9,642.0,645.13,372032.0
LUCK,2020-11-26,650.0,663.0,648.0,658.14,1106591.0
LUCK,2020-11-27,654.4,658.0,646.15,648.63,533676.0
LUCK,2020-11-30,647.0,657.4,645.0,655.5,365934.0
LUCK,2020-12-01,655.1,667.79,655.1,661.6,612730.0
LUCK,2020-12-02,662.0,674.25,662.0,669.53,827309.0
LUCK,2020-12-03,672.0,679.25,672.0,675.44,645522.0
LUCK,2020-12-04,675.5,678.0,671.16,673.54,197318.0
LUCK,2020-12-07,674.51,677.5,668.31,670.26,222711.0
LUCK,2020-12-08,671.36,675.9,666.1,672.84,271135.0
LUCK,2020-12-09,673.0,679.0,671.0,673.01,476800.0
LUCK,2020-12-10,674.5,675.5,669.0,673.98,352073.0
LUCK,2020-12-11,674.5,686.65,671.0,679.33,854360.0
LUCK,2020-12-14,682.1,702.9,682.0,697.8,1084914.0
LUCK,2020-12-15,702.98,705.4,681.01,685.68,799186.0
LUCK,2020-12-16,688.0,688.0,678.01,681.2,199773.0
LUCK,2020-12-17,682.0,685.0,680.0,683.71,235239.0
LUCK,2020-12-18,685.0,692.63,681.61,683.98,350153.0
LUCK,2020-12-21,682.0,683.0,672.0,674.79,405146.0
LUCK,2020-12-22,677.0,677.0,667.51,669.25,384381.0
LUCK,2020-12-23,666.63,680.34,665.0,675.43,412095.0
LUCK,2020-12-24,679.5,705.0,679.5,699.71,1267715.0
LUCK,2020-12-28,701.5,705.0,694.0,696.2,361789.0
LUCK,2020-12-29,695.0,697.5,681.15,687.24,384165.0
LUCK,2020-12-30,687.49,699.5,686.0,690.53,541803.0
LUCK,2020-12-31,691.9,702.48,686.0,696.09,378754.0
LUCK,2021-01-01,705.0,714.45,700.0,702.6,829354.0
LUCK,2021-01-04,708.0,709.0,689.01,692.12,636632.0
LUCK,2021-01-05,692.21,698.0,689.1,690.53,213237.0
LUCK,2021-01-06,691.05,709.99,691.0,703.15,691968.0
LUCK,2021-01-07,706.0,707.9,695.07,696.95,490574.0
LUCK,2021-01-08,700.0,703.9,695.01,697.64,220273.0
LUCK,2021-01-11,698.0,708.0,696.16,697.85,512156.0
LUCK,2021-01-12,697.5,703.5,696.1,700.63,587390.0
LUCK,2021-01-13,704.99,710.9,703.0,704.0,589535.0
LUCK,2021-01-14,705.75,708.0,701.0,701.95,285816.0
LUCK,2021-01-15,703.75,703.75,697.82,698.1,463807.0
LUCK,2021-01-18,697.0,698.18,690.0,690.75,315784.0
LUCK,2021-01-19,693.4,694.9,688.05,690.83,227616.0
LUCK,2021-01-20,688.0,692.69,682.0,685.08,587984.0
LUCK,2021-01-21,686.5,707.0,686.5,699.47,683092.0
LUCK,2021-01-22,700.01,704.0,692.25,698.82,268685.0
LUCK,2021-01-25,699.99,705.6,698.0,703.43,558027.0
LUCK,2021-01-26,701.01,715.5,701.0,710.44,1074142.0
LUCK,2021-01-27,712.98,723.0,711.0,717.86,732244.0
LUCK,2021-01-28,715.0,734.85,714.99,727.93,1383618.0
LUCK,2021-01-29,729.0,744.9,721.1,727.29,1758452.0
LUCK,2021-02-01,732.0,742.99,710.03,711.66,1901245.0
LUCK,2021-02-02,713.97,719.9,710.51,714.74,398648.0
LUCK,2021-02-03,718.0,735.25,718.0,731.41,1459068.0
LUCK,2021-02-04,731.99,754.88,730.01,741.17,1869060.0
LUCK,2021-02-08,746.0,748.0,737.5,739.39,468784.0
LUCK,2021-02-09,740.0,748.7,737.25,742.13,601594.0
LUCK,2021-02-10,742.17,777.0,742.0,767.24,2044488.0
LUCK,2021-02-11,769.98,791.0,764.01,770.36,2313025.0
LUCK,2021-02-12,773.0,800.0,770.55,789.82,1054215.0
LUCK,2021-02-15,805.0,807.9,790.11,792.21,800181.0
LUCK,2021-02-16,798.0,834.9,798.0,831.06,1516616.0
LUCK,2021-02-17,842.0,859.9,834.0,849.68,1175311.0
LUCK,2021-02-18,851.0,860.0,833.25,835.07,612541.0
LUCK,2021-02-19,838.75,845.5,825.03,831.16,482290.0
LUCK,2021-02-22,837.5,838.0,826.02,829.75,273128.0
LUCK,2021-02-23,831.0,838.0,828.0,828.54,196221.0
LUCK,2021-02-24,829.0,845.0,823.2,836.66,546902.0
LUCK,2021-02-25,850.5,873.8,844.0,865.63,708009.0
LUCK,2021-02-26,868.0,897.0,868.0,884.73,1142025.0
LUCK,2021-03-01,884.99,904.0,876.7,887.47,793258.0
LUCK,2021-03-02,892.01,895.0,875.15,878.13,665484.0
LUCK,2021-03-03,881.89,885.8,874.0,880.17,575797.0
LUCK,2021-03-04,857.25,871.97,845.51,857.96,1162982.0
LUCK,2021-03-05,860.0,879.5,852.01,869.72,540954.0
LUCK,2021-03-08,887.0,887.0,830.21,841.39,1124583.0
LUCK,2021-03-09,838.75,838.75,810.01,827.04,1051418.0
LUCK,2021-03-10,827.25,835.0,811.5,812.85,579512.0
LUCK,2021-03-11,817.0,819.0,792.01,799.42,1105682.0
LUCK,2021-03-12,804.99,836.0,799.42,824.64,1221430.0
LUCK,2021-03-15,840.0,849.0,823.0,843.84,1114962.0
LUCK,2021-03-16,845.0,849.0,837.13,841.86,413832.0
LUCK,2021-03-17,850.0,855.5,847.11,849.21,494442.0
LUCK,2021-03-18,849.9,854.74,837.01,840.74,463917.0
LUCK,2021-03-19,840.0,849.78,820.0,839.52,370079.0
LUCK,2021-03-22,837.55,844.0,827.02,839.0,181013.0
LUCK,2021-03-24,842.0,851.49,836.5,838.44,351561.0
LUCK,2021-03-25,839.95,855.15,839.95,844.07,459233.0
LUCK,2021-03-26,845.0,849.9,832.01,836.75,273669.0
LUCK,2021-03-29,837.5,837.5,808.88,817.49,396905.0
LUCK,2021-03-30,820.0,830.0,814.0,817.82,496538.0
LUCK,2021-03-31,825.0,828.99,811.03,817.59,407884.0
LUCK,2021-04-01,821.0,821.0,810.0,810.91,322565.0
LUCK,2021-04-02,814.98,819.0,805.01,816.65,105787.0
LUCK,2021-04-05,818.0,824.0,801.02,803.1,228066.0
LUCK,2021-04-06,806.0,833.01,805.8,825.06,328877.0
LUCK,2021-04-07,829.7,855.0,822.0,838.05,1041871.0
LUCK,2021-04-08,850.0,856.0,843.0,854.63,304831.0
LUCK,2021-04-09,856.98,863.0,854.5,858.14,448335.0
LUCK,2021-04-12,854.99,872.0,854.98,860.05,571915.0
LUCK,2021-04-13,855.81,863.9,854.0,859.75,284451.0
LUCK,2021-04-14,857.0,874.0,857.0,865.64,281632.0
LUCK,2021-04-15,870.0,870.0,858.95,860.03,87892.0
LUCK,2021-04-16,868.0,868.0,858.5,860.95,43149.0
LUCK,2021-04-19,850.01,862.8,840.1,855.32,246943.0
LUCK,2021-04-20,860.0,873.55,853.01,863.4,243515.0
LUCK,2021-04-21,869.99,869.99,850.6,852.9,125228.0
LUCK,2021-04-22,852.0,854.0,844.0,845.38,210183.0
LUCK,2021-04-23,842.41,849.0,835.5,845.86,163155.0
LUCK,2021-04-26,845.8,878.15,841.0,867.77,934830.0
LUCK,2021-04-27,866.0,872.9,857.0,860.17,396890.0
LUCK,2021-04-28,862.0,871.0,851.5,854.12,374218.0
LUCK,2021-04-29,855.0,859.9,845.0,845.76,197774.0
LUCK,2021-04-30,855.0,855.0,835.0,838.12,140836.0
LUCK,2021-05-03,838.15,842.0,824.01,832.59,271327.0
LUCK,2021-05-04,835.01,851.0,835.0,847.12,155996.0
LUCK,2021-05-05,848.0,857.0,848.0,855.2,157005.0
LUCK,2021-05-06,859.0,884.4,859.0,878.41,897774.0
LUCK,2021-05-17,920.0,920.0,906.0,913.89,2327403.0
LUCK,2021-05-18,913.0,915.0,905.05,908.35,577355.0
LUCK,2021-05-19,900.0,909.0,891.0,899.38,396210.0
LUCK,2021-05-20,900.0,901.99,891.1,895.42,280283.0
LUCK,2021-05-21,900.0,905.9,893.02,901.8,464808.0
LUCK,2021-05-24,905.03,914.25,902.0,908.34,1080522.0
LUCK,2021-05-25,914.0,920.0,905.55,907.05,901211.0
LUCK,2021-05-26,908.0,914.0,903.0,905.81,589475.0
LUCK,2021-05-27,907.05,925.0,906.0,917.27,6897768.0
LUCK,2021-05-28,915.5,921.0,910.0,915.32,689178.0
LUCK,2021-05-31,915.32,939.0,915.0,932.52,1026625.0
LUCK,2021-06-01,933.9,945.0,931.05,940.74,385663.0
LUCK,2021-06-02,941.0,941.0,915.3,934.82,528201.0
LUCK,2021-06-03,933.0,936.99,910.36,916.51,710856.0
LUCK,2021-06-04,921.99,921.99,912.0,915.97,332788.0
LUCK,2021-06-07,919.99,921.01,911.15,914.99,291240.0
LUCK,2021-06-08,914.02,919.0,912.52,916.13,236766.0
LUCK,2021-06-09,919.98,919.99,910.0,914.28,385439.0
LUCK,2021-06-10,913.0,918.5,912.21,914.89,345141.0
LUCK,2021-06-11,918.99,918.99,907.1,911.6,373422.0
LUCK,2021-06-14,919.99,923.0,913.5,918.78,221515.0
LUCK,2021-06-15,920.01,929.8,910.05,911.03,362990.0
LUCK,2021-06-16,914.0,916.99,909.0,910.85,373462.0
LUCK,2021-06-17,914.99,924.9,912.0,913.23,521048.0
LUCK,2021-06-18,918.5,933.0,915.85,925.05,523260.0
LUCK,2021-06-21,923.0,923.9,912.0,912.75,266463.0
LUCK,2021-06-22,917.9,918.89,908.0,909.97,202712.0
LUCK,2021-06-23,909.0,917.0,901.0,902.12,236751.0
LUCK,2021-06-24,902.0,908.0,900.01,905.35,296881.0
LUCK,2021-06-25,912.0,913.99,875.0,880.64,820508.0
LUCK,2021-06-28,880.0,880.0,858.01,861.44,779280.0
LUCK,2021-06-29,866.0,873.0,863.0,865.26,290286.0
LUCK,2021-06-30,868.9,875.5,860.0,863.44,252524.0
LUCK,2021-07-01,866.0,894.99,865.5,888.0,468976.0
LUCK,2021-07-02,891.99,912.7,890.14,895.93,638686.0
LUCK,2021-07-05,894.95,899.9,878.6,881.29,123584.0
LUCK,2021-07-06,888.88,898.0,875.31,880.51,545211.0
LUCK,2021-07-07,884.99,884.99,871.0,878.84,301338.0
LUCK,2021-07-08,884.8,910.4,884.8,908.62,861871.0
LUCK,2021-07-09,910.0,919.0,886.0,888.19,339184.0
LUCK,2021-07-12,890.0,892.0,880.0,881.98,250163.0
LUCK,2021-07-13,888.27,889.0,870.0,881.42,154716.0
LUCK,2021-07-14,885.0,891.89,880.01,886.01,162112.0
LUCK,2021-07-15,889.99,893.99,884.0,889.49,127840.0
LUCK,2021-07-16,892.99,924.0,889.1,911.53,1052004.0
LUCK,2021-07-19,917.0,918.0,900.0,903.18,244888.0
LUCK,2021-07-23,913.99,917.99,897.0,906.85,327271.0
LUCK,2021-07-26,905.0,907.0,897.51,900.88,196456.0
LUCK,2021-07-27,904.95,904.95,895.0,898.6,143699.0
LUCK,2021-07-28,905.0,907.45,891.0,892.61,194319.0
LUCK,2021-07-29,899.75,908.87,880.0,896.72,456785.0
LUCK,2021-07-30,896.5,896.97,882.0,887.95,549352.0
LUCK,2021-08-02,889.7,889.7,882.0,885.18,144702.0
LUCK,2021-08-03,885.1,892.97,882.0,886.48,286933.0
LUCK,2021-08-04,886.9,888.5,882.01,883.4,186017.0
LUCK,2021-08-05,886.99,886.99,879.0,879.99,48113.0
LUCK,2021-08-06,884.0,885.5,850.01,872.62,197387.0
LUCK,2021-08-09,869.98,869.98,845.0,856.96,338920.0
LUCK,2021-08-10,850.0,869.0,850.0,865.31,160459.0
LUCK,2021-08-11,860.5,874.85,860.5,867.91,108991.0
LUCK,2021-08-12,880.0,880.0,862.0,863.42,76923.0
LUCK,2021-08-13,873.0,873.0,854.11,856.55,71845.0
LUCK,2021-08-16,866.69,866.69,841.5,846.17,297132.0
LUCK,2021-08-17,847.45,855.0,842.0,848.34,171199.0
LUCK,2021-08-20,857.99,861.99,851.0,859.9,924995.0
LUCK,2021-08-23,860.0,863.99,859.25,861.99,333353.0
LUCK,2021-08-24,864.3,869.4,846.0,851.66,295563.0
LUCK,2021-08-25,855.0,855.0,842.0,843.56,244204.0
LUCK,2021-08-26,839.1,842.7,810.15,815.37,984054.0
LUCK,2021-08-27,818.0,824.0,808.0,819.87,413540.0
LUCK,2021-08-30,823.1,829.95,819.87,824.14,174687.0
LUCK,2021-08-31,827.0,833.0,824.01,830.5,443204.0
LUCK,2021-09-01,832.0,839.0,831.0,834.92,263417.0
LUCK,2021-09-02,834.0,834.0,818.5,821.24,557154.0
LUCK,2021-09-03,820.0,828.99,810.01,824.1,289671.0
LUCK,2021-09-06,828.4,828.4,811.4,819.95,74155.0
LUCK,2021-09-07,819.9,819.9,804.0,805.36,334345.0
LUCK,2021-09-08,800.11,819.0,771.21,773.93,848450.0
LUCK,2021-09-09,770.0,789.99,756.15,758.27,577341.0
LUCK,2021-09-10,762.0,796.0,758.27,785.42,451077.0
LUCK,2021-09-13,789.97,789.97,780.0,783.13,82513.0
LUCK,2021-09-14,787.01,787.5,758.0,766.89,155513.0
LUCK,2021-09-15,766.89,766.89,756.0,761.18,61202.0
LUCK,2021-09-16,760.98,760.98,748.0,758.5,287094.0
LUCK,2021-09-17,760.0,768.95,730.0,736.73,433997.0
LUCK,2021-09-20,738.0,748.0,725.26,741.7,368027.0
LUCK,2021-09-21,748.99,748.99,726.15,729.79,268200.0
LUCK,2021-09-22,737.0,737.99,708.15,728.61,626791.0
LUCK,2021-09-23,730.0,752.49,725.0,727.72,399577.0
LUCK,2021-09-24,730.0,732.99,717.0,724.69,238840.0
LUCK,2021-09-27,727.0,734.9,714.02,721.88,192947.0
LUCK,2021-09-28,715.0,745.0,713.05,723.61,470498.0
LUCK,2021-09-29,725.0,725.0,696.05,710.62,402667.0
LUCK,2021-09-30,710.62,730.0,692.5,722.9,492634.0
LUCK,2021-10-01,727.9,748.47,710.0,712.31,160753.0
LUCK,2021-10-04,709.0,719.0,696.0,704.36,200896.0
LUCK,2021-10-05,707.0,707.0,675.1,679.69,1122578.0
LUCK,2021-10-06,679.0,679.9,665.6,672.76,266703.0
LUCK,2021-10-07,690.01,697.9,665.0,669.02,924076.0
LUCK,2021-10-08,669.0,673.5,653.0,660.48,578612.0
LUCK,2021-10-11,660.0,664.9,643.05,650.69,882525.0
LUCK,2021-10-12,643.01,670.0,637.0,651.81,1238174.0
LUCK,2021-10-13,651.0,659.0,638.55,641.38,164529.0
LUCK,2021-10-14,646.87,680.0,635.02,673.84,918101.0
LUCK,2021-10-15,662.1,685.0,662.1,682.29,352699.0
LUCK,2021-10-18,674.8,687.0,670.0,680.01,202071.0
LUCK,2021-10-20,682.0,709.75,682.0,701.39,343774.0
LUCK,2021-10-21,707.99,719.99,700.0,706.79,307469.0
LUCK,2021-10-22,709.0,745.0,706.0,708.82,732945.0
LUCK,2021-10-25,709.0,711.95,696.53,697.51,191304.0
LUCK,2021-10-26,699.99,700.0,695.0,698.0,240836.0
LUCK,2021-10-27,705.99,724.88,705.0,714.97,297062.0
LUCK,2021-10-28,720.0,738.0,720.0,734.32,750317.0
LUCK,2021-10-29,739.0,779.9,730.0,772.78,828696.0
LUCK,2021-11-01,809.99,818.44,787.0,790.31,991896.0
LUCK,2021-11-02,803.0,810.8,776.61,780.1,367916.0
LUCK,2021-11-03,775.0,784.0,766.13,769.02,476503.0
LUCK,2021-11-04,763.5,773.0,757.0,760.07,634670.0
LUCK,2021-11-05,760.0,784.0,756.0,764.13,408144.0
LUCK,2021-11-08,773.99,776.25,762.0,772.72,591594.0
LUCK,2021-11-09,768.0,775.0,748.0,768.17,1144595.0
LUCK,2021-11-10,771.0,774.84,758.0,763.55,411958.0
LUCK,2021-11-11,766.99,768.99,753.0,756.72,128188.0
LUCK,2021-11-12,765.99,765.99,736.5,740.46,220799.0
LUCK,2021-11-15,748.99,748.99,726.11,731.37,206390.0
LUCK,2021-11-16,739.8,769.96,733.0,761.47,460039.0
LUCK,2021-11-17,765.0,765.0,731.01,737.39,368455.0
LUCK,2021-11-18,740.0,760.0,732.0,754.14,699150.0
LUCK,2021-11-19,762.0,773.0,749.01,768.32,491952.0
LUCK,2021-11-22,771.71,772.0,730.0,733.26,771181.0
LUCK,2021-11-23,735.0,739.5,712.0,719.69,507054.0
LUCK,2021-11-24,727.99,727.99,690.0,691.96,913166.0
LUCK,2021-11-25,699.0,699.0,668.15,681.1,926557.0
LUCK,2021-11-26,681.0,709.0,671.0,693.31,953392.0
LUCK,2021-11-29,696.0,735.0,691.6,725.77,783437.0
LUCK,2021-11-30,728.0,744.45,704.1,713.05,8322412.0
LUCK,2021-12-01,725.1,735.75,713.1,729.25,2228427.0
LUCK,2021-12-02,715.0,715.0,674.56,674.56,2988066.0
LUCK,2021-12-03,654.0,675.0,634.0,647.94,1516241.0
LUCK,2021-12-06,654.75,658.0,641.0,651.55,286359.0
LUCK,2021-12-07,652.0,670.77,651.5,663.59,402869.0
LUCK,2021-12-08,663.0,666.0,649.0,650.31,459787.0
LUCK,2021-12-09,655.0,655.0,622.01,630.93,715850.0
LUCK,2021-12-10,632.0,637.69,608.55,634.15,785161.0
LUCK,2021-12-13,639.99,648.0,624.0,631.59,522438.0
LUCK,2021-12-14,638.0,648.01,626.65,640.41,686619.0
LUCK,2021-12-15,672.0,688.44,665.0,685.85,1379800.0
LUCK,2021-12-16,683.0,683.0,661.0,664.56,749294.0
LUCK,2021-12-17,663.0,686.5,654.0,674.58,1022767.0
LUCK,2021-12-20,674.58,701.0,666.01,693.74,678082.0
LUCK,2021-12-21,694.0,704.9,686.0,691.09,404701.0
LUCK,2021-12-22,694.0,697.0,678.5,684.48,235255.0
LUCK,2021-12-23,686.0,694.99,680.26,683.66,291007.0
LUCK,2021-12-24,686.0,686.9,676.0,678.35,134561.0
LUCK,2021-12-27,678.1,679.9,672.62,676.52,110570.0
LUCK,2021-12-28,675.25,684.0,675.06,678.37,272782.0
LUCK,2021-12-29,676.25,684.0,674.29,680.85,246866.0
LUCK,2021-12-30,685.99,696.0,671.15,678.28,812890.0
LUCK,2021-12-31,672.0,689.95,672.0,679.28,361081.0
LUCK,2022-01-03,680.0,690.5,679.99,689.09,157080.0
LUCK,2022-01-04,689.0,703.0,686.0,701.27,490093.0
LUCK,2022-01-05,699.0,699.0,691.6,693.79,198156.0
LUCK,2022-01-06,691.8,698.99,685.0,688.28,772137.0
LUCK,2022-01-07,690.0,696.0,677.02,688.59,205522.0
LUCK,2022-01-10,685.05,698.0,685.05,696.65,176422.0
LUCK,2022-01-11,698.0,701.99,688.0,690.03,226747.0
LUCK,2022-01-12,692.0,696.0,684.0,685.26,246499.0
LUCK,2022-01-13,683.0,694.97,679.5,679.94,127106.0
LUCK,2022-01-14,680.0,684.98,674.5,674.92,58716.0
LUCK,2022-01-17,670.0,684.9,667.0,682.66,43978.0
LUCK,2022-01-18,678.01,689.89,672.55,674.59,146842.0
LUCK,2022-01-19,682.0,682.0,655.0,660.16,168137.0
LUCK,2022-01-20,665.0,673.99,646.8,664.26,474853.0
LUCK,2022-01-21,658.0,674.0,658.0,667.7,91261.0
LUCK,2022-01-24,674.85,674.85,661.1,665.22,63821.0
LUCK,2022-01-25,671.0,688.0,670.0,684.93,319971.0
LUCK,2022-01-26,689.75,695.0,676.5,689.37,162324.0
LUCK,2022-01-27,689.0,698.0,687.0,695.19,304176.0
LUCK,2022-01-28,695.0,698.89,671.11,680.79,284802.0
LUCK,2022-01-31,685.0,690.0,681.0,683.12,129657.0
LUCK,2022-02-01,676.5,693.0,676.5,684.38,165037.0
LUCK,2022-02-02,684.0,695.0,684.0,693.2,257069.0
LUCK,2022-02-03,699.0,704.75,681.01,685.39,333203.0
LUCK,2022-02-04,694.0,696.75,681.01,688.73,271982.0
LUCK,2022-02-07,693.98,693.98,682.52,683.28,152788.0
LUCK,2022-02-08,688.0,689.0,681.33,684.44,169934.0
LUCK,2022-02-09,688.0,693.5,685.01,688.11,248846.0
LUCK,2022-02-10,690.0,692.5,681.5,683.39,174765.0
LUCK,2022-02-11,688.99,694.0,682.1,691.95,151653.0
LUCK,2022-02-14,689.98,697.88,678.0,682.34,216344.0
LUCK,2022-02-15,675.1,686.9,675.1,680.89,44762.0
LUCK,2022-02-16,686.8,686.8,675.01,676.89,156345.0
LUCK,2022-02-17,683.8,683.8,672.0,675.52,25838.0
LUCK,2022-02-18,680.9,683.95,675.6,681.68,35630.0
LUCK,2022-02-21,685.7,685.7,670.5,673.19,39623.0
LUCK,2022-02-22,675.7,675.7,650.0,661.83,217890.0
LUCK,2022-02-23,668.0,670.0,655.0,665.36,154698.0
LUCK,2022-02-24,650.0,653.5,630.11,635.18,623015.0
LUCK,2022-02-25,645.0,646.0,630.0,633.51,256634.0
LUCK,2022-02-28,640.0,663.0,622.15,648.98,279974.0
LUCK,2022-03-01,664.99,664.99,640.0,641.63,233330.0
LUCK,2022-03-02,638.0,638.0,616.01,624.87,465956.0
LUCK,2022-03-03,623.0,624.0,613.26,616.68,172958.0
LUCK,2022-03-04,619.99,626.4,617.0,619.27,124666.0
LUCK,2022-03-07,615.61,615.61,573.0,575.19,1000914.0
LUCK,2022-03-08,573.9,579.98,559.0,561.8,343539.0
LUCK,2022-03-09,559.99,573.0,545.5,552.6,834109.0
LUCK,2022-03-10,561.01,593.0,561.01,590.33,689365.0
LUCK,2022-03-11,587.0,593.0,571.5,575.08,249060.0
LUCK,2022-03-14,575.0,575.0,564.0,570.48,114283.0
LUCK,2022-03-15,573.75,584.4,573.5,583.49,110835.0
LUCK,2022-03-16,584.0,602.0,584.0,586.67,331888.0
LUCK,2022-03-17,593.98,595.0,583.0,584.58,115120.0
LUCK,2022-03-18,576.2,585.0,566.0,567.63,236748.0
LUCK,2022-03-21,574.0,582.89,565.0,577.58,189401.0
LUCK,2022-03-22,577.58,579.99,570.01,571.99,138961.0
LUCK,2022-03-24,576.0,588.0,565.77,585.08,154423.0
LUCK,2022-03-25,585.0,599.99,583.0,597.67,237374.0
LUCK,2022-03-28,597.0,620.5,587.0,617.71,486774.0
LUCK,2022-03-29,623.85,635.0,620.0,629.89,293816.0
LUCK,2022-03-30,627.98,644.0,612.1,631.69,428413.0
LUCK,2022-03-31,627.0,639.0,627.0,636.35,237486.0
LUCK,2022-04-01,636.35,650.0,631.1,643.64,640614.0
LUCK,2022-04-04,625.0,625.0,595.37,597.91,773433.0
LUCK,2022-04-05,595.5,602.0,582.55,586.04,586557.0
LUCK,2022-04-06,590.0,597.0,582.0,584.43,437823.0
LUCK,2022-04-07,587.7,588.0,566.12,576.83,615200.0
LUCK,2022-04-08,585.0,599.0,581.01,591.84,355743.0
LUCK,2022-04-11,619.99,634.0,614.01,626.22,1326877.0
LUCK,2022-04-12,625.0,630.0,618.0,624.38,410932.0
LUCK,2022-04-13,622.0,623.0,609.0,611.74,255441.0
LUCK,2022-04-14,607.01,616.0,606.15,612.11,163772.0
LUCK,2022-04-15,615.0,622.0,608.0,609.61,134713.0
LUCK,2022-04-18,600.1,610.0,600.0,602.21,135633.0
LUCK,2022-04-19,604.5,611.0,593.0,596.76,183573.0
LUCK,2022-04-20,606.99,606.99,587.51,590.52,111763.0
LUCK,2022-04-21,587.1,590.0,580.0,586.81,131919.0
LUCK,2022-04-22,592.0,592.0,582.15,584.59,122829.0
LUCK,2022-04-25,590.01,602.0,583.2,586.02,248219.0
LUCK,2022-04-26,587.99,588.0,577.0,578.08,162541.0
LUCK,2022-04-27,578.5,584.0,569.88,571.12,147723.0
LUCK,2022-04-28,570.0,574.0,558.01,566.77,375946.0
LUCK,2022-05-06,566.77,566.77,558.0,560.42,172193.0
LUCK,2022-05-09,560.0,560.0,518.39,518.88,749730.0
LUCK,2022-05-10,523.0,523.0,511.5,515.77,407950.0
LUCK,2022-05-11,517.95,517.95,485.6,509.34,858962.0
LUCK,2022-05-12,517.0,520.0,495.01,514.54,386732.0
LUCK,2022-05-13,510.4,526.0,508.01,523.33,347756.0
LUCK,2022-05-16,512.1,523.33,495.0,502.17,470411.0
LUCK,2022-05-17,504.99,505.0,493.0,495.76,371167.0
LUCK,2022-05-18,498.0,508.4,487.0,505.61,393915.0
LUCK,2022-05-19,500.0,511.0,500.0,501.87,319048.0
LUCK,2022-05-20,505.7,505.99,497.1,502.79,151704.0
LUCK,2022-05-23,500.01,500.01,476.0,479.25,806613.0
LUCK,2022-05-24,479.25,483.0,467.01,468.07,538131.0
LUCK,2022-05-25,470.0,479.0,454.51,469.72,721180.0
LUCK,2022-05-26,467.4,485.1,462.0,481.51,393385.0
LUCK,2022-05-27,490.0,503.0,483.0,485.85,711969.0
LUCK,2022-05-30,488.0,496.88,485.01,488.64,129320.0
LUCK,2022-05-31,494.0,494.0,469.0,472.24,319595.0
LUCK,2022-06-01,474.96,474.96,463.0,464.21,269688.0
LUCK,2022-06-02,468.0,468.0,450.0,452.01,501793.0
LUCK,2022-06-03,449.0,453.0,434.0,436.17,401893.0
LUCK,2022-06-06,438.0,451.0,430.99,444.91,320121.0
LUCK,2022-06-07,448.0,453.6,442.6,448.27,304631.0
LUCK,2022-06-08,445.01,476.0,440.52,465.05,1183064.0
LUCK,2022-06-09,471.0,472.0,462.0,464.78,415877.0
LUCK,2022-06-10,468.8,473.0,462.0,467.18,420217.0
LUCK,2022-06-13,466.1,466.1,444.0,451.02,716623.0
LUCK,2022-06-14,447.5,451.6,443.0,448.2,441663.0
LUCK,2022-06-15,451.99,459.49,450.99,453.68,533921.0
LUCK,2022-06-16,450.02,459.5,448.05,458.35,452041.0
LUCK,2022-06-17,459.98,469.0,457.9,463.79,677307.0
LUCK,2022-06-20,466.0,468.5,450.01,453.2,404493.0
LUCK,2022-06-21,454.0,467.0,451.11,464.76,907649.0
LUCK,2022-06-22,467.0,469.0,457.55,459.7,579775.0
LUCK,2022-06-23,461.0,468.0,460.51,461.9,403926.0
LUCK,2022-06-24,461.9,463.0,427.26,436.17,874681.0
LUCK,2022-06-27,437.99,450.0,436.0,447.08,621735.0
LUCK,2022-06-28,448.0,475.0,447.0,460.47,1000421.0
LUCK,2022-06-29,452.91,464.99,449.01,457.51,899482.0
LUCK,2022-06-30,457.5,466.0,450.1,459.04,1584750.0
LUCK,2022-07-01,458.0,458.5,451.03,452.69,159303.0
LUCK,2022-07-04,450.5,457.9,439.4,440.32,436179.0
LUCK,2022-07-05,441.5,444.0,433.8,435.31,146781.0
LUCK,2022-07-06,439.9,443.95,435.6,437.12,324177.0
LUCK,2022-07-07,439.5,440.02,434.0,435.4,133871.0
LUCK,2022-07-13,434.99,447.0,430.11,444.83,484102.0
LUCK,2022-07-14,451.0,458.9,443.0,456.44,750348.0
LUCK,2022-07-15,458.5,463.0,445.6,451.28,586724.0
LUCK,2022-07-18,440.0,445.0,433.0,436.12,328980.0
LUCK,2022-07-19,436.0,439.98,423.5,427.7,318493.0
LUCK,2022-07-20,430.89,433.5,425.0,428.15,226004.0
LUCK,2022-07-21,430.0,430.95,422.0,423.2,223965.0
LUCK,2022-07-22,425.99,427.0,407.31,418.96,560455.0
LUCK,2022-07-25,415.0,417.99,411.51,414.79,150708.0
LUCK,2022-07-26,416.99,421.88,409.0,414.41,358293.0
LUCK,2022-07-27,414.41,417.99,411.0,415.68,282249.0
LUCK,2022-07-28,417.97,423.9,415.0,416.24,509039.0
LUCK,2022-07-29,418.0,418.0,410.03,411.93,187844.0
LUCK,2022-08-01,412.0,415.9,409.01,413.8,109858.0
LUCK,2022-08-02,413.8,421.0,409.12,417.12,254715.0
LUCK,2022-08-03,419.99,448.35,416.06,441.55,1174910.0
LUCK,2022-08-04,442.1,454.95,442.1,452.17,794586.0
LUCK,2022-08-05,454.99,474.9,454.99,466.15,1830646.0
LUCK,2022-08-10,471.0,476.89,458.0,461.49,1213367.0
LUCK,2022-08-11,462.0,467.67,459.0,464.49,572770.0
LUCK,2022-08-12,464.0,465.0,460.0,463.3,504503.0
LUCK,2022-08-15,465.0,480.5,462.55,473.97,2317379.0
LUCK,2022-08-16,475.0,489.45,473.25,479.83,2561946.0
LUCK,2022-08-17,482.0,505.43,478.2,498.29,1947928.0
LUCK,2022-08-18,502.99,511.0,495.0,500.68,1220122.0
LUCK,2022-08-19,495.11,498.41,490.3,492.89,330146.0
LUCK,2022-08-22,492.8,493.89,485.0,490.56,512742.0
LUCK,2022-08-23,497.0,521.87,495.99,518.07,2185086.0
LUCK,2022-08-24,522.0,527.0,507.0,509.58,1021093.0
LUCK,2022-08-25,507.0,526.9,501.0,520.81,1970583.0
LUCK,2022-08-26,540.0,540.0,517.01,518.78,2097136.0
LUCK,2022-08-29,517.0,517.0,497.21,511.57,1300134.0
LUCK,2022-08-30,518.9,521.5,507.0,509.89,1033635.0
LUCK,2022-08-31,508.99,519.5,507.1,516.72,572071.0
LUCK,2022-09-01,518.98,529.51,516.72,523.37,1142761.0
LUCK,2022-09-02,522.0,526.45,518.0,520.74,391581.0
LUCK,2022-09-05,519.95,524.5,513.6,517.11,485020.0
LUCK,2022-09-06,516.0,516.0,509.0,512.28,201540.0
LUCK,2022-09-07,519.9,520.0,507.02,508.21,137412.0
LUCK,2022-09-08,511.01,517.89,510.5,514.57,413770.0
LUCK,2022-09-09,516.0,520.0,513.5,514.54,346278.0
LUCK,2022-09-12,516.0,518.99,510.0,512.28,155566.0
LUCK,2022-09-13,513.4,516.7,512.53,513.4,191115.0
LUCK,2022-09-14,513.4,515.75,510.0,512.81,157459.0
LUCK,2022-09-15,514.0,523.35,509.5,510.97,922911.0
LUCK,2022-09-16,511.08,515.2,506.8,508.17,411958.0
LUCK,2022-09-19,511.69,511.69,500.0,501.99,174812.0
LUCK,2022-09-20,503.9,503.98,491.5,492.78,427623.0
LUCK,2022-09-21,494.99,495.99,481.0,483.43,428667.0
LUCK,2022-09-22,480.0,489.74,473.05,488.23,512537.0
LUCK,2022-09-23,493.9,494.05,477.05,479.65,338713.0
LUCK,2022-09-26,481.0,493.0,470.0,485.93,1740483.0
LUCK,2022-09-27,490.0,498.65,486.0,493.54,1112140.0
LUCK,2022-09-28,495.9,503.5,494.05,495.99,780047.0
LUCK,2022-09-29,497.79,505.99,492.0,502.99,996340.0
LUCK,2022-09-30,501.0,507.9,491.11,496.56,836928.0
LUCK,2022-10-03,498.89,498.89,492.05,494.23,170261.0
LUCK,2022-10-04,496.2,511.0,495.33,505.93,1611597.0
LUCK,2022-10-05,510.0,518.89,507.8,516.76,1329524.0
LUCK,2022-10-06,519.98,523.0,512.13,513.04,661341.0
LUCK,2022-10-07,510.9,520.9,510.15,511.86,823970.0
LUCK,2022-10-10,514.0,517.5,510.5,514.59,508375.0
LUCK,2022-10-11,516.0,517.1,510.2,513.44,333876.0
LUCK,2022-10-12,515.5,520.0,512.0,513.5,363242.0
LUCK,2022-10-13,514.01,517.09,510.9,512.57,186571.0
LUCK,2022-10-14,516.99,516.99,511.01,512.41,206757.0
LUCK,2022-10-17,514.89,514.9,509.7,510.42,393801.0
LUCK,2022-10-18,511.52,515.49,506.99,509.69,411636.0
LUCK,2022-10-19,513.0,515.9,510.5,513.72,367206.0
LUCK,2022-10-20,516.0,516.0,512.0,512.08,241135.0
LUCK,2022-10-21,513.99,514.9,508.1,512.9,186632.0
LUCK,2022-10-24,518.0,518.0,510.51,511.03,383182.0
LUCK,2022-10-25,513.5,513.5,506.0,508.01,212600.0
LUCK,2022-10-26,503.25,506.92,494.5,497.58,377351.0
LUCK,2022-10-27,493.0,499.39,491.0,493.08,346580.0
LUCK,2022-10-28,494.9,494.99,478.23,480.65,225543.0
LUCK,2022-10-31,488.0,488.0,481.0,485.28,121323.0
LUCK,2022-11-01,493.74,494.0,486.08,492.37,442507.0
LUCK,2022-11-02,492.0,492.98,485.2,489.62,160234.0
LUCK,2022-11-03,489.0,494.75,488.5,489.91,351219.0
LUCK,2022-11-04,485.1,487.99,482.0,483.22,246243.0
LUCK,2022-11-07,484.0,489.0,483.0,483.63,98708.0
LUCK,2022-11-08,488.85,491.4,487.0,489.36,351961.0
LUCK,2022-11-10,491.9,493.7,488.0,490.87,467304.0
LUCK,2022-11-11,492.0,493.0,488.5,490.6,153631.0
LUCK,2022-11-14,489.97,490.5,482.0,489.08,134335.0
LUCK,2022-11-15,488.2,493.4,485.0,485.75,418803.0
LUCK,2022-11-16,489.88,489.88,482.99,486.99,80738.0
LUCK,2022-11-17,488.99,490.28,486.01,487.79,255538.0
LUCK,2022-11-18,489.93,489.93,485.0,487.93,193130.0
LUCK,2022-11-21,484.0,488.5,483.3,485.62,132352.0
LUCK,2022-11-22,486.0,491.89,484.0,487.53,360017.0
LUCK,2022-11-23,489.0,489.9,486.0,487.15,50250.0
LUCK,2022-11-24,487.15,491.0,485.01,487.17,255363.0
LUCK,2022-11-25,492.0,492.0,482.67,484.23,168456.0
LUCK,2022-11-28,471.0,471.0,455.5,458.16,771415.0
LUCK,2022-11-29,459.0,468.0,458.16,467.24,411514.0
LUCK,2022-11-30,467.89,475.0,462.9,472.79,684044.0
LUCK,2022-12-01,476.9,476.9,467.51,468.86,136907.0
LUCK,2022-12-02,472.0,472.0,456.2,457.84,278964.0
LUCK,2022-12-05,459.9,461.0,439.0,442.09,309108.0
LUCK,2022-12-06,444.0,446.0,437.0,443.37,199196.0
LUCK,2022-12-07,445.01,454.98,443.0,453.59,301492.0
LUCK,2022-12-08,446.0,455.0,446.0,451.93,245334.0
LUCK,2022-12-09,452.0,455.0,447.02,453.14,127260.0
LUCK,2022-12-12,451.01,454.0,451.0,453.37,207454.0
LUCK,2022-12-13,451.01,456.94,451.01,453.28,179888.0
LUCK,2022-12-14,454.99,455.0,451.5,453.77,192677.0
LUCK,2022-12-15,454.98,455.9,447.0,450.77,425421.0
LUCK,2022-12-16,454.8,454.9,445.11,450.52,295909.0
LUCK,2022-12-19,449.44,450.98,441.01,441.66,66256.0
LUCK,2022-12-20,445.88,450.0,408.66,422.15,490607.0
LUCK,2022-12-21,424.0,433.49,415.05,430.98,435092.0
LUCK,2022-12-22,435.0,442.99,430.01,438.92,218019.0
LUCK,2022-12-23,440.01,440.01,425.01,429.93,200230.0
LUCK,2022-12-26,439.79,453.0,421.55,435.26,157423.0
LUCK,2022-12-27,437.98,438.0,432.2,434.58,113322.0
LUCK,2022-12-28,435.99,435.99,427.0,431.48,322464.0
LUCK,2022-12-29,434.9,450.0,428.12,446.96,489376.0
LUCK,2022-12-30,454.0,454.0,442.01,446.58,47928.0
LUCK,2023-01-02,447.75,448.48,437.0,439.25,73567.0
LUCK,2023-01-03,440.0,440.0,430.0,431.4,189273.0
LUCK,2023-01-04,434.9,436.0,428.01,432.61,379679.0
LUCK,2023-01-05,431.5,436.5,429.0,430.74,138474.0
LUCK,2023-01-06,430.0,438.0,428.0,433.11,241503.0
LUCK,2023-01-09,432.0,433.9,422.0,423.59,478912.0
LUCK,2023-01-10,426.9,439.25,426.9,436.72,594843.0
LUCK,2023-01-11,437.0,439.98,432.03,433.83,443762.0
LUCK,2023-01-12,433.0,447.0,431.0,435.62,343433.0
LUCK,2023-01-13,431.01,436.79,427.0,428.18,137109.0
LUCK,2023-01-16,427.0,429.0,419.5,420.27,81708.0
LUCK,2023-01-17,425.0,425.0,390.0,391.73,1268802.0
LUCK,2023-01-18,390.0,401.0,386.01,399.71,264057.0
LUCK,2023-01-19,400.5,404.0,390.1,391.96,196907.0
LUCK,2023-01-20,398.67,398.67,380.7,383.9,265883.0
LUCK,2023-01-23,377.0,391.98,377.0,389.16,79978.0
LUCK,2023-01-24,391.8,397.01,375.55,393.82,345277.0
LUCK,2023-01-25,395.5,404.0,394.0,396.82,414048.0
LUCK,2023-01-26,399.0,412.0,396.0,404.83,1246390.0
LUCK,2023-01-27,405.0,406.5,396.0,397.93,164850.0
LUCK,2023-01-30,399.99,404.84,394.0,395.16,132553.0
LUCK,2023-01-31,396.98,409.9,395.15,408.75,550034.0
LUCK,2023-02-01,412.89,412.89,402.53,405.07,181757.0
LUCK,2023-02-02,407.5,418.5,402.04,416.77,508311.0
LUCK,2023-02-03,411.89,418.8,411.89,413.59,124295.0
LUCK,2023-02-06,418.0,426.9,412.0,423.38,355686.0
LUCK,2023-02-07,424.9,431.9,416.6,419.64,354070.0
LUCK,2023-02-08,422.79,423.65,416.3,420.94,276397.0
LUCK,2023-02-09,423.0,434.0,423.0,430.19,1162792.0
LUCK,2023-02-10,430.0,430.0,413.12,414.21,1153956.0
LUCK,2023-02-13,410.0,420.0,410.0,415.92,158136.0
LUCK,2023-02-14,415.97,417.0,407.6,411.44,300432.0
LUCK,2023-02-15,417.69,419.0,405.51,416.32,357696.0
LUCK,2023-02-16,413.0,419.97,409.0,409.97,448344.0
LUCK,2023-02-17,406.12,413.5,406.0,410.99,60049.0
LUCK,2023-02-20,408.0,410.87,403.51,409.29,194413.0
LUCK,2023-02-21,414.77,414.77,407.0,413.35,82515.0
LUCK,2023-02-22,415.0,417.0,412.0,415.61,570180.0
LUCK,2023-02-23,414.0,415.89,408.44,413.99,859992.0
LUCK,2023-02-24,416.8,419.9,406.0,415.76,393219.0
LUCK,2023-02-27,415.0,418.0,410.11,413.93,719757.0
LUCK,2023-02-28,414.0,417.88,409.5,413.66,446097.0
LUCK,2023-03-01,413.5,413.5,407.0,407.92,682583.0
LUCK,2023-03-02,401.01,411.5,395.11,396.79,368237.0
LUCK,2023-03-03,392.0,406.5,390.11,404.74,324469.0
LUCK,2023-03-06,406.9,411.0,404.75,410.23,225792.0
LUCK,2023-03-07,413.54,417.5,402.01,413.3,271139.0
LUCK,2023-03-08,417.78,418.9,415.0,416.97,355037.0
LUCK,2023-03-09,418.0,422.35,415.26,420.3,583727.0
LUCK,2023-03-10,422.5,423.88,418.1,421.33,323838.0
LUCK,2023-03-13,422.9,425.0,421.19,421.86,387649.0
LUCK,2023-03-14,423.0,423.0,414.6,415.11,203183.0
LUCK,2023-03-15,416.88,431.9,412.0,424.5,1225873.0
LUCK,2023-03-16,426.0,432.89,424.14,426.27,481208.0
LUCK,2023-03-17,426.95,426.95,419.12,420.02,784196.0
LUCK,2023-03-20,421.95,422.0,415.0,415.68,40588.0
LUCK,2023-03-21,419.4,419.4,412.52,413.52,57896.0
LUCK,2023-03-22,415.0,415.0,405.0,406.35,123447.0
LUCK,2023-03-24,408.0,408.0,400.8,402.9,93925.0
LUCK,2023-03-27,407.9,407.9,390.11,403.86,50233.0
LUCK,2023-03-28,410.0,410.0,399.1,400.42,188397.0
LUCK,2023-03-29,402.0,404.49,395.0,396.1,132665.0
LUCK,2023-03-30,400.0,400.0,396.0,398.01,82490.0
LUCK,2023-03-31,399.99,406.88,395.0,402.44,927557.0
LUCK,2023-04-03,404.0,404.0,399.1,400.01,34948.0
LUCK,2023-04-04,401.0,404.97,396.11,401.92,75944.0
LUCK,2023-04-05,404.9,404.94,401.02,402.91,44633.0
LUCK,2023-04-06,402.91,409.9,402.9,409.86,92124.0
LUCK,2023-04-07,415.0,415.0,401.0,404.38,53116.0
LUCK,2023-04-10,406.99,406.99,391.0,399.95,85550.0
LUCK,2023-04-11,400.0,400.0,396.1,399.1,25660.0
LUCK,2023-04-12,402.99,403.0,395.0,398.37,89374.0
LUCK,2023-04-13,401.11,403.97,398.37,402.21,60563.0
LUCK,2023-04-17,405.08,405.08,396.0,396.95,57502.0
LUCK,2023-04-18,396.95,399.9,392.5,392.97,101026.0
LUCK,2023-04-19,392.97,397.99,392.89,394.74,37401.0
LUCK,2023-04-20,394.99,402.0,393.0,400.66,210004.0
LUCK,2023-04-26,403.0,407.0,395.0,396.96,168959.0
LUCK,2023-04-27,398.0,403.99,395.99,402.03,199552.0
LUCK,2023-04-28,403.0,405.0,398.32,401.17,119995.0
LUCK,2023-05-02,416.0,431.25,416.0,431.25,769270.0
LUCK,2023-05-03,445.05,463.59,445.0,458.3,2448615.0
LUCK,2023-05-04,458.49,464.89,455.11,456.38,588714.0
LUCK,2023-05-05,458.59,458.59,450.03,455.4,319493.0
LUCK,2023-05-08,455.3,457.98,446.0,447.06,296957.0
LUCK,2023-05-09,447.0,453.4,440.25,443.2,764925.0
LUCK,2023-05-10,442.0,453.79,432.1,444.35,600790.0
LUCK,2023-05-11,449.0,459.0,444.35,457.49,573903.0
LUCK,2023-05-12,460.0,467.97,454.6,464.9,704003.0
LUCK,2023-05-15,466.0,468.0,461.0,466.92,235186.0
LUCK,2023-05-16,472.75,474.35,467.0,467.38,381577.0
LUCK,2023-05-17,469.0,469.9,461.05,465.79,176808.0
LUCK,2023-05-18,467.0,473.02,467.0,468.62,233493.0
LUCK,2023-05-19,469.0,474.74,462.0,471.74,245236.0
LUCK,2023-05-22,472.0,473.69,468.0,471.24,166476.0
LUCK,2023-05-23,471.0,474.5,469.0,469.79,172517.0
LUCK,2023-05-24,471.0,472.95,467.5,469.12,164001.0
LUCK,2023-05-25,470.95,482.3,470.0,477.86,779713.0
LUCK,2023-05-26,484.96,513.7,481.01,507.3,1641016.0
LUCK,2023-05-29,513.0,524.24,510.5,513.4,1422158.0
LUCK,2023-05-30,516.0,541.0,513.9,537.02,1645312.0
LUCK,2023-05-31,537.25,539.0,513.0,515.85,1234159.0
LUCK,2023-06-01,515.0,524.49,511.01,516.62,674562.0
LUCK,2023-06-02,516.99,521.67,514.0,515.6,397315.0
LUCK,2023-06-05,517.9,517.9,507.9,511.99,256167.0
LUCK,2023-06-06,510.99,520.0,510.11,514.96,348203.0
LUCK,2023-06-07,514.98,516.6,513.0,514.62,184830.0
LUCK,2023-06-08,515.0,518.0,506.01,507.96,251793.0
LUCK,2023-06-09,507.99,511.0,502.0,508.2,253503.0
LUCK,2023-06-12,509.88,538.6,507.0,526.21,1408856.0
LUCK,2023-06-13,528.89,532.0,510.06,511.26,782207.0
LUCK,2023-06-14,513.9,518.7,509.3,512.15,314140.0
LUCK,2023-06-15,511.0,520.0,501.9,511.5,1049027.0
LUCK,2023-06-16,515.97,518.0,510.1,511.26,391567.0
LUCK,2023-06-19,514.0,517.0,510.5,511.65,722738.0
LUCK,2023-06-20,512.0,515.49,511.75,512.69,272018.0
LUCK,2023-06-21,513.99,516.4,512.0,512.76,948588.0
LUCK,2023-06-22,514.99,515.99,509.7,513.16,419280.0
LUCK,2023-06-23,514.8,515.0,509.7,512.74,367898.0
LUCK,2023-06-26,515.0,531.38,515.0,525.32,680316.0
LUCK,2023-06-27,524.0,526.75,519.0,522.09,650584.0
LUCK,2023-07-03,561.25,561.25,550.5,561.25,859865.0
LUCK,2023-07-04,560.96,562.0,545.6,546.9,675892.0
LUCK,2023-07-05,550.0,553.0,537.0,542.83,395836.0
LUCK,2023-07-06,542.0,560.0,542.0,558.48,1058917.0
LUCK,2023-07-07,559.95,560.5,553.6,556.11,309988.0
LUCK,2023-07-10,557.0,564.98,554.99,557.29,395488.0
LUCK,2023-07-11,563.8,573.0,560.5,567.5,1221868.0
LUCK,2023-07-12,572.0,580.99,568.0,578.65,1069596.0
LUCK,2023-07-13,578.0,589.0,573.0,581.87,948748.0
LUCK,2023-07-14,581.0,588.0,575.11,579.72,269911.0
LUCK,2023-07-17,579.0,584.0,578.1,581.33,357194.0
LUCK,2023-07-18,582.98,585.55,578.2,582.44,505087.0
LUCK,2023-07-19,582.4,582.4,579.0,581.64,685888.0
LUCK,2023-07-20,582.2,588.0,581.31,583.29,268563.0
LUCK,2023-07-21,584.5,585.0,581.13,583.02,597692.0
LUCK,2023-07-24,585.0,585.5,578.0,582.95,349531.0
LUCK,2023-07-25,583.01,585.09,581.1,582.91,190985.0
LUCK,2023-07-26,583.02,585.99,583.0,584.04,563427.0
LUCK,2023-07-27,582.0,588.7,582.0,587.0,363643.0
LUCK,2023-07-31,584.0,594.1,584.0,588.54,425780.0
LUCK,2023-08-01,599.49,602.0,591.99,592.36,226478.0
LUCK,2023-08-02,591.0,594.9,585.51,592.53,550226.0
LUCK,2023-08-03,594.5,603.0,593.01,599.33,1444559.0
LUCK,2023-08-04,600.02,608.99,600.0,603.47,397121.0
LUCK,2023-08-07,604.8,609.5,600.0,607.59,368184.0
LUCK,2023-08-08,615.5,622.4,602.0,602.32,688322.0
LUCK,2023-08-09,602.0,609.4,602.0,608.04,355816.0
LUCK,2023-08-10,608.0,618.39,605.0,611.15,325885.0
LUCK,2023-08-11,614.53,621.0,611.21,615.66,432893.0
LUCK,2023-08-15,616.98,626.48,612.75,623.09,568715.0
LUCK,2023-08-16,622.0,630.42,620.0,626.57,375037.0
LUCK,2023-08-17,621.05,628.0,619.01,623.72,189029.0
LUCK,2023-08-18,623.4,626.98,613.25,613.96,242180.0
LUCK,2023-08-21,615.0,616.95,605.25,605.73,1269644.0
LUCK,2023-08-22,607.9,608.85,601.5,602.62,266037.0
LUCK,2023-08-23,602.62,606.0,599.0,600.86,1091219.0
LUCK,2023-08-24,602.98,604.4,600.01,600.67,98546.0
LUCK,2023-08-25,603.99,603.99,598.11,600.18,246217.0
LUCK,2023-08-28,592.21,599.87,588.01,590.22,184495.0
LUCK,2023-08-29,591.49,591.49,582.9,585.07,519740.0
LUCK,2023-08-30,587.94,587.94,579.0,580.48,717026.0
LUCK,2023-08-31,581.0,581.0,551.01,560.28,584526.0
LUCK,2023-09-01,555.0,558.0,545.52,555.2,103922.0
LUCK,2023-09-04,559.9,563.0,556.0,560.25,92751.0
LUCK,2023-09-05,563.24,568.3,553.5,555.38,170408.0
LUCK,2023-09-06,555.38,558.0,551.11,553.51,202435.0
LUCK,2023-09-07,553.5,557.87,537.0,538.47,396368.0
LUCK,2023-09-08,540.0,547.4,535.1,543.71,101036.0
LUCK,2023-09-11,545.0,546.94,539.22,541.79,92726.0
LUCK,2023-09-12,544.0,544.0,530.6,531.92,178908.0
LUCK,2023-09-13,532.01,547.89,532.01,544.95,861488.0
LUCK,2023-09-14,520.55,534.0,520.55,524.71,69164.0
LUCK,2023-09-15,537.9,548.0,536.0,543.55,472615.0
LUCK,2023-09-18,542.0,544.8,536.1,539.62,65193.0
LUCK,2023-09-19,543.69,543.69,535.0,537.14,42243.0
LUCK,2023-09-20,539.74,539.94,535.0,535.91,38215.0
LUCK,2023-09-21,537.68,559.0,535.05,550.08,480606.0
LUCK,2023-09-22,562.0,562.0,549.2,550.63,182247.0
LUCK,2023-09-25,549.0,557.99,546.01,556.08,185224.0
LUCK,2023-09-26,556.37,561.25,552.0,559.17,96699.0
LUCK,2023-09-27,561.9,565.0,554.1,560.57,264545.0
LUCK,2023-09-28,564.86,566.8,560.0,564.34,289922.0
LUCK,2023-10-02,566.0,566.98,561.5,564.41,355778.0
LUCK,2023-10-03,565.05,569.98,564.14,567.86,107305.0
LUCK,2023-10-04,566.0,571.4,565.25,569.79,131821.0
LUCK,2023-10-05,570.98,585.97,570.98,581.75,543549.0
LUCK,2023-10-06,583.99,583.99,576.6,580.18,74338.0
LUCK,2023-10-09,581.9,581.9,571.1,580.28,152817.0
LUCK,2023-10-10,583.0,589.0,580.2,582.74,127858.0
LUCK,2023-10-11,582.99,583.0,578.0,581.06,94306.0
LUCK,2023-10-12,581.0,590.24,580.6,585.08,252443.0
LUCK,2023-10-13,585.1,594.0,583.26,592.44,230267.0
LUCK,2023-10-16,592.45,596.25,585.26,587.71,147814.0
LUCK,2023-10-17,587.75,595.0,585.0,592.44,355337.0
LUCK,2023-10-18,590.0,597.9,590.0,595.93,584167.0
LUCK,2023-10-19,599.0,599.89,585.0,596.25,140611.0
LUCK,2023-10-20,596.25,609.98,596.25,605.25,501836.0
LUCK,2023-10-23,607.99,609.75,604.01,607.24,325149.0
LUCK,2023-10-24,604.5,609.95,601.2,609.34,179869.0
LUCK,2023-10-25,607.0,615.1,604.1,606.44,231056.0
LUCK,2023-10-26,609.9,613.2,607.02,609.36,133758.0
LUCK,2023-10-27,609.0,613.9,607.0,612.57,165113.0
LUCK,2023-10-30,616.51,635.5,616.51,632.77,834181.0
LUCK,2023-10-31,634.7,636.1,622.0,634.48,282880.0
LUCK,2023-11-01,636.0,639.1,627.0,638.05,144422.0
LUCK,2023-11-02,638.49,660.4,638.49,656.99,1100811.0
LUCK,2023-11-03,662.0,675.7,661.0,664.65,571900.0
LUCK,2023-11-06,670.0,697.5,665.52,693.02,2021377.0
LUCK,2023-11-07,697.0,721.3,697.0,719.18,2462291.0
LUCK,2023-11-08,722.0,730.0,713.0,718.42,963437.0
LUCK,2023-11-10,715.0,726.89,715.0,720.46,471517.0
LUCK,2023-11-13,724.9,742.5,718.14,740.47,3361343.0
LUCK,2023-11-14,740.0,742.5,727.5,730.51,676734.0
LUCK,2023-11-15,733.0,735.0,718.0,720.04,322895.0
LUCK,2023-11-16,724.0,729.49,715.0,717.01,1148854.0
LUCK,2023-11-17,721.98,721.98,696.17,698.19,1488809.0
LUCK,2023-11-20,697.0,704.0,678.0,681.73,198775.0
LUCK,2023-11-21,684.0,700.0,677.1,691.43,287561.0
LUCK,2023-11-22,695.0,721.0,680.02,716.28,622942.0
LUCK,2023-11-23,718.4,732.0,718.4,727.0,740312.0
LUCK,2023-11-24,728.1,731.98,716.0,717.69,616218.0
LUCK,2023-11-27,715.1,735.0,715.1,730.06,787142.0
LUCK,2023-11-28,731.05,774.0,731.05,761.29,1211459.0
LUCK,2023-11-29,770.0,795.0,746.01,756.49,1012419.0
LUCK,2023-11-30,760.0,790.0,760.0,786.98,1703620.0
LUCK,2023-12-01,790.0,821.0,778.0,818.48,1087043.0
LUCK,2023-12-04,821.0,830.0,800.0,814.38,901765.0
LUCK,2023-12-05,815.0,815.0,797.4,803.44,685811.0
LUCK,2023-12-06,805.0,815.0,804.8,808.9,397787.0
LUCK,2023-12-07,813.0,816.9,791.15,797.84,487629.0
LUCK,2023-12-08,800.0,800.1,792.0,794.1,433520.0
LUCK,2023-12-11,797.9,797.9,784.0,787.26,392034.0
LUCK,2023-12-12,787.0,810.0,786.1,807.98,521519.0
LUCK,2023-12-13,812.0,824.97,801.0,807.43,565497.0
LUCK,2023-12-14,810.0,815.02,797.0,812.81,201792.0
LUCK,2023-12-15,805.01,822.95,803.13,810.06,408502.0
LUCK,2023-12-18,815.0,816.89,795.15,797.34,334800.0
LUCK,2023-12-19,797.0,798.01,779.99,783.01,408098.0
LUCK,2023-12-20,789.99,789.99,748.05,767.5,494419.0
LUCK,2023-12-21,771.0,777.0,752.0,773.22,352825.0
LUCK,2023-12-22,776.0,777.0,761.1,764.27,86342.0
LUCK,2023-12-26,764.0,784.0,730.0,743.58,337223.0
LUCK,2023-12-27,738.02,764.0,731.5,761.16,362552.0
LUCK,2023-12-28,763.0,797.88,758.9,783.36,548039.0
LUCK,2023-12-29,785.0,791.9,773.01,786.98,299457.0
LUCK,2024-01-01,790.11,813.0,790.11,810.68,336708.0
LUCK,2024-01-02,812.99,817.97,795.13,800.12,367894.0
LUCK,2024-01-03,802.0,811.87,794.0,803.44,454598.0
LUCK,2024-01-04,806.5,806.94,788.5,794.39,464841.0
LUCK,2024-01-05,797.0,800.0,786.5,789.75,135389.0
LUCK,2024-01-08,786.0,794.0,784.98,786.81,241393.0
LUCK,2024-01-09,792.0,796.0,782.0,784.94,84690.0
LUCK,2024-01-10,789.8,791.47,777.0,780.77,124079.0
LUCK,2024-01-11,781.0,796.0,781.0,789.85,271791.0
LUCK,2024-01-12,790.0,804.9,784.0,788.06,578034.0
LUCK,2024-01-15,793.0,795.11,777.3,779.92,277798.0
LUCK,2024-01-16,780.0,784.0,770.01,772.46,122914.0
LUCK,2024-01-17,775.0,778.86,760.0,762.97,146828.0
LUCK,2024-01-18,769.4,769.4,745.0,751.13,165509.0
LUCK,2024-01-19,757.0,760.0,745.0,749.47,113375.0
LUCK,2024-01-22,756.99,756.99,745.5,750.65,56211.0
LUCK,2024-01-23,753.0,753.0,737.05,741.32,422233.0
LUCK,2024-01-24,742.9,764.85,740.02,750.17,405717.0
LUCK,2024-01-25,752.2,761.98,747.0,749.67,244876.0
LUCK,2024-01-26,752.1,760.89,741.0,743.72,334711.0
LUCK,2024-01-29,743.79,748.0,739.07,740.46,340467.0
LUCK,2024-01-30,744.98,745.0,730.1,733.26,283673.0
LUCK,2024-01-31,734.0,767.0,726.0,733.97,125804.0
LUCK,2024-02-01,741.0,746.67,717.0,727.13,341664.0
LUCK,2024-02-02,734.0,746.0,723.0,741.45,251072.0
LUCK,2024-02-06,743.1,751.0,741.5,749.49,213471.0
LUCK,2024-02-07,754.94,758.0,750.0,755.32,155916.0
LUCK,2024-02-09,746.1,754.0,720.0,747.01,310675.0
LUCK,2024-02-12,745.0,746.49,710.35,721.87,317638.0
LUCK,2024-02-13,710.5,727.9,698.0,722.71,499121.0
LUCK,2024-02-14,729.0,741.98,727.66,730.33,123083.0
LUCK,2024-02-15,738.0,738.87,720.01,723.24,142380.0
LUCK,2024-02-16,725.0,725.0,700.03,703.45,183662.0
LUCK,2024-02-19,704.0,718.0,693.8,710.62,139861.0
LUCK,2024-02-20,713.0,716.95,697.01,699.89,129391.0
LUCK,2024-02-21,705.01,728.0,705.01,725.72,182507.0
LUCK,2024-02-22,730.0,730.0,714.0,716.38,152491.0
LUCK,2024-02-23,720.0,741.0,710.0,728.56,413445.0
LUCK,2024-02-26,729.0,760.0,729.0,733.63,352438.0
LUCK,2024-02-27,733.0,743.5,730.0,736.35,224226.0
LUCK,2024-02-28,733.0,769.87,733.0,760.88,288583.0
LUCK,2024-02-29,755.0,780.0,749.0,752.38,268473.0
LUCK,2024-03-01,755.0,758.0,744.02,747.07,170588.0
LUCK,2024-03-04,756.0,764.99,748.72,763.88,181396.0
LUCK,2024-03-05,768.0,772.0,756.02,763.74,167621.0
LUCK,2024-03-06,765.0,768.0,757.06,758.78,100091.0
LUCK,2024-03-07,764.88,764.88,748.02,752.89,204927.0
LUCK,2024-03-08,752.89,769.0,752.0,757.98,93203.0
LUCK,2024-03-11,764.0,774.0,756.01,763.06,388908.0
LUCK,2024-03-12,768.99,768.99,755.0,758.71,143115.0
LUCK,2024-03-13,763.99,763.99,753.0,754.95,93099.0
LUCK,2024-03-14,710.53,769.0,710.53,765.1,165575.0
LUCK,2024-03-15,769.0,779.85,761.01,775.1,358248.0
LUCK,2024-03-18,774.74,778.89,757.86,761.75,83479.0
LUCK,2024-03-19,768.88,768.88,759.07,762.9,104882.0
LUCK,2024-03-20,769.0,769.77,757.86,762.3,47462.0
LUCK,2024-03-21,767.0,767.19,745.02,751.07,272994.0
LUCK,2024-03-22,756.9,761.99,745.04,747.35,47870.0
LUCK,2024-03-25,752.99,752.99,735.15,740.08,119932.0
LUCK,2024-03-26,749.4,754.0,743.0,750.82,46839.0
LUCK,2024-03-27,752.05,763.0,752.05,760.38,55438.0
LUCK,2024-03-28,761.0,772.1,761.0,769.71,89014.0
LUCK,2024-03-29,770.0,778.98,760.01,764.98,54348.0
LUCK,2024-04-01,756.1,772.0,753.32,756.65,74041.0
LUCK,2024-04-02,759.99,764.7,751.52,762.19,62737.0
LUCK,2024-04-03,762.0,799.95,757.01,798.66,316381.0
LUCK,2024-04-04,801.3,804.99,786.5,791.08,110907.0
LUCK,2024-04-08,792.0,801.0,783.04,799.64,116878.0
LUCK,2024-04-09,800.0,811.0,794.34,796.58,108312.0
LUCK,2024-04-15,789.55,804.0,788.85,799.62,138491.0
LUCK,2024-04-16,800.0,812.0,795.5,800.03,256560.0
LUCK,2024-04-17,800.03,809.0,797.3,804.15,134742.0
LUCK,2024-04-18,805.77,805.77,786.15,791.77,146719.0
LUCK,2024-04-19,797.0,797.0,787.0,788.52,53963.0
LUCK,2024-04-22,788.5,814.0,788.5,806.26,187168.0
LUCK,2024-04-23,806.0,834.9,806.0,826.19,383432.0
LUCK,2024-04-24,825.0,875.0,825.0,859.9,659963.0
LUCK,2024-04-25,843.0,873.97,843.0,847.51,232047.0
LUCK,2024-04-26,847.49,866.0,841.0,863.76,221777.0
LUCK,2024-04-29,867.5,870.7,842.0,846.67,128096.0
LUCK,2024-04-30,839.99,858.0,834.5,837.65,252683.0
LUCK,2024-05-02,838.1,855.0,832.05,836.73,447573.0
LUCK,2024-05-03,839.79,852.0,837.01,848.81,256691.0
LUCK,2024-05-06,855.0,864.9,850.0,860.0,274088.0
LUCK,2024-05-07,860.0,870.0,850.0,853.69,182509.0
LUCK,2024-05-08,857.99,858.79,840.21,842.11,54435.0
LUCK,2024-05-09,848.0,848.0,830.3,836.11,263201.0
LUCK,2024-05-10,844.0,874.0,841.0,862.23,560989.0
LUCK,2024-05-13,864.0,887.0,860.0,866.72,445005.0
LUCK,2024-05-14,870.0,882.0,869.0,879.57,311745.0
LUCK,2024-05-15,880.0,913.0,880.0,893.06,443988.0
LUCK,2024-05-16,893.98,902.0,887.01,891.94,221413.0
LUCK,2024-05-17,894.0,903.0,881.1,886.68,139452.0
LUCK,2024-05-20,889.9,899.0,870.6,884.08,264729.0
LUCK,2024-05-21,884.08,888.88,875.0,882.1,193024.0
LUCK,2024-05-22,865.75,884.9,865.75,875.89,274529.0
LUCK,2024-05-23,876.99,879.98,870.05,872.43,42404.0
LUCK,2024-05-24,873.0,901.0,871.79,890.48,241438.0
LUCK,2024-05-27,891.8,898.0,887.0,887.96,109209.0
LUCK,2024-05-29,890.0,893.0,881.16,886.48,235912.0
LUCK,2024-05-30,893.0,907.5,881.06,897.97,598327.0
LUCK,2024-05-31,897.97,902.8,892.0,898.85,193496.0
LUCK,2024-06-03,901.99,909.0,885.0,901.38,262561.0
LUCK,2024-06-04,902.0,919.0,895.04,908.78,588112.0
LUCK,2024-06-05,912.88,917.0,905.0,909.81,245445.0
LUCK,2024-06-06,909.79,922.98,907.0,915.06,273011.0
LUCK,2024-06-07,914.99,917.75,893.0,910.89,221783.0
LUCK,2024-06-10,921.0,921.01,899.0,902.27,298509.0
LUCK,2024-06-11,909.97,914.0,890.0,896.44,268849.0
LUCK,2024-06-12,901.99,906.9,888.0,890.52,251016.0
LUCK,2024-06-13,899.7,961.99,892.04,957.25,1082726.0
LUCK,2024-06-14,975.0,975.0,941.0,946.44,100018.0
LUCK,2024-06-20,950.15,966.0,950.0,951.05,165345.0
LUCK,2024-06-21,957.93,957.94,914.95,917.42,247404.0
LUCK,2024-06-24,905.51,917.41,897.0,900.35,130452.0
LUCK,2024-06-25,900.0,913.39,889.99,904.39,455950.0
LUCK,2024-06-26,904.4,913.45,900.0,901.99,133057.0
LUCK,2024-06-27,902.99,914.5,900.0,902.98,111105.0
LUCK,2024-06-28,910.0,911.4,895.01,906.73,81042.0
LUCK,2024-07-01,906.0,912.0,895.0,898.99,341903.0
LUCK,2024-07-02,900.0,909.88,900.0,901.65,194171.0
LUCK,2024-07-03,908.84,917.0,900.11,913.17,103739.0
LUCK,2024-07-04,912.99,939.0,912.0,926.13,383353.0
LUCK,2024-07-05,931.0,931.0,912.0,919.07,124806.0
LUCK,2024-07-08,916.0,937.99,916.0,928.17,171837.0
LUCK,2024-07-09,934.99,938.75,920.0,923.88,92486.0
LUCK,2024-07-10,920.8,929.87,908.2,910.45,70321.0
LUCK,2024-07-11,918.4,918.4,905.53,906.39,49481.0
LUCK,2024-07-12,901.82,909.9,890.11,903.24,65700.0
LUCK,2024-07-15,911.7,930.0,908.0,924.48,172639.0
LUCK,2024-07-18,925.0,930.0,920.13,927.63,46238.0
LUCK,2024-07-19,929.0,937.0,920.0,927.7,120286.0
LUCK,2024-07-22,921.0,927.7,899.9,909.67,146243.0
LUCK,2024-07-23,914.5,915.94,896.01,907.65,130416.0
LUCK,2024-07-24,908.99,914.88,901.0,912.61,35821.0
LUCK,2024-07-25,902.0,914.0,899.95,903.38,38839.0
LUCK,2024-07-26,904.0,909.9,891.1,900.72,112225.0
LUCK,2024-07-29,896.0,914.0,896.0,902.65,71928.0
LUCK,2024-07-30,907.0,909.79,894.07,895.34,48696.0
LUCK,2024-07-31,902.99,902.99,862.1,871.0,99298.0
LUCK,2024-08-01,889.77,889.77,852.26,880.74,108380.0
LUCK,2024-08-02,880.0,890.0,872.02,886.1,75702.0
LUCK,2024-08-05,899.98,900.0,861.2,869.69,77775.0
LUCK,2024-08-06,868.0,879.0,851.28,855.42,75301.0
LUCK,2024-08-07,848.0,864.0,848.0,856.47,80785.0
LUCK,2024-08-08,862.0,872.0,862.0,869.82,104008.0
LUCK,2024-08-09,880.0,885.5,870.0,879.46,188461.0
LUCK,2024-08-12,880.02,890.0,858.01,860.61,75059.0
LUCK,2024-08-13,861.0,871.0,851.2,868.44,47690.0
LUCK,2024-08-15,855.02,872.68,844.1,848.1,52423.0
LUCK,2024-08-16,850.0,875.89,850.0,864.76,53771.0
LUCK,2024-08-19,865.0,869.89,850.6,853.02,40874.0
LUCK,2024-08-20,855.55,856.0,839.01,849.52,38419.0
LUCK,2024-08-21,852.0,854.8,845.2,849.87,31554.0
LUCK,2024-08-22,856.97,864.99,850.01,861.81,56525.0
LUCK,2024-08-23,856.0,864.0,847.0,849.96,29739.0
LUCK,2024-08-26,850.0,857.0,838.03,839.96,24791.0
LUCK,2024-08-27,847.99,847.99,833.0,834.49,30752.0
LUCK,2024-08-28,830.0,834.8,827.0,830.1,40694.0
LUCK,2024-08-29,830.0,836.55,829.0,829.69,14635.0
LUCK,2024-08-30,830.0,835.0,828.51,829.78,19073.0
LUCK,2024-09-02,839.99,839.99,826.55,827.63,19952.0
LUCK,2024-09-03,830.0,830.0,821.01,827.44,13039.0
LUCK,2024-09-04,834.98,844.98,825.1,841.91,126252.0
LUCK,2024-09-05,845.0,845.0,832.7,841.42,52801.0
LUCK,2024-09-06,844.92,849.0,839.01,842.68,36093.0
LUCK,2024-09-09,848.0,860.0,841.04,853.52,32658.0
LUCK,2024-09-10,845.45,888.99,845.45,876.06,179821.0
LUCK,2024-09-11,885.2,888.0,871.02,878.98,289411.0
LUCK,2024-09-12,864.74,881.48,850.0,855.64,274866.0
LUCK,2024-09-13,867.88,872.0,850.06,851.68,219058.0
LUCK,2024-09-16,855.79,856.0,841.15,845.85,90724.0
LUCK,2024-09-18,847.0,860.02,847.0,855.44,128004.0
LUCK,2024-09-19,856.99,883.8,855.0,866.5,218039.0
LUCK,2024-09-20,879.49,900.2,860.7,891.26,796606.0
LUCK,2024-09-23,887.0,895.0,880.5,887.16,70106.0
LUCK,2024-09-24,893.99,893.99,875.0,885.14,239434.0
LUCK,2024-09-25,898.95,899.0,876.89,896.19,225962.0
LUCK,2024-09-26,900.0,902.89,885.1,890.82,257603.0
LUCK,2024-09-27,890.0,899.5,883.16,895.87,178960.0
LUCK,2024-09-30,899.9,899.9,880.0,884.04,265961.0
LUCK,2024-10-01,886.0,900.0,884.0,889.42,274590.0
LUCK,2024-10-02,898.93,898.93,871.11,895.11,320925.0
LUCK,2024-10-03,898.47,906.0,890.0,900.91,884628.0
LUCK,2024-10-04,905.84,944.0,900.0,932.24,835312.0
LUCK,2024-10-07,933.0,941.0,922.11,925.79,183827.0
LUCK,2024-10-08,926.0,935.0,896.0,904.84,666169.0
LUCK,2024-10-09,911.7,915.0,884.5,889.37,208110.0
LUCK,2024-10-10,889.0,889.11,871.0,873.79,398049.0
LUCK,2024-10-11,876.69,876.7,827.0,845.12,980211.0
LUCK,2024-10-14,845.99,850.5,830.65,844.58,381088.0
LUCK,2024-10-15,845.01,851.86,835.6,844.18,231507.0
LUCK,2024-10-16,847.0,853.96,839.2,840.54,74381.0
LUCK,2024-10-17,845.0,855.0,838.0,840.62,51916.0
LUCK,2024-10-18,844.9,846.99,833.0,837.74,50103.0
LUCK,2024-10-21,842.7,846.85,838.1,844.47,39577.0
LUCK,2024-10-22,847.0,873.0,840.0,866.53,235108.0
LUCK,2024-10-23,871.99,880.0,851.0,863.6,210643.0
LUCK,2024-10-24,863.64,892.0,863.6,890.04,398823.0
LUCK,2024-10-25,906.99,920.9,897.0,909.38,554860.0
LUCK,2024-10-28,915.0,944.99,902.0,916.06,277842.0
LUCK,2024-10-29,910.0,940.0,910.0,918.73,289848.0
LUCK,2024-10-30,921.0,928.9,890.01,900.73,199515.0
LUCK,2024-10-31,904.7,908.0,878.0,883.2,238326.0
LUCK,2024-11-01,886.99,938.96,879.0,922.41,289426.0
LUCK,2024-11-04,922.0,970.95,922.0,958.67,364382.0
LUCK,2024-11-05,973.9,993.0,963.0,986.76,413402.0
LUCK,2024-11-06,996.95,1018.0,986.0,1001.62,440970.0
LUCK,2024-11-07,1020.0,1030.0,1005.0,1016.11,121116.0
LUCK,2024-11-08,1019.99,1019.99,1000.0,1001.93,65897.0
LUCK,2024-11-11,1009.97,1016.0,986.0,993.73,170978.0
LUCK,2024-11-12,996.0,1004.98,988.0,989.71,150508.0
LUCK,2024-11-13,993.37,1023.0,989.0,1018.35,326372.0
LUCK,2024-11-14,1030.0,1047.0,1020.22,1041.31,328131.0
LUCK,2024-11-15,1044.99,1047.99,1027.0,1045.14,174331.0
LUCK,2024-11-18,1045.0,1060.0,1037.5,1058.29,357919.0
LUCK,2024-11-19,1010.16,1059.29,1010.16,1046.03,36753.0
LUCK,2024-11-20,1041.0,1055.0,1022.02,1027.94,448085.0
LUCK,2024-11-21,1010.2,1043.75,1010.2,1041.17,68353.0
LUCK,2024-11-22,1039.87,1050.16,1025.0,1026.89,300360.0
LUCK,2024-11-25,1027.0,1039.98,990.0,998.78,157170.0
LUCK,2024-11-26,998.77,998.77,925.0,948.07,576284.0
LUCK,2024-11-27,960.0,1040.0,959.9,995.71,486464.0
LUCK,2024-11-28,998.0,1030.0,995.0,1019.67,215710.0
LUCK,2024-11-29,1019.0,1031.4,1014.0,1019.55,63387.0
LUCK,2024-12-02,1025.0,1054.0,1019.55,1040.1,176187.0
LUCK,2024-12-03,1041.13,1061.9,1040.0,1058.19,405612.0
LUCK,2024-12-04,1058.19,1072.0,1045.0,1067.02,284601.0
LUCK,2024-12-05,1067.02,1121.0,1051.46,1118.88,488098.0
LUCK,2024-12-06,1120.01,1141.0,1100.0,1114.66,266819.0
LUCK,2024-12-09,1120.11,1218.97,1103.0,1167.13,288292.0
LUCK,2024-12-10,1194.99,1283.84,1157.0,1202.54,1022643.0
LUCK,2024-12-11,1210.0,1255.0,1205.0,1218.53,255483.0
LUCK,2024-12-12,1229.0,1260.0,1204.0,1225.08,594520.0
LUCK,2024-12-13,1225.0,1271.0,1215.05,1257.41,332665.0
LUCK,2024-12-16,1260.0,1270.0,1220.01,1238.84,559581.0
LUCK,2024-12-17,1225.0,1249.98,1175.0,1182.58,433497.0
LUCK,2024-12-18,1191.0,1198.0,1112.67,1135.69,296068.0
LUCK,2024-12-19,1125.0,1177.0,1050.0,1084.18,542495.0
LUCK,2024-12-20,1084.0,1120.99,1073.0,1107.43,281707.0
LUCK,2024-12-23,1125.0,1134.98,1051.0,1132.13,179862.0
LUCK,2024-12-24,1132.0,1152.0,1110.0,1115.79,143904.0
LUCK,2024-12-26,1116.1,1120.0,1060.0,1064.0,292070.0
LUCK,2024-12-27,1070.0,1088.0,1066.0,1071.2,171856.0
LUCK,2024-12-30,1080.0,1110.5,1055.0,1098.95,192193.0
LUCK,2024-12-31,1115.0,1140.0,1091.25,1100.49,363139.0
LUCK,2025-01-01,1114.85,1191.15,1099.0,1187.66,481170.0
LUCK,2025-01-02,1200.0,1230.0,1155.0,1192.45,362258.0
LUCK,2025-01-03,1219.0,1219.0,1101.01,1147.69,487084.0
LUCK,2025-01-06,1158.9,1165.98,1125.0,1148.2,183759.0
LUCK,2025-01-07,1151.0,1155.9,1098.0,1150.95,274356.0
LUCK,2025-01-08,1150.01,1172.0,1130.0,1134.54,178703.0
LUCK,2025-01-09,1137.0,1147.0,1091.94,1102.26,174588.0
LUCK,2025-01-10,1100.0,1124.7,1078.6,1094.74,215238.0
LUCK,2025-01-13,1096.03,1120.0,1096.03,1104.0,103194.0
LUCK,2025-01-14,1114.5,1124.0,1094.11,1116.52,150508.0
LUCK,2025-01-15,1105.1,1129.0,1099.0,1110.64,97947.0
LUCK,2025-01-16,1111.0,1111.0,1091.02,1099.15,87074.0
LUCK,2025-01-17,1098.0,1134.99,1090.4,1128.3,267300.0
LUCK,2025-01-20,1145.0,1145.0,1130.0,1132.96,84935.0
LUCK,2025-01-21,1132.0,1139.0,1098.0,1101.48,82978.0
LUCK,2025-01-22,1110.0,1119.0,1087.87,1097.44,150327.0
LUCK,2025-01-23,1109.99,1113.99,1098.75,1106.83,50224.0
LUCK,2025-01-24,1110.0,1130.0,1105.6,1109.15,117687.0
LUCK,2025-01-27,1110.0,1119.0,1091.0,1098.66,102444.0
LUCK,2025-01-28,1107.0,1118.99,1077.0,1084.82,355994.0
LUCK,2025-01-29,1086.0,1095.0,1073.1,1076.15,127451.0
LUCK,2025-01-30,1070.0,1119.0,1070.0,1113.72,594472.0
LUCK,2025-01-31,1150.0,1210.02,1140.0,1180.84,1070641.0
LUCK,2025-02-03,1184.0,1240.0,1178.21,1199.47,718482.0
LUCK,2025-02-04,1210.0,1217.99,1185.0,1195.75,342632.0
LUCK,2025-02-06,1195.0,1200.0,1175.0,1194.54,483790.0
LUCK,2025-02-07,1188.1,1215.0,1188.1,1209.34,83026.0
LUCK,2025-02-10,1211.0,1215.0,1190.2,1209.1,109996.0
LUCK,2025-02-11,1214.28,1228.0,1210.0,1218.59,249830.0
LUCK,2025-02-12,1218.59,1220.0,1206.9,1208.09,172098.0
LUCK,2025-02-13,1215.0,1250.0,1211.0,1242.15,1673924.0
LUCK,2025-02-14,1366.37,1366.37,1345.0,1366.37,536482.0
LUCK,2025-02-17,1367.0,1441.0,1360.0,1404.3,1017829.0
LUCK,2025-02-18,1410.0,1491.0,1381.02,1459.65,694511.0
LUCK,2025-02-19,1467.9,1474.0,1392.0,1402.17,535671.0
LUCK,2025-02-20,1400.0,1450.0,1380.0,1395.92,645471.0
LUCK,2025-02-21,1535.51,1535.51,1405.0,1422.52,2132716.0
LUCK,2025-02-24,1401.0,1471.99,1371.1,1449.37,1462920.0
LUCK,2025-02-25,1460.0,1480.0,1440.0,1456.28,421255.0
LUCK,2025-02-26,1458.0,1475.98,1450.0,1459.93,249738.0
LUCK,2025-02-27,1467.0,1469.89,1433.0,1436.93,159380.0
LUCK,2025-02-28,1444.9,1444.9,1406.1,1424.16,187308.0
LUCK,2025-03-03,1415.25,1434.0,1409.0,1412.72,161766.0
LUCK,2025-03-04,1413.01,1439.9,1413.01,1428.76,194218.0
LUCK,2025-03-05,1433.0,1460.0,1429.0,1434.31,284831.0
LUCK,2025-03-06,1437.1,1450.0,1432.75,1434.93,178135.0
LUCK,2025-03-07,1439.99,1457.88,1434.0,1448.95,323720.0
LUCK,2025-03-10,1450.0,1463.0,1440.0,1448.49,129248.0
LUCK,2025-03-11,1448.0,1450.0,1432.0,1438.29,131405.0
LUCK,2025-03-12,1442.0,1444.0,1428.0,1430.9,83982.0
LUCK,2025-03-13,1434.0,1484.0,1434.0,1471.33,441742.0
LUCK,2025-03-14,1490.0,1490.0,1455.6,1464.11,420086.0
LUCK,2025-03-17,1469.99,1499.0,1465.0,1492.99,415549.0
LUCK,2025-03-18,1500.0,1525.0,1492.55,1516.8,524935.0
LUCK,2025-03-19,1515.0,1545.0,1490.0,1534.62,578664.0
LUCK,2025-03-20,1547.99,1570.0,1540.2,1549.49,554306.0
LUCK,2025-03-21,1551.1,1560.0,1520.05,1527.79,166226.0
LUCK,2025-03-24,1538.0,1542.0,1489.0,1496.45,242494.0
LUCK,2025-03-25,1496.0,1507.25,1473.0,1497.87,153127.0
LUCK,2025-03-26,1510.0,1515.0,1480.0,1491.28,212439.0
LUCK,2025-03-27,1486.01,1518.0,1480.2,1496.6,265302.0
LUCK,2025-04-03,1490.0,1529.89,1486.01,1516.26,292519.0
LUCK,2025-04-04,1515.0,1529.95,1497.0,1501.41,311559.0
LUCK,2025-04-07,1490.0,1500.0,1412.0,1476.06,586054.0
LUCK,2025-04-08,1500.01,1621.8,1494.0,1574.15,2063508.0
LUCK,2025-04-09,1580.0,1580.0,1541.0,1560.98,605409.0
LUCK,2025-04-10,1603.0,1626.0,1580.01,1601.83,796980.0
LUCK,2025-04-11,1590.0,1614.0,1578.0,1602.95,456102.0
LUCK,2025-04-14,1615.5,1699.0,1605.1,1689.59,1028009.0
LUCK,2025-04-15,1700.0,1747.0,1675.0,1716.23,1150692.0
LUCK,2025-04-16,1720.0,1771.0,1710.0,1725.54,756955.0
LUCK,2025-04-17,1732.0,1759.9,1727.0,1738.3,447747.0
LUCK,2025-04-18,1748.8,1796.0,1738.0,1751.45,1109330.0
LUCK,2025-04-28,365.0,383.25,355.13,358.88,9953480.0
LUCK,2025-04-29,358.0,363.98,335.0,349.16,7838604.0
LUCK,2025-04-30,340.0,343.94,325.0,327.29,5286939.0
LUCK,2025-05-02,336.1,342.0,333.0,336.8,4552166.0
LUCK,2025-05-05,337.0,340.0,328.0,335.01,3188998.0
LUCK,2025-05-06,339.31,339.31,320.0,323.31,2354625.0
LUCK,2025-05-07,300.01,318.44,296.0,304.92,7169114.0
LUCK,2025-05-08,306.11,317.95,274.43,287.68,7396858.0
LUCK,2025-05-09,295.0,309.0,280.15,307.07,3642443.0
LUCK,2025-05-12,337.78,337.78,337.78,337.78,876832.0
LUCK,2025-05-13,351.0,354.99,337.8,351.19,6259987.0
LUCK,2025-05-14,364.95,364.95,343.0,351.1,5816281.0
LUCK,2025-05-15,351.1,354.0,343.0,347.49,2643581.0
LUCK,2025-05-16,349.0,349.0,341.5,342.37,1051595.0
LUCK,2025-05-19,345.0,347.0,335.1,338.15,1389149.0
LUCK,2025-05-20,339.0,346.0,332.82,337.17,1331099.0
LUCK,2025-05-21,336.99,338.09,333.6,335.39,1037102.0
LUCK,2025-05-22,335.51,336.88,323.52,324.99,1883910.0
LUCK,2025-05-23,326.96,330.49,320.05,324.82,917946.0
LUCK,2025-05-26,321.01,327.82,321.01,322.88,495875.0
LUCK,2025-05-27,325.01,329.79,319.5,324.23,2294998.0
LUCK,2025-05-29,325.97,339.9,324.75,333.38,2756891.0
LUCK,2025-05-30,335.44,338.0,333.5,335.62,827975.0
LUCK,2025-06-02,336.05,339.85,330.0,331.77,984536.0
LUCK,2025-06-03,335.0,343.5,334.0,339.26,2955173.0
LUCK,2025-06-04,343.0,348.1,341.5,345.61,3330662.0
LUCK,2025-06-05,345.61,347.5,340.62,342.06,816940.0
LUCK,2025-06-10,343.0,343.01,334.85,335.48,1141529.0
LUCK,2025-06-11,345.0,354.0,340.11,352.13,5565026.0
LUCK,2025-06-12,355.0,374.0,352.01,356.0,9603356.0
LUCK,2025-06-13,348.0,351.0,341.5,345.72,3402914.0
LUCK,2025-06-16,345.72,351.99,339.96,340.85,2370083.0
LUCK,2025-06-17,341.01,344.0,334.0,335.23,1633824.0
LUCK,2025-06-18,336.0,336.5,328.7,331.53,2056615.0
LUCK,2025-06-19,331.5,337.01,325.0,328.45,2994913.0
LUCK,2025-06-20,327.88,332.9,326.0,329.93,761312.0
LUCK,2025-06-23,320.2,326.89,315.0,316.66,1695746.0
LUCK,2025-06-24,335.5,347.95,331.11,346.42,4684225.0
LUCK,2025-06-25,348.0,349.5,345.0,347.74,1642530.0
LUCK,2025-06-26,347.75,351.0,340.39,341.28,1506811.0
LUCK,2025-06-27,342.6,365.0,341.28,355.89,6413957.0
LUCK,2025-06-30,357.1,359.0,353.01,355.24,1632314.0
LUCK,2025-07-01,357.0,357.0,347.98,349.76,2143278.0
LUCK,2025-07-02,350.0,353.9,348.0,348.8,989113.0
LUCK,2025-07-03,349.97,355.5,348.07,349.66,1500526.0
LUCK,2025-07-04,352.99,354.5,350.0,353.08,962543.0
LUCK,2025-07-07,354.99,358.0,352.0,356.59,1531676.0
LUCK,2025-07-08,358.0,359.63,352.07,355.03,1740065.0
LUCK,2025-07-09,356.49,357.0,350.25,352.42,1014954.0
LUCK,2025-07-10,354.0,354.25,350.0,353.38,1390682.0
LUCK,2025-07-11,354.44,359.9,351.5,351.98,1637078.0
LUCK,2025-07-14,353.0,355.8,350.75,353.19,1083505.0
LUCK,2025-07-15,354.0,356.0,349.0,349.87,1176731.0
LUCK,2025-07-16,350.0,351.1,345.0,349.62,867656.0
LUCK,2025-07-17,350.95,359.1,349.0,358.3,2044005.0
LUCK,2025-07-18,358.51,374.85,354.72,358.71,5228348.0
LUCK,2025-07-21,358.5,365.0,356.0,357.73,987508.0
LUCK,2025-07-22,358.0,361.0,355.61,357.08,1121102.0
LUCK,2025-07-23,358.0,360.0,355.5,356.77,771597.0
LUCK,2025-07-24,357.02,359.45,353.0,353.49,688855.0
LUCK,2025-07-25,353.2,360.0,352.01,358.54,931294.0
LUCK,2025-07-28,361.89,373.24,361.74,369.3,3333943.0
LUCK,2025-07-29,370.0,374.89,357.81,361.88,4317828.0
LUCK,2025-07-30,363.99,364.99,351.0,356.43,1928440.0
LUCK,2025-07-31,358.0,362.35,352.5,356.95,855949.0
LUCK,2025-08-01,358.0,362.1,355.0,359.91,1168697.0
LUCK,2025-08-04,364.97,374.0,363.51,372.11,2876974.0
LUCK,2025-08-05,372.11,377.85,371.99,374.94,3163979.0
LUCK,2025-08-06,377.5,382.51,375.16,380.83,3126789.0
LUCK,2025-08-07,381.01,384.4,376.2,382.29,2162742.0
LUCK,2025-08-08,380.0,386.9,370.2,374.73,1639040.0
LUCK,2025-08-11,374.0,382.4,372.0,375.88,1875675.0
LUCK,2025-08-12,378.97,381.25,376.51,378.4,1139433.0
LUCK,2025-08-13,380.11,387.0,379.01,385.42,1860408.0
OGDC,2004-01-19,52.6,53.4,52.0,52.05,31456000.0
OGDC,2004-01-20,52.05,51.85,51.0,51.45,13285500.0
OGDC,2004-01-21,51.45,53.4,51.55,53.1,46880000.0
OGDC,2004-01-22,53.1,53.85,53.05,53.1,32411100.0
OGDC,2004-01-23,53.1,53.4,52.5,52.65,19969400.0
OGDC,2004-01-26,52.65,52.95,50.75,50.95,17757400.0
OGDC,2004-01-27,50.95,53.0,50.8,52.95,43260500.0
OGDC,2004-01-28,52.95,53.7,52.9,53.6,4097700.0
OGDC,2004-01-29,53.6,53.9,53.0,53.85,5784700.0
OGDC,2004-01-30,53.85,54.3,53.65,53.75,5937100.0
OGDC,2004-02-06,53.75,54.0,53.1,53.85,1500200.0
OGDC,2004-02-09,53.85,53.85,52.8,53.05,2692000.0
OGDC,2004-02-10,52.05,54.2,51.7,53.75,48592600.0
OGDC,2004-02-11,53.75,54.65,53.75,53.75,52295400.0
OGDC,2004-02-12,53.75,53.4,51.8,51.95,52162200.0
OGDC,2004-02-13,51.95,52.6,51.55,52.45,23402500.0
OGDC,2004-02-16,52.45,53.1,52.05,52.1,22495500.0
OGDC,2004-02-17,52.1,52.6,51.6,52.1,34198900.0
OGDC,2004-02-18,52.1,52.8,52.15,52.25,18225300.0
OGDC,2004-02-19,52.25,52.7,51.9,52.0,16316700.0
OGDC,2004-02-20,52.0,52.25,51.05,51.15,15841600.0
OGDC,2004-02-23,51.15,51.2,48.8,48.95,23377500.0
OGDC,2004-02-24,48.95,50.3,48.65,50.2,30538200.0
OGDC,2004-02-25,50.2,50.5,48.8,50.3,42987800.0
OGDC,2004-02-26,50.3,51.55,50.1,51.2,37766600.0
OGDC,2004-02-27,51.2,51.75,50.85,51.45,23676700.0
OGDC,2004-03-03,51.45,52.55,51.25,52.4,33331100.0
OGDC,2004-03-04,52.4,53.4,52.7,52.75,39597300.0
OGDC,2004-03-05,52.75,52.9,52.35,52.5,12005200.0
OGDC,2004-03-08,52.5,53.4,52.55,53.2,32500100.0
OGDC,2004-03-09,53.2,53.55,52.4,52.5,31845800.0
OGDC,2004-03-10,52.5,52.95,52.2,52.55,27232600.0
OGDC,2004-03-11,52.55,53.25,52.35,53.2,20438000.0
OGDC,2004-03-12,53.2,53.65,53.15,53.25,27798300.0
OGDC,2004-03-15,53.25,54.4,53.25,54.2,58523200.0
OGDC,2004-03-16,54.2,54.55,53.9,54.15,47052100.0
OGDC,2004-03-17,54.15,54.9,54.1,54.85,65417000.0
OGDC,2004-03-18,54.85,55.05,54.35,54.45,28532000.0
OGDC,2004-03-19,54.45,54.95,54.3,54.4,22096500.0
OGDC,2004-03-22,54.4,56.55,54.5,56.35,130536000.0
OGDC,2004-03-24,56.35,60.0,56.25,59.05,169590800.0
OGDC,2004-03-25,59.05,59.5,58.4,58.7,60226200.0
OGDC,2004-03-26,58.7,59.05,58.1,58.25,25964800.0
OGDC,2004-03-29,58.25,59.75,58.3,59.2,103254400.0
OGDC,2004-03-30,59.2,61.2,59.5,60.7,138882300.0
OGDC,2004-03-31,60.7,61.05,60.2,60.95,59340500.0
OGDC,2004-04-01,60.95,61.75,60.95,61.3,78537000.0
OGDC,2004-04-02,61.3,61.85,61.05,61.45,56502800.0
OGDC,2004-04-05,61.45,62.25,61.55,61.6,54723100.0
OGDC,2004-04-06,61.6,63.45,61.3,63.2,103329700.0
OGDC,2004-04-07,63.2,64.35,62.75,63.55,124347500.0
OGDC,2004-04-08,63.55,64.5,63.65,63.9,80883100.0
OGDC,2004-04-09,63.9,64.4,62.2,63.95,60215300.0
OGDC,2004-04-12,63.95,64.95,64.25,64.35,50540700.0
OGDC,2004-04-13,64.35,65.4,63.7,64.5,101971500.0
OGDC,2004-04-14,64.5,65.8,64.75,65.0,94775200.0
OGDC,2004-04-15,65.0,65.75,65.25,65.3,32858900.0
OGDC,2004-04-16,65.3,68.85,65.45,67.9,197800900.0
OGDC,2004-04-19,67.9,70.75,69.15,69.7,119774600.0
OGDC,2004-04-20,69.7,69.9,68.65,69.4,60532600.0
OGDC,2004-04-21,69.4,70.7,66.6,67.15,181105000.0
OGDC,2004-04-22,67.15,72.15,65.9,71.25,115387100.0
OGDC,2004-04-23,71.25,71.65,67.7,67.7,141155600.0
OGDC,2004-04-26,67.7,68.0,65.55,66.9,62645700.0
OGDC,2004-04-27,66.9,69.7,67.0,68.8,148389200.0
OGDC,2004-04-28,68.8,69.45,66.0,68.7,127169300.0
OGDC,2004-04-29,68.7,69.2,67.25,67.55,77575500.0
OGDC,2004-04-30,67.55,68.35,66.7,67.75,52697800.0
OGDC,2004-05-04,67.75,69.15,68.0,68.65,59599300.0
OGDC,2004-05-05,68.65,69.6,68.85,68.95,63796200.0
OGDC,2004-05-06,68.95,69.7,69.0,69.1,38025000.0
OGDC,2004-05-07,69.1,69.7,68.6,69.4,68168800.0
OGDC,2004-05-10,69.4,69.75,68.1,68.1,47227100.0
OGDC,2004-05-11,68.1,68.3,67.5,67.8,29090900.0
OGDC,2004-05-12,67.8,68.4,66.45,66.5,42101500.0
OGDC,2004-05-13,66.5,67.2,66.15,67.15,40221800.0
OGDC,2004-05-14,67.15,67.9,66.9,67.65,25745500.0
OGDC,2004-05-17,67.65,68.3,67.0,67.55,35557700.0
OGDC,2004-05-18,67.55,67.6,66.15,66.35,32025300.0
OGDC,2004-05-19,66.35,67.15,66.45,66.85,28108200.0
OGDC,2004-05-20,66.85,68.4,67.05,68.0,69807500.0
OGDC,2004-05-21,68.0,69.25,68.15,68.85,76236800.0
OGDC,2004-05-24,68.85,69.15,67.9,67.95,24471100.0
OGDC,2004-05-25,67.95,68.2,67.6,67.9,914500.0
OGDC,2004-05-26,67.9,68.6,67.9,68.25,2787800.0
OGDC,2004-05-27,68.25,68.5,68.05,68.35,832000.0
OGDC,2004-05-28,68.35,69.15,68.4,68.95,3194400.0
OGDC,2004-05-31,68.95,70.1,68.35,69.35,7080700.0
OGDC,2004-06-01,67.6,67.6,66.8,67.2,27615300.0
OGDC,2004-06-02,67.2,68.5,67.5,67.8,54105000.0
OGDC,2004-06-03,67.8,68.0,64.5,64.75,38287000.0
OGDC,2004-06-04,64.75,66.25,65.1,66.05,19244100.0
OGDC,2004-06-07,66.05,66.7,66.1,66.45,13338600.0
OGDC,2004-06-08,66.45,66.55,65.75,66.45,14571200.0
OGDC,2004-06-09,66.45,67.45,66.75,66.8,31984900.0
OGDC,2004-06-10,66.8,66.7,64.6,65.35,33125300.0
OGDC,2004-06-11,65.35,65.65,64.95,65.4,14543200.0
OGDC,2004-06-14,65.4,64.0,62.15,63.1,26821100.0
OGDC,2004-06-15,63.1,65.3,63.55,65.1,51787300.0
OGDC,2004-06-16,65.1,65.3,64.35,64.65,24357700.0
OGDC,2004-06-17,64.65,64.65,63.85,64.0,11768500.0
OGDC,2004-06-18,64.0,64.5,62.75,63.95,24222500.0
OGDC,2004-06-21,63.95,64.0,61.0,61.7,31840900.0
OGDC,2004-06-22,61.7,62.45,61.25,62.05,26238600.0
OGDC,2004-06-23,62.05,62.45,60.8,62.0,29832300.0
OGDC,2004-06-24,62.0,62.55,61.8,62.45,16466000.0
OGDC,2004-06-25,62.45,62.45,61.55,61.65,17625900.0
OGDC,2004-06-28,61.65,64.05,62.15,64.0,42675300.0
OGDC,2004-06-29,64.0,64.25,62.85,63.6,53158900.0
OGDC,2004-06-30,63.6,65.05,63.25,64.5,83093100.0
OGDC,2004-07-01,64.5,66.4,64.2,66.4,69703600.0
OGDC,2004-07-02,66.4,66.65,65.7,66.0,44023800.0
OGDC,2004-07-05,66.0,67.9,66.3,67.45,52063500.0
OGDC,2004-07-06,67.45,67.65,66.9,66.95,24390300.0
OGDC,2004-07-07,66.95,67.3,66.65,66.95,16769100.0
OGDC,2004-07-08,66.95,67.7,66.9,67.05,30219900.0
OGDC,2004-07-09,67.05,67.45,66.8,67.1,22792400.0
OGDC,2004-07-12,67.1,67.6,67.1,67.4,14514700.0
OGDC,2004-07-13,67.4,67.6,67.05,67.15,17298500.0
OGDC,2004-07-14,67.15,68.05,67.1,67.35,42536800.0
OGDC,2004-07-15,67.35,67.4,66.8,66.85,14995300.0
OGDC,2004-07-16,66.85,67.05,66.0,66.05,13411600.0
OGDC,2004-07-19,66.05,66.35,65.75,65.75,5462500.0
OGDC,2004-07-20,65.75,66.6,65.3,66.55,14663300.0
OGDC,2004-07-21,66.55,67.4,66.0,66.9,31172700.0
OGDC,2004-07-22,66.9,67.7,66.85,66.85,39320000.0
OGDC,2004-07-23,66.85,67.1,66.55,66.6,7838200.0
OGDC,2004-07-26,66.6,66.8,65.75,66.0,7737700.0
OGDC,2004-07-27,66.0,66.2,65.1,65.75,9072900.0
OGDC,2004-07-28,65.75,66.3,65.6,66.05,9857600.0
OGDC,2004-07-29,66.05,66.4,64.95,65.25,16639200.0
OGDC,2004-07-30,65.25,65.7,64.6,64.9,19877200.0
OGDC,2004-08-02,64.9,64.65,62.65,62.7,24383400.0
OGDC,2004-08-03,62.7,63.45,61.95,62.8,26169300.0
OGDC,2004-08-04,62.8,64.3,63.0,63.9,25396900.0
OGDC,2004-08-05,63.9,64.1,63.25,63.55,7487400.0
OGDC,2004-08-06,63.55,64.0,62.8,63.85,13412000.0
OGDC,2004-08-09,63.85,64.75,63.6,64.3,13754100.0
OGDC,2004-08-10,64.3,65.85,64.3,65.35,55405500.0
OGDC,2004-08-11,65.35,65.85,65.2,65.25,16688700.0
OGDC,2004-08-12,65.25,65.6,64.85,64.85,11215000.0
OGDC,2004-08-13,64.85,65.5,64.8,65.3,9458900.0
OGDC,2004-08-16,65.3,65.7,65.25,65.5,8060400.0
OGDC,2004-08-17,65.5,66.55,65.2,66.5,38083200.0
OGDC,2004-08-18,66.5,67.1,66.4,67.05,35464800.0
OGDC,2004-08-19,67.05,67.3,66.15,66.25,32172400.0
OGDC,2004-08-20,66.25,66.7,65.95,66.55,14779300.0
OGDC,2004-08-23,66.55,66.75,66.1,66.1,7672500.0
OGDC,2004-08-24,66.1,66.4,65.25,65.6,15907600.0
OGDC,2004-08-25,65.6,65.75,64.7,65.25,16854100.0
OGDC,2004-08-26,65.25,66.0,65.15,66.0,13563800.0
OGDC,2004-08-27,66.0,66.15,65.7,65.8,10506700.0
OGDC,2004-08-30,65.8,65.9,64.85,65.0,10807200.0
OGDC,2004-08-31,65.0,65.4,64.5,65.2,14496500.0
OGDC,2004-09-01,65.2,65.4,64.7,64.75,4788300.0
OGDC,2004-09-02,64.75,64.9,64.45,64.75,4428000.0
OGDC,2004-09-03,64.75,65.4,64.65,64.9,13010900.0
OGDC,2004-09-06,64.9,64.7,63.15,63.7,15285900.0
OGDC,2004-09-07,63.7,64.05,62.7,63.55,14208200.0
OGDC,2004-09-08,63.55,64.25,63.6,63.6,11495200.0
OGDC,2004-09-09,63.6,63.75,63.0,63.5,13009300.0
OGDC,2004-09-10,63.5,63.5,62.8,63.25,9753900.0
OGDC,2004-09-13,63.25,63.25,62.2,62.25,9519800.0
OGDC,2004-09-14,62.25,62.35,61.25,61.65,23515900.0
OGDC,2004-09-15,61.65,61.9,59.0,59.1,36040900.0
OGDC,2004-09-16,59.1,60.75,59.6,60.65,37994200.0
OGDC,2004-09-17,60.65,61.05,59.15,59.8,23450900.0
OGDC,2004-09-20,59.8,60.25,59.3,59.9,14414600.0
OGDC,2004-09-21,59.9,60.2,59.15,59.15,9385200.0
OGDC,2004-09-22,59.15,59.3,57.9,58.4,21409200.0
OGDC,2004-09-23,58.4,59.55,58.1,59.15,29191200.0
OGDC,2004-09-24,59.15,60.35,59.25,60.3,31980400.0
OGDC,2004-09-27,60.3,61.05,60.25,60.6,22062400.0
OGDC,2004-09-28,60.6,61.9,60.9,61.8,46461300.0
OGDC,2004-09-29,61.8,62.7,61.8,62.7,35335600.0
OGDC,2004-09-30,62.7,63.65,62.75,63.05,38226200.0
OGDC,2004-10-01,63.05,65.1,62.55,64.6,98453100.0
OGDC,2004-10-04,64.6,65.25,64.55,64.6,46131400.0
OGDC,2004-10-05,64.6,64.75,63.8,63.95,22917000.0
OGDC,2004-10-06,63.95,65.75,64.0,65.65,66251400.0
OGDC,2004-10-07,65.65,65.95,65.3,65.4,55433900.0
OGDC,2004-10-08,65.4,66.15,65.3,65.55,45838000.0
OGDC,2004-10-11,65.55,66.25,65.55,65.85,2156100.0
OGDC,2004-10-12,65.85,66.5,65.85,66.5,3832200.0
OGDC,2004-10-13,66.5,66.75,66.1,66.3,2043100.0
OGDC,2004-10-14,66.3,67.6,66.35,67.6,6820700.0
OGDC,2004-10-15,67.6,67.95,66.9,67.45,1210400.0
OGDC,2004-10-18,66.2,66.7,64.9,65.0,16506300.0
OGDC,2004-10-19,65.0,66.9,64.25,66.85,51715200.0
OGDC,2004-10-20,66.85,67.2,66.1,66.15,26366400.0
OGDC,2004-10-21,66.15,66.85,65.9,66.15,29567900.0
OGDC,2004-10-22,66.15,66.55,65.9,66.35,20300000.0
OGDC,2004-10-25,66.35,67.8,66.7,67.2,55241800.0
OGDC,2004-10-26,67.2,67.4,66.2,66.55,32780300.0
OGDC,2004-10-27,66.55,67.45,65.9,66.65,43644400.0
OGDC,2004-10-28,66.65,66.8,66.05,66.35,12493000.0
OGDC,2004-10-29,66.35,66.4,65.55,65.75,13222700.0
OGDC,2004-11-01,65.75,66.0,64.75,64.85,11945100.0
OGDC,2004-11-02,64.85,65.95,64.45,65.8,16689700.0
OGDC,2004-11-03,65.8,66.7,65.65,65.8,26661100.0
OGDC,2004-11-04,65.8,66.45,65.7,66.05,15084300.0
OGDC,2004-11-05,66.05,66.2,65.7,66.2,7516600.0
OGDC,2004-11-08,66.2,66.5,66.0,66.25,9065100.0
OGDC,2004-11-10,66.25,66.5,66.05,66.3,11718300.0
OGDC,2004-11-12,66.3,67.0,66.3,66.6,17626200.0
OGDC,2004-11-18,66.6,66.7,65.65,66.2,17600100.0
OGDC,2004-11-19,66.2,66.65,65.9,66.2,32110200.0
OGDC,2004-11-22,66.2,66.15,65.65,65.85,12379600.0
OGDC,2004-11-23,65.85,66.55,66.05,66.2,14843000.0
OGDC,2004-11-24,66.2,66.75,66.3,66.5,25576900.0
OGDC,2004-11-25,66.5,66.5,66.0,66.1,11053500.0
OGDC,2004-11-26,66.1,67.0,65.9,66.65,36858700.0
OGDC,2004-11-29,66.65,67.05,66.5,66.8,24966700.0
OGDC,2004-11-30,66.8,67.3,66.8,66.95,26983000.0
OGDC,2004-12-01,66.95,67.15,66.75,66.75,10146300.0
OGDC,2004-12-02,66.75,66.75,66.25,66.35,9546200.0
OGDC,2004-12-03,66.35,66.6,66.05,66.25,7933500.0
OGDC,2004-12-06,66.25,66.8,66.05,66.7,20804200.0
OGDC,2004-12-07,66.7,67.0,66.65,67.0,1034000.0
OGDC,2004-12-08,67.0,67.2,66.65,66.95,1747900.0
OGDC,2004-12-09,66.95,67.5,66.75,67.25,2461400.0
OGDC,2004-12-10,67.25,67.7,66.75,66.95,2046000.0
OGDC,2004-12-13,66.95,67.85,67.0,67.6,2577400.0
OGDC,2004-12-14,66.1,66.75,66.1,66.25,14582600.0
OGDC,2004-12-15,66.25,67.0,66.15,66.65,22573300.0
OGDC,2004-12-16,66.65,67.25,66.4,66.7,20465000.0
OGDC,2004-12-17,66.7,67.4,66.3,67.0,37435400.0
OGDC,2004-12-20,67.0,67.65,67.2,67.4,36800500.0
OGDC,2004-12-21,67.4,68.25,67.3,67.9,55414200.0
OGDC,2004-12-22,67.9,71.15,67.95,70.8,181348600.0
OGDC,2004-12-23,70.8,71.75,70.55,71.4,101742100.0
OGDC,2004-12-24,71.4,74.0,71.0,73.25,136061300.0
OGDC,2004-12-27,73.25,73.9,72.1,72.55,48964500.0
OGDC,2004-12-28,72.55,73.65,71.75,73.05,58412600.0
OGDC,2004-12-29,73.05,73.5,72.8,72.95,22471000.0
OGDC,2004-12-30,72.95,74.25,71.85,72.2,80622400.0
OGDC,2004-12-31,72.2,75.35,72.3,74.95,180022800.0
OGDC,2005-01-03,74.95,75.3,74.1,74.35,42929500.0
OGDC,2005-01-04,74.35,74.75,73.6,74.5,44469100.0
OGDC,2005-01-05,74.5,75.65,74.0,74.2,62908200.0
OGDC,2005-01-06,74.2,74.75,74.0,74.35,28021000.0
OGDC,2005-01-07,74.35,74.4,71.05,72.6,40568800.0
OGDC,2005-01-10,72.6,74.3,72.6,73.5,44329100.0
OGDC,2005-01-11,73.5,79.0,73.7,79.0,207292700.0
OGDC,2005-01-12,79.0,80.9,77.45,77.65,125842400.0
OGDC,2005-01-13,77.65,77.9,73.8,73.8,64648500.0
OGDC,2005-01-14,73.8,77.95,72.6,76.7,145842400.0
OGDC,2005-01-17,76.7,77.75,75.75,77.0,58810400.0
OGDC,2005-01-18,77.0,77.65,76.4,76.5,27064800.0
OGDC,2005-01-19,76.5,79.7,76.55,79.05,138336400.0
OGDC,2005-01-24,79.05,81.4,79.6,80.4,113329000.0
OGDC,2005-01-25,80.4,82.9,80.95,82.3,171975100.0
OGDC,2005-01-26,82.3,83.4,81.6,81.75,87525800.0
OGDC,2005-01-27,81.75,82.9,80.85,82.15,56463600.0
OGDC,2005-01-28,82.15,83.9,79.3,80.7,116494700.0
OGDC,2005-01-31,80.7,81.75,79.15,81.0,34997800.0
OGDC,2005-02-01,81.0,83.45,81.35,82.6,75432900.0
OGDC,2005-02-02,82.6,84.6,82.95,84.3,112396300.0
OGDC,2005-02-03,84.3,86.55,84.6,85.45,106967900.0
OGDC,2005-02-04,85.45,85.7,84.15,84.4,29856300.0
OGDC,2005-02-07,84.4,88.4,84.45,87.75,172983600.0
OGDC,2005-02-08,87.75,88.95,87.3,88.1,96287800.0
OGDC,2005-02-09,88.1,88.5,85.0,87.55,56859600.0
OGDC,2005-02-10,87.55,89.0,86.1,88.3,123868700.0
OGDC,2005-02-11,88.3,89.65,87.8,88.5,74837000.0
OGDC,2005-02-14,88.5,90.7,88.7,90.15,103018300.0
OGDC,2005-02-15,90.15,90.25,89.0,89.75,36162700.0
OGDC,2005-02-16,89.75,93.15,90.35,92.15,178691800.0
OGDC,2005-02-17,92.15,94.25,92.9,94.0,94529600.0
OGDC,2005-02-18,94.0,99.95,93.6,97.95,207233900.0
OGDC,2005-02-21,97.95,100.8,98.25,99.8,104954400.0
OGDC,2005-02-22,99.8,101.15,98.3,99.9,103289600.0
OGDC,2005-02-23,99.9,107.35,98.9,107.35,217511000.0
OGDC,2005-02-24,107.35,115.4,109.0,115.4,223334000.0
OGDC,2005-02-25,115.4,123.5,114.0,118.85,290665200.0
OGDC,2005-02-28,118.85,119.75,116.25,117.55,75083000.0
OGDC,2005-03-01,117.55,123.9,117.65,122.5,160902200.0
OGDC,2005-03-02,122.5,127.8,118.55,118.75,164043200.0
OGDC,2005-03-03,118.75,127.65,118.5,127.65,114908700.0
OGDC,2005-03-04,127.65,137.2,133.0,137.2,119281500.0
OGDC,2005-03-07,137.2,143.85,137.0,138.5,171307900.0
OGDC,2005-03-08,138.5,148.85,136.1,148.4,204171800.0
OGDC,2005-03-09,148.4,159.5,149.8,159.5,163027500.0
OGDC,2005-03-10,159.5,169.0,157.0,163.0,147076400.0
OGDC,2005-03-11,163.0,166.4,160.1,164.25,70279800.0
OGDC,2005-03-14,164.25,176.55,166.4,176.55,180455600.0
OGDC,2005-03-15,176.55,189.75,177.75,189.75,167773500.0
OGDC,2005-03-16,189.75,197.85,180.75,186.0,179589200.0
OGDC,2005-03-17,186.0,187.5,176.7,176.7,39251000.0
OGDC,2005-03-18,176.7,184.0,167.9,167.9,101927600.0
OGDC,2005-03-21,167.9,163.0,159.55,159.55,5937600.0
OGDC,2005-03-22,159.55,151.6,151.6,151.6,2005800.0
OGDC,2005-03-24,151.6,144.05,144.05,144.05,748300.0
OGDC,2005-03-25,144.05,136.85,136.85,136.85,1263000.0
OGDC,2005-03-28,136.85,130.05,130.05,130.05,2614100.0
OGDC,2005-03-29,130.05,123.55,123.55,123.55,667000.0
OGDC,2005-03-30,123.55,130.4,117.4,117.4,106202100.0
OGDC,2005-03-31,117.4,119.75,111.55,111.55,39744900.0
OGDC,2005-04-01,111.55,107.0,106.0,106.0,18316400.0
OGDC,2005-04-04,106.0,113.95,106.5,113.95,56308800.0
OGDC,2005-04-05,113.95,117.7,110.0,111.0,88799700.0
OGDC,2005-04-06,111.0,113.8,105.45,105.8,33569400.0
OGDC,2005-04-07,105.8,111.35,104.1,110.7,44911400.0
OGDC,2005-04-08,110.7,111.1,105.2,106.0,36227900.0
OGDC,2005-04-11,106.0,108.75,100.7,100.7,3142600.0
OGDC,2005-04-12,100.7,95.7,95.7,95.7,145700.0
OGDC,2005-04-13,95.7,97.0,90.95,96.0,7833200.0
OGDC,2005-04-14,96.0,97.25,92.0,97.0,3015800.0
OGDC,2005-04-15,97.0,104.25,97.1,104.0,4551900.0
OGDC,2005-04-18,102.5,104.5,97.5,97.55,25520700.0
OGDC,2005-04-19,97.55,101.0,92.7,92.7,13418200.0
OGDC,2005-04-20,92.7,94.4,88.1,93.25,17340600.0
OGDC,2005-04-21,93.25,98.5,94.45,95.15,35044100.0
OGDC,2005-04-25,95.15,98.9,92.6,92.7,32845900.0
OGDC,2005-04-26,92.7,97.3,90.7,97.3,38203600.0
OGDC,2005-04-27,97.3,101.8,96.5,100.0,75055800.0
OGDC,2005-04-28,100.0,100.9,96.75,96.75,38297300.0
OGDC,2005-04-29,96.75,98.25,94.05,95.6,17887600.0
OGDC,2005-05-02,95.6,96.75,90.85,90.85,14596700.0
OGDC,2005-05-03,90.85,92.15,87.65,91.1,26085800.0
OGDC,2005-05-04,91.1,92.95,90.1,91.35,26585700.0
OGDC,2005-05-05,91.35,95.5,90.8,94.9,43162500.0
OGDC,2005-05-06,94.9,97.9,94.6,97.6,75264000.0
OGDC,2005-05-09,97.6,102.1,95.75,101.25,85264300.0
OGDC,2005-05-10,101.25,102.85,98.55,100.1,126371300.0
OGDC,2005-05-11,100.1,103.2,99.6,102.3,100920100.0
OGDC,2005-05-12,102.3,104.6,97.65,97.95,125761400.0
OGDC,2005-05-13,97.95,102.1,98.8,101.3,64212000.0
OGDC,2005-05-16,101.3,102.35,97.85,99.45,35135900.0
OGDC,2005-05-17,99.45,101.95,99.65,101.45,49697400.0
OGDC,2005-05-18,101.45,103.35,99.8,101.55,74031900.0
OGDC,2005-05-19,101.55,104.1,100.7,103.5,61024600.0
OGDC,2005-05-20,103.5,104.25,100.9,101.75,51718400.0
OGDC,2005-05-23,101.75,99.4,96.7,96.7,12161500.0
OGDC,2005-05-24,96.7,96.65,91.9,95.9,37742800.0
OGDC,2005-05-25,95.9,97.4,93.0,94.25,46048700.0
OGDC,2005-05-26,94.25,94.8,89.55,89.55,23976900.0
OGDC,2005-05-27,89.55,88.95,85.1,85.1,31437800.0
OGDC,2005-05-30,85.1,89.35,84.25,89.35,37600700.0
OGDC,2005-05-31,89.35,93.65,88.5,92.65,100079000.0
OGDC,2005-06-01,92.65,97.2,92.65,96.6,99552000.0
OGDC,2005-06-02,96.6,101.4,98.9,101.4,76775600.0
OGDC,2005-06-03,101.4,103.9,100.25,101.25,97389500.0
OGDC,2005-06-06,101.25,102.9,96.2,100.95,73927300.0
OGDC,2005-06-07,100.95,105.95,104.4,105.95,58373300.0
OGDC,2005-06-08,105.95,107.5,100.7,102.6,125689300.0
OGDC,2005-06-09,102.6,104.65,102.5,103.0,3767800.0
OGDC,2005-06-10,103.0,104.4,101.6,103.75,2246400.0
OGDC,2005-06-13,103.75,106.1,104.25,105.25,4642100.0
OGDC,2005-06-14,105.25,105.5,103.1,104.2,2003400.0
OGDC,2005-06-15,104.2,106.5,104.5,106.35,3785000.0
OGDC,2005-06-16,104.6,105.95,101.3,101.7,27058100.0
OGDC,2005-06-17,101.7,104.25,101.0,103.65,44254500.0
OGDC,2005-06-20,103.65,108.8,106.25,108.8,45370400.0
OGDC,2005-06-21,108.8,109.5,104.1,104.75,47951800.0
OGDC,2005-06-22,104.75,105.85,102.75,103.6,23453700.0
OGDC,2005-06-23,103.6,106.2,99.6,106.2,40830000.0
OGDC,2005-06-24,106.2,106.4,103.55,104.45,50399400.0
OGDC,2005-06-27,104.45,104.95,102.75,103.35,18573500.0
OGDC,2005-06-28,103.35,107.75,103.65,107.25,69286900.0
OGDC,2005-06-29,107.25,107.5,105.7,106.35,36611700.0
OGDC,2005-06-30,106.35,108.05,105.3,105.3,42613800.0
OGDC,2005-07-01,105.3,107.3,105.3,106.05,25596200.0
OGDC,2005-07-04,106.05,106.85,104.65,105.3,16156800.0
OGDC,2005-07-05,105.3,109.65,104.35,109.6,47195900.0
OGDC,2005-07-06,109.6,110.5,107.55,108.05,75932000.0
OGDC,2005-07-07,108.05,109.9,108.6,109.0,33242000.0
OGDC,2005-07-08,109.0,109.3,108.2,108.75,25686900.0
OGDC,2005-07-11,108.75,110.7,107.5,107.6,46948200.0
OGDC,2005-07-12,107.6,108.45,105.8,107.0,37614800.0
OGDC,2005-07-13,107.0,107.9,105.95,106.45,16427000.0
OGDC,2005-07-14,106.45,107.4,106.1,106.35,10894700.0
OGDC,2005-07-15,106.35,107.85,105.9,107.8,18767200.0
OGDC,2005-07-18,107.8,107.5,105.8,105.85,8286200.0
OGDC,2005-07-19,105.85,105.45,102.6,104.1,24479000.0
OGDC,2005-07-20,104.1,105.7,103.8,105.6,14991800.0
OGDC,2005-07-21,105.6,106.15,104.6,105.0,10686800.0
OGDC,2005-07-22,105.0,105.45,102.5,103.7,15835400.0
OGDC,2005-07-25,103.7,104.7,102.6,102.65,7416900.0
OGDC,2005-07-26,102.65,104.0,102.3,103.35,10454100.0
OGDC,2005-07-27,103.35,103.9,102.0,102.1,6440200.0
OGDC,2005-07-28,102.1,103.7,102.2,102.65,7651700.0
OGDC,2005-07-29,102.65,103.25,100.15,101.75,13425800.0
OGDC,2005-08-01,101.75,102.85,101.55,102.35,5551200.0
OGDC,2005-08-02,102.35,104.7,102.0,104.5,18943800.0
OGDC,2005-08-03,104.5,107.65,103.95,106.75,58688400.0
OGDC,2005-08-04,106.75,107.25,105.4,105.75,23416900.0
OGDC,2005-08-05,105.75,106.3,104.25,105.9,17359900.0
OGDC,2005-08-08,105.9,106.85,103.2,104.05,17367500.0
OGDC,2005-08-09,104.05,105.0,99.9,101.3,25592900.0
OGDC,2005-08-10,101.3,102.05,98.3,99.5,17445900.0
OGDC,2005-08-11,99.5,100.95,98.55,98.55,14918000.0
OGDC,2005-08-12,98.55,103.3,96.3,103.0,41431500.0
OGDC,2005-08-15,103.0,103.1,101.15,101.9,13951900.0
OGDC,2005-08-16,101.9,102.7,100.9,102.65,13039800.0
OGDC,2005-08-17,102.65,102.85,101.5,101.55,4898100.0
OGDC,2005-08-19,101.55,105.85,103.1,105.4,35737600.0
OGDC,2005-08-22,105.4,110.3,107.9,110.05,76841700.0
OGDC,2005-08-23,110.05,111.35,108.5,109.4,79682400.0
OGDC,2005-08-24,109.4,110.5,108.55,108.9,40388400.0
OGDC,2005-08-25,108.9,111.75,109.3,111.3,76467700.0
OGDC,2005-08-26,111.3,112.0,110.4,111.35,49317700.0
OGDC,2005-08-29,111.35,113.7,112.15,113.65,62365800.0
OGDC,2005-08-30,113.65,114.2,112.6,114.15,51494200.0
OGDC,2005-08-31,114.15,115.1,113.8,114.25,43178600.0
OGDC,2005-09-01,114.25,117.2,113.05,114.1,126877700.0
OGDC,2005-09-02,114.1,115.6,113.75,114.65,48841300.0
OGDC,2005-09-05,114.65,116.05,114.8,115.9,46174500.0
OGDC,2005-09-06,115.9,115.95,110.8,112.05,60465300.0
OGDC,2005-09-07,112.05,113.1,110.3,110.55,39181200.0
OGDC,2005-09-08,110.55,111.95,109.3,111.5,28112200.0
OGDC,2005-09-09,111.5,112.5,110.4,110.75,30011100.0
OGDC,2005-09-12,110.75,111.4,109.9,110.15,9676900.0
OGDC,2005-09-13,110.15,111.1,109.4,109.5,17946700.0
OGDC,2005-09-14,109.5,110.9,109.05,110.15,16986200.0
OGDC,2005-09-15,110.15,112.0,110.25,110.25,32377100.0
OGDC,2005-09-16,110.25,111.25,109.2,109.25,21415600.0
OGDC,2005-09-19,109.25,110.5,108.15,110.5,19413700.0
OGDC,2005-09-20,110.5,112.7,111.75,112.25,32775600.0
OGDC,2005-09-21,112.25,113.9,111.8,113.7,51404100.0
OGDC,2005-09-22,113.7,115.05,112.5,113.5,49376900.0
OGDC,2005-09-23,113.5,114.45,112.6,113.35,30181400.0
OGDC,2005-09-26,113.35,113.35,112.05,112.6,7168600.0
OGDC,2005-09-27,112.6,113.75,112.3,112.6,14822300.0
OGDC,2005-09-28,112.6,114.2,112.35,114.1,31245500.0
OGDC,2005-09-29,114.1,115.35,113.7,113.85,42810500.0
OGDC,2005-09-30,113.85,114.7,113.75,114.0,15849200.0
OGDC,2005-10-03,114.0,115.95,114.3,115.3,33818500.0
OGDC,2005-10-04,115.3,120.7,114.75,120.2,131200500.0
OGDC,2005-10-05,120.2,122.9,120.8,122.3,90127400.0
OGDC,2005-10-06,122.3,122.7,120.75,121.35,37116500.0
OGDC,2005-10-07,121.35,121.65,119.6,120.05,16556000.0
OGDC,2005-10-10,120.05,120.1,118.5,118.85,18513400.0
OGDC,2005-10-11,118.85,119.7,118.1,118.4,20271600.0
OGDC,2005-10-12,118.4,123.0,119.25,123.0,6171500.0
OGDC,2005-10-13,123.0,123.5,121.0,121.5,5681800.0
OGDC,2005-10-14,121.5,123.0,121.1,122.95,3795700.0
OGDC,2005-10-17,122.95,126.0,124.1,125.5,7853900.0
OGDC,2005-10-18,125.5,127.0,119.25,119.75,3430400.0
OGDC,2005-10-19,117.0,121.0,117.3,120.65,18534400.0
OGDC,2005-10-20,120.65,123.35,114.65,114.65,46397000.0
OGDC,2005-10-21,114.65,112.3,108.95,108.95,17667300.0
OGDC,2005-10-24,108.95,109.45,104.3,107.4,26916500.0
OGDC,2005-10-25,107.4,109.0,103.6,104.7,11852600.0
OGDC,2005-10-26,104.7,106.6,102.5,105.7,18293900.0
OGDC,2005-10-27,105.7,108.75,105.1,106.6,19317500.0
OGDC,2005-10-31,106.6,105.95,103.5,104.7,5359300.0
OGDC,2005-11-02,104.7,107.4,105.5,107.4,11369500.0
OGDC,2005-11-07,107.4,111.6,107.65,111.6,37265500.0
OGDC,2005-11-08,111.6,112.5,110.5,110.75,17614200.0
OGDC,2005-11-10,110.75,112.65,111.0,111.1,24395200.0
OGDC,2005-11-11,111.1,111.5,108.75,110.2,8295600.0
OGDC,2005-11-14,110.2,110.9,108.35,108.55,5117100.0
OGDC,2005-11-15,108.55,110.95,108.7,109.1,12337900.0
OGDC,2005-11-16,109.1,110.95,109.35,109.8,14136600.0
OGDC,2005-11-17,109.8,110.25,109.15,109.65,5179500.0
OGDC,2005-11-18,109.65,110.5,109.5,109.6,5119500.0
OGDC,2005-11-21,109.6,110.75,109.65,109.65,7903700.0
OGDC,2005-11-22,109.65,111.25,109.0,111.25,19182600.0
OGDC,2005-11-23,111.25,112.2,110.25,110.5,14844500.0
OGDC,2005-11-24,110.5,111.5,110.25,111.0,9371400.0
OGDC,2005-11-25,111.0,111.9,110.1,110.1,14783200.0
OGDC,2005-11-28,110.1,111.95,110.75,111.3,15045800.0
OGDC,2005-11-29,111.3,111.85,110.6,111.0,7651900.0
OGDC,2005-11-30,111.0,111.0,108.7,109.75,9025700.0
OGDC,2005-12-01,109.75,111.8,109.05,111.25,24308500.0
OGDC,2005-12-02,111.25,114.05,110.85,114.0,49405400.0
OGDC,2005-12-05,114.0,115.55,114.25,114.3,29449400.0
OGDC,2005-12-06,114.3,116.6,113.7,115.25,43624300.0
OGDC,2005-12-07,115.25,116.15,114.45,114.6,13561700.0
OGDC,2005-12-08,114.6,116.85,114.3,116.0,27405200.0
OGDC,2005-12-09,116.0,118.0,115.25,116.25,4590100.0
OGDC,2005-12-12,116.25,117.0,115.25,116.5,6263100.0
OGDC,2005-12-13,116.5,117.5,115.9,116.2,1876000.0
OGDC,2005-12-14,116.2,116.5,113.75,115.0,2091400.0
OGDC,2005-12-15,115.0,116.4,114.7,116.4,1645400.0
OGDC,2005-12-16,115.15,118.65,115.15,116.65,51968300.0
OGDC,2005-12-19,116.65,117.25,114.5,114.65,7777800.0
OGDC,2005-12-20,114.65,115.6,114.1,115.2,9657800.0
OGDC,2005-12-21,115.2,117.2,115.3,115.55,17085400.0
OGDC,2005-12-22,115.55,116.45,115.25,115.5,5088100.0
OGDC,2005-12-23,115.5,117.75,115.7,117.25,30942400.0
OGDC,2005-12-26,117.25,117.95,116.1,116.15,10491400.0
OGDC,2005-12-27,116.15,117.5,115.6,117.4,13637300.0
OGDC,2005-12-28,117.4,117.9,116.0,116.3,13685700.0
OGDC,2005-12-29,116.3,117.45,116.5,117.3,12344000.0
OGDC,2005-12-30,117.3,118.35,117.4,118.0,17487700.0
OGDC,2006-01-02,118.0,118.6,117.6,118.25,11349400.0
OGDC,2006-01-03,118.25,120.6,119.25,119.6,40248100.0
OGDC,2006-01-04,119.6,121.8,120.5,121.1,33697300.0
OGDC,2006-01-05,121.1,122.3,120.35,120.75,16251000.0
OGDC,2006-01-06,120.75,121.75,119.9,120.6,31313500.0
OGDC,2006-01-09,120.6,122.35,120.85,121.75,22185100.0
OGDC,2006-01-16,121.75,123.85,122.4,123.0,23534700.0
OGDC,2006-01-17,123.0,123.8,122.5,122.9,12200100.0
OGDC,2006-01-18,122.9,126.55,123.25,125.7,66471100.0
OGDC,2006-01-19,125.7,125.45,123.9,124.3,16929900.0
OGDC,2006-01-20,124.3,125.25,122.3,122.75,11658600.0
OGDC,2006-01-23,122.75,125.1,123.4,123.45,16523300.0
OGDC,2006-01-24,123.45,126.5,123.75,124.0,58137700.0
OGDC,2006-01-25,124.0,125.85,123.3,124.35,23224500.0
OGDC,2006-01-26,124.35,125.8,122.9,125.8,20066000.0
OGDC,2006-01-27,125.8,127.85,125.5,127.55,46105700.0
OGDC,2006-01-30,127.55,130.0,127.7,127.8,31543800.0
OGDC,2006-01-31,127.8,128.4,126.1,126.1,15382800.0
OGDC,2006-02-01,126.1,127.7,125.1,125.8,20107400.0
OGDC,2006-02-02,125.8,126.25,124.65,124.7,8212800.0
OGDC,2006-02-03,124.7,130.9,124.1,130.9,52330000.0
OGDC,2006-02-06,130.9,134.8,131.35,133.0,60888000.0
OGDC,2006-02-07,133.0,137.0,133.15,136.95,64640400.0
OGDC,2006-02-10,136.95,143.0,137.1,141.75,81105400.0
OGDC,2006-02-13,141.75,148.8,142.5,148.8,81480600.0
OGDC,2006-02-14,148.8,154.3,141.4,141.4,139744900.0
OGDC,2006-02-15,141.4,148.45,139.0,148.45,100073900.0
OGDC,2006-02-16,148.45,151.0,145.75,148.5,106598900.0
OGDC,2006-02-17,148.5,154.5,147.65,153.15,127579000.0
OGDC,2006-02-20,153.15,154.9,151.1,151.55,51479700.0
OGDC,2006-02-21,151.55,157.4,150.7,153.5,146560700.0
OGDC,2006-02-22,153.5,154.7,146.25,148.0,44452000.0
OGDC,2006-02-23,148.0,153.75,148.1,152.75,113967300.0
OGDC,2006-02-24,152.75,154.7,148.5,150.6,48086400.0
OGDC,2006-02-27,150.6,152.2,143.1,143.1,34271700.0
OGDC,2006-02-28,143.1,147.0,141.15,146.9,47090800.0
OGDC,2006-03-01,146.9,149.8,139.6,146.45,69288900.0
OGDC,2006-03-02,146.45,146.4,143.05,145.0,18787300.0
OGDC,2006-03-03,145.0,146.8,144.8,145.05,19600200.0
OGDC,2006-03-06,145.05,143.95,137.8,137.8,19037100.0
OGDC,2006-03-07,137.8,140.0,135.5,139.8,33208400.0
OGDC,2006-03-08,139.8,140.7,132.85,132.85,14409300.0
OGDC,2006-03-09,132.85,137.25,128.5,136.75,33434100.0
OGDC,2006-03-10,136.75,136.75,129.95,129.95,20006300.0
OGDC,2006-03-13,129.95,134.35,123.5,124.95,37751200.0
OGDC,2006-03-14,124.95,131.15,124.1,131.15,33338000.0
OGDC,2006-03-15,131.15,134.0,128.75,130.9,26656200.0
OGDC,2006-03-16,130.9,137.4,129.55,137.4,52561200.0
OGDC,2006-03-17,137.4,144.25,138.4,144.25,48771200.0
OGDC,2006-03-20,144.25,151.45,140.35,145.2,93471700.0
OGDC,2006-03-21,145.2,151.25,144.75,150.8,113541600.0
OGDC,2006-03-22,150.8,155.25,151.8,154.95,89052400.0
OGDC,2006-03-24,154.95,162.65,155.6,162.65,111420400.0
OGDC,2006-03-27,162.65,165.7,156.1,156.65,93120700.0
OGDC,2006-03-28,156.65,158.8,154.45,157.05,58358500.0
OGDC,2006-03-29,157.05,160.1,153.35,155.0,56349600.0
OGDC,2006-03-30,155.0,162.25,154.05,161.45,85888700.0
OGDC,2006-03-31,161.45,162.15,156.75,157.6,62436200.0
OGDC,2006-04-03,157.6,159.1,156.8,157.45,34254000.0
OGDC,2006-04-04,157.45,159.0,157.45,157.45,4486600.0
OGDC,2006-04-05,157.45,158.4,155.6,155.85,2521100.0
OGDC,2006-04-06,155.85,157.75,155.15,156.0,5168200.0
OGDC,2006-04-07,156.0,160.2,155.75,159.75,4750100.0
OGDC,2006-04-10,159.75,162.5,160.25,161.0,7488500.0
OGDC,2006-04-13,159.25,162.0,158.0,161.25,35472000.0
OGDC,2006-04-14,161.25,163.7,161.5,162.7,49669300.0
OGDC,2006-04-17,162.7,170.5,163.0,168.8,111964000.0
OGDC,2006-04-18,168.8,170.4,163.05,163.5,42099000.0
OGDC,2006-04-19,163.5,166.3,156.45,163.25,45193900.0
OGDC,2006-04-20,163.25,166.45,161.75,162.6,33201300.0
OGDC,2006-04-21,162.6,163.4,157.5,162.55,35808700.0
OGDC,2006-04-24,162.55,164.0,160.55,161.4,31437600.0
OGDC,2006-04-25,161.4,164.2,159.35,163.9,39802300.0
OGDC,2006-04-26,163.9,165.7,162.8,162.95,53803800.0
OGDC,2006-04-27,162.95,163.85,159.6,162.2,31499300.0
OGDC,2006-04-28,162.2,162.9,154.1,156.9,44251900.0
OGDC,2006-05-02,156.9,161.4,157.4,161.3,30951300.0
OGDC,2006-05-03,161.3,166.15,161.75,164.95,87645500.0
OGDC,2006-05-04,164.95,166.5,162.6,164.25,47634300.0
OGDC,2006-05-05,164.25,163.55,158.5,160.6,47624600.0
OGDC,2006-05-08,160.6,161.8,158.65,161.35,29005200.0
OGDC,2006-05-09,161.35,161.9,153.3,154.6,33328600.0
OGDC,2006-05-10,154.6,157.4,153.5,157.25,31827000.0
OGDC,2006-05-11,157.25,158.1,154.5,157.25,31391100.0
OGDC,2006-05-12,157.25,158.9,156.6,157.2,30928700.0
OGDC,2006-05-15,157.2,157.5,152.25,152.6,36281300.0
OGDC,2006-05-16,152.6,154.85,145.0,145.0,32863100.0
OGDC,2006-05-17,145.0,151.9,144.8,151.2,33261600.0
OGDC,2006-05-18,151.2,150.7,143.65,143.65,27176400.0
OGDC,2006-05-19,143.65,147.5,140.6,147.45,23706900.0
OGDC,2006-05-22,147.45,148.7,144.0,147.0,22597000.0
OGDC,2006-05-23,147.0,149.65,146.55,148.65,20775400.0
OGDC,2006-05-24,148.65,155.7,148.25,154.5,58437300.0
OGDC,2006-05-25,154.5,154.85,151.0,151.0,33479300.0
OGDC,2006-05-26,151.0,151.95,143.65,143.7,27520000.0
OGDC,2006-05-29,143.7,145.4,136.55,136.55,25959900.0
OGDC,2006-05-30,136.55,137.5,129.75,135.35,37474000.0
OGDC,2006-05-31,135.35,137.1,128.6,128.6,37554900.0
OGDC,2006-06-01,128.6,135.0,130.0,135.0,33153300.0
OGDC,2006-06-02,135.0,140.5,131.25,138.55,55712900.0
OGDC,2006-06-05,138.55,140.2,137.5,138.4,17868500.0
OGDC,2006-06-06,138.4,144.3,134.35,142.2,59151500.0
OGDC,2006-06-07,142.2,142.9,135.1,135.1,36219300.0
OGDC,2006-06-08,135.1,134.5,128.35,128.35,21961700.0
OGDC,2006-06-09,128.35,133.5,122.75,130.6,6634800.0
OGDC,2006-06-12,130.6,132.15,127.85,127.9,2827000.0
OGDC,2006-06-13,127.9,129.0,121.55,121.55,4475300.0
OGDC,2006-06-14,121.55,126.6,115.5,115.5,8100300.0
OGDC,2006-06-15,115.5,121.25,115.5,121.25,2183300.0
OGDC,2006-06-16,119.0,124.95,123.6,124.95,8022300.0
OGDC,2006-06-19,124.95,131.15,128.4,131.15,14406000.0
OGDC,2006-06-20,131.15,137.7,130.0,137.7,42768300.0
OGDC,2006-06-21,137.7,139.5,133.75,138.1,45569600.0
OGDC,2006-06-22,138.1,142.55,137.5,139.55,63841900.0
OGDC,2006-06-23,139.55,142.3,132.6,132.6,40977900.0
OGDC,2006-06-26,132.6,136.9,126.0,126.0,27036700.0
OGDC,2006-06-27,126.0,128.3,119.7,119.7,22439200.0
OGDC,2006-06-28,119.7,125.65,118.5,125.65,28774500.0
OGDC,2006-06-29,125.65,131.9,128.25,131.9,11372500.0
OGDC,2006-06-30,131.9,138.45,134.5,136.75,48137600.0
OGDC,2006-07-03,136.75,136.4,129.95,129.95,20316000.0
OGDC,2006-07-04,129.95,135.7,127.5,133.0,41788600.0
OGDC,2006-07-05,133.0,134.0,129.5,132.75,21679300.0
OGDC,2006-07-06,132.75,134.75,131.55,132.1,21456800.0
OGDC,2006-07-07,132.1,132.85,129.6,130.0,9647200.0
OGDC,2006-07-10,130.0,130.0,123.5,123.65,14212100.0
OGDC,2006-07-11,123.65,126.1,121.5,125.1,11802500.0
OGDC,2006-07-12,125.1,131.35,124.8,131.35,21829100.0
OGDC,2006-07-13,131.35,137.6,133.4,135.25,44954000.0
OGDC,2006-07-14,135.25,136.9,134.25,135.6,19127100.0
OGDC,2006-07-17,135.6,135.2,132.5,133.6,9662200.0
OGDC,2006-07-18,133.6,139.0,133.6,137.5,34136000.0
OGDC,2006-07-19,137.5,139.5,135.6,137.0,34410100.0
OGDC,2006-07-20,137.0,139.25,132.5,136.75,31843700.0
OGDC,2006-07-21,136.75,138.9,134.45,137.45,26567100.0
OGDC,2006-07-24,137.45,140.2,137.75,138.4,24066500.0
OGDC,2006-07-25,138.4,141.5,138.1,141.45,38457900.0
OGDC,2006-07-26,141.45,141.95,139.6,140.85,17411700.0
OGDC,2006-07-27,140.85,143.5,140.7,142.4,45526200.0
OGDC,2006-07-28,142.4,143.65,140.55,140.9,38232400.0
OGDC,2006-07-31,140.9,143.9,141.2,143.7,17437400.0
OGDC,2006-08-01,143.7,145.35,141.8,142.7,28605100.0
OGDC,2006-08-02,142.7,144.8,142.0,142.25,27241500.0
OGDC,2006-08-03,142.25,144.0,142.5,142.85,13540600.0
OGDC,2006-08-04,142.85,144.9,143.05,143.9,19787800.0
OGDC,2006-08-07,143.9,147.4,143.5,146.6,38433000.0
OGDC,2006-08-08,146.6,147.45,145.2,145.45,17602400.0
OGDC,2006-08-09,145.45,146.2,141.0,142.3,12385200.0
OGDC,2006-08-10,142.3,143.65,136.25,138.7,15884500.0
OGDC,2006-08-11,138.7,139.55,134.6,134.9,15469800.0
OGDC,2006-08-15,134.9,135.75,133.05,133.25,7990800.0
OGDC,2006-08-16,133.25,138.0,132.75,137.35,16071600.0
OGDC,2006-08-17,137.35,139.35,136.6,137.15,18415300.0
OGDC,2006-08-18,137.15,138.25,136.55,136.75,4038400.0
OGDC,2006-08-21,136.75,137.75,134.6,135.6,8388300.0
OGDC,2006-08-22,135.6,136.3,128.85,129.25,12432000.0
OGDC,2006-08-23,129.25,130.4,126.6,129.75,10402700.0
OGDC,2006-08-24,129.75,131.95,125.1,126.0,11343400.0
OGDC,2006-08-25,126.0,126.6,119.7,120.0,15264800.0
OGDC,2006-08-28,120.0,126.0,117.25,125.4,16525900.0
OGDC,2006-08-29,125.4,128.2,124.65,127.8,21168100.0
OGDC,2006-08-30,127.8,131.35,128.25,129.1,20210900.0
OGDC,2006-08-31,129.1,130.6,127.7,129.0,9411200.0
OGDC,2006-09-01,129.0,131.5,128.4,131.25,15577100.0
OGDC,2006-09-04,131.25,131.9,129.2,129.25,12936800.0
OGDC,2006-09-05,129.25,130.2,126.0,126.5,10586000.0
OGDC,2006-09-06,126.5,128.65,126.1,128.0,7427500.0
OGDC,2006-09-07,128.0,128.4,125.75,125.8,2981000.0
OGDC,2006-09-08,125.8,127.25,124.1,126.2,8573900.0
OGDC,2006-09-11,126.2,127.5,125.25,125.5,3745400.0
OGDC,2006-09-12,125.5,129.7,127.0,129.0,9483400.0
OGDC,2006-09-13,129.0,129.25,125.65,125.7,6340600.0
OGDC,2006-09-14,125.7,126.95,124.65,126.0,4871900.0
OGDC,2006-09-15,126.0,127.0,125.0,125.65,746200.0
OGDC,2006-09-18,125.65,126.4,123.65,124.4,688200.0
OGDC,2006-09-19,124.4,125.4,123.0,124.15,859900.0
OGDC,2006-09-20,124.15,126.5,123.8,126.5,959400.0
OGDC,2006-09-21,126.5,128.0,126.6,127.6,800800.0
OGDC,2006-09-22,123.85,127.75,125.05,125.8,13414400.0
OGDC,2006-09-25,125.8,126.3,123.85,124.25,2230400.0
OGDC,2006-09-26,124.25,125.6,124.0,125.5,5498200.0
OGDC,2006-09-27,125.5,127.15,125.75,126.5,7682900.0
OGDC,2006-09-28,126.5,130.9,128.1,128.65,14715500.0
OGDC,2006-09-29,128.65,129.2,127.5,127.85,5898500.0
OGDC,2006-10-02,127.85,129.4,127.75,128.2,5385200.0
OGDC,2006-10-03,128.2,130.35,127.85,128.4,9759300.0
OGDC,2006-10-04,128.4,134.6,127.15,134.5,31523000.0
OGDC,2006-10-05,134.5,136.15,133.0,133.6,25877400.0
OGDC,2006-10-06,133.6,136.4,132.95,135.85,24505200.0
OGDC,2006-10-09,135.85,139.25,136.6,137.2,19913700.0
OGDC,2006-10-10,137.2,137.9,135.55,135.75,8916000.0
OGDC,2006-10-11,135.75,138.5,135.5,135.85,21363800.0
OGDC,2006-10-12,135.85,137.65,135.5,136.85,8246200.0
OGDC,2006-10-13,136.85,138.5,137.0,137.2,8675200.0
OGDC,2006-10-16,137.2,138.2,135.9,136.0,3689600.0
OGDC,2006-10-17,136.0,142.8,136.7,142.8,39660400.0
OGDC,2006-10-18,142.8,149.55,143.3,148.6,50942900.0
OGDC,2006-10-19,148.6,156.0,149.1,156.0,55020100.0
OGDC,2006-10-30,156.0,157.2,150.5,152.8,41467200.0
OGDC,2006-10-31,152.8,153.0,148.7,148.7,22091300.0
OGDC,2006-11-01,148.7,149.0,141.3,142.25,31825700.0
OGDC,2006-11-02,142.25,145.0,136.0,138.45,48519700.0
OGDC,2006-11-03,138.45,142.5,138.7,141.75,51651600.0
OGDC,2006-11-06,141.75,142.5,137.5,137.5,14237500.0
OGDC,2006-11-07,137.5,140.3,133.8,139.75,34419800.0
OGDC,2006-11-08,139.75,140.5,136.9,138.8,20320400.0
OGDC,2006-11-10,138.8,137.25,134.6,135.3,26789300.0
OGDC,2006-11-13,135.3,138.4,135.8,136.5,20799100.0
OGDC,2006-11-14,136.5,138.0,136.25,137.55,9866100.0
OGDC,2006-11-15,137.55,138.45,135.2,136.15,13353700.0
OGDC,2006-11-16,136.15,137.15,133.7,136.4,17754200.0
OGDC,2006-11-17,136.4,136.6,129.6,130.1,20789100.0
OGDC,2006-11-20,130.1,129.8,125.0,125.25,11250700.0
OGDC,2006-11-21,125.25,129.25,124.4,127.6,14864100.0
OGDC,2006-11-22,127.6,129.45,126.75,129.0,10191700.0
OGDC,2006-11-23,129.0,135.35,129.7,134.7,36167500.0
OGDC,2006-11-24,134.7,135.25,132.1,133.35,13657000.0
OGDC,2006-11-27,133.35,134.35,129.2,129.95,13863600.0
OGDC,2006-11-28,129.95,132.0,128.8,130.8,20015000.0
OGDC,2006-11-29,130.8,131.35,127.35,128.15,13628000.0
OGDC,2006-11-30,128.15,129.95,125.05,127.2,18181900.0
OGDC,2006-12-01,127.2,120.85,120.85,120.85,2613600.0
OGDC,2006-12-04,120.85,119.8,117.0,119.1,8587600.0
OGDC,2006-12-05,119.1,122.9,119.25,122.0,14588500.0
OGDC,2006-12-06,122.0,125.0,121.6,123.25,19246900.0
OGDC,2006-12-07,123.25,124.25,122.0,122.2,5763600.0
OGDC,2006-12-08,122.2,122.7,120.75,121.5,6950900.0
OGDC,2006-12-11,121.5,121.7,120.5,121.0,2400700.0
OGDC,2006-12-12,121.0,123.2,121.0,121.9,2287600.0
OGDC,2006-12-13,121.9,122.45,121.05,121.05,912400.0
OGDC,2006-12-14,121.05,122.9,121.5,122.8,1490800.0
OGDC,2006-12-15,122.8,123.7,122.25,123.0,2397100.0
OGDC,2006-12-18,121.25,121.6,117.5,118.0,7850100.0
OGDC,2006-12-19,118.0,119.25,115.4,116.5,13426300.0
OGDC,2006-12-20,116.5,118.5,116.0,118.4,16427400.0
OGDC,2006-12-21,118.4,118.2,114.5,115.0,9447600.0
OGDC,2006-12-22,115.0,115.75,112.25,115.05,17286500.0
OGDC,2006-12-26,115.05,116.0,113.9,115.5,8397400.0
OGDC,2006-12-27,115.5,116.8,114.35,115.0,8473900.0
OGDC,2006-12-28,115.0,116.35,114.4,115.55,6010300.0
OGDC,2006-12-29,115.55,116.0,114.5,114.7,4745900.0
OGDC,2007-01-03,114.7,115.15,114.25,115.05,3031700.0
OGDC,2007-01-04,115.05,115.5,114.2,114.5,6079300.0
OGDC,2007-01-05,114.5,114.6,111.9,113.2,10272700.0
OGDC,2007-01-08,113.2,116.15,113.0,114.8,17634700.0
OGDC,2007-01-09,114.8,119.8,115.65,118.8,49012700.0
OGDC,2007-01-10,118.8,119.3,116.9,117.75,20838100.0
OGDC,2007-01-11,117.75,117.75,116.5,117.1,15382800.0
OGDC,2007-01-12,117.1,117.2,115.9,116.4,8406200.0
OGDC,2007-01-15,116.4,119.0,116.9,118.1,21513900.0
OGDC,2007-01-16,118.1,119.0,117.45,118.9,14332900.0
OGDC,2007-01-17,118.9,119.1,117.35,117.55,17876800.0
OGDC,2007-01-18,117.55,118.6,117.45,117.65,13390600.0
OGDC,2007-01-19,117.65,117.7,115.7,116.0,8678800.0
OGDC,2007-01-22,116.0,116.5,115.25,116.25,3686100.0
OGDC,2007-01-23,116.25,117.55,116.25,116.25,13154500.0
OGDC,2007-01-24,116.25,118.15,116.85,118.0,18568000.0
OGDC,2007-01-25,118.0,122.55,118.75,121.25,59103000.0
OGDC,2007-01-26,121.25,122.8,121.1,121.8,29605300.0
OGDC,2007-01-31,121.8,124.5,122.8,124.5,35297300.0
OGDC,2007-02-01,124.5,127.2,124.6,126.25,56855100.0
OGDC,2007-02-02,126.25,132.0,126.25,131.8,78647300.0
OGDC,2007-02-06,131.8,134.8,130.3,130.9,49393400.0
OGDC,2007-02-07,130.9,131.35,128.25,130.0,40574000.0
OGDC,2007-02-08,130.0,131.5,129.3,130.2,38891600.0
OGDC,2007-02-09,130.2,133.45,128.7,129.75,71548500.0
OGDC,2007-02-12,129.75,130.65,126.05,126.95,20402600.0
OGDC,2007-02-13,126.95,126.75,123.75,126.0,33199600.0
OGDC,2007-02-14,126.0,127.4,120.5,122.95,39606500.0
OGDC,2007-02-15,122.95,123.8,121.7,123.2,11587900.0
OGDC,2007-02-16,123.2,123.7,120.8,122.5,12709400.0
OGDC,2007-02-19,122.5,126.45,121.6,126.3,23271500.0
OGDC,2007-02-20,126.3,127.25,123.2,123.75,29105400.0
OGDC,2007-02-21,123.75,124.4,121.75,123.15,21226500.0
OGDC,2007-02-22,123.15,123.95,121.65,122.0,10050300.0
OGDC,2007-02-23,122.0,123.7,122.3,122.8,15016000.0
OGDC,2007-02-26,122.8,124.65,121.35,121.5,23012500.0
OGDC,2007-02-27,121.5,122.5,120.65,122.25,20468900.0
OGDC,2007-02-28,122.25,121.35,119.25,119.25,19649900.0
OGDC,2007-03-01,119.25,120.75,117.7,118.85,17228600.0
OGDC,2007-03-02,118.85,119.85,117.35,118.0,8752200.0
OGDC,2007-03-05,118.0,117.7,114.65,115.3,14261400.0
OGDC,2007-03-06,115.3,116.9,114.8,115.25,10006800.0
OGDC,2007-03-07,115.25,119.35,115.3,118.8,12898000.0
OGDC,2007-03-08,118.8,120.9,118.0,120.55,28055400.0
OGDC,2007-03-09,120.55,122.2,119.65,120.65,32054400.0
OGDC,2007-03-12,120.65,120.4,119.0,119.05,10792100.0
OGDC,2007-03-13,119.05,119.5,118.05,118.2,7661000.0
OGDC,2007-03-14,118.2,118.0,116.3,116.4,7075400.0
OGDC,2007-03-15,116.4,118.3,116.25,118.0,11091200.0
OGDC,2007-03-16,118.0,119.0,117.55,117.65,7506300.0
OGDC,2007-03-19,117.65,118.5,115.25,115.5,9064500.0
OGDC,2007-03-20,115.5,117.65,115.75,116.9,9682100.0
OGDC,2007-03-21,116.9,117.75,116.1,116.7,7737700.0
OGDC,2007-03-22,116.7,117.3,116.45,116.8,3546400.0
OGDC,2007-03-26,116.8,118.0,117.0,117.2,7132700.0
OGDC,2007-03-27,117.2,118.45,117.4,118.2,13835400.0
OGDC,2007-03-28,118.2,118.95,117.0,117.75,7659300.0
OGDC,2007-03-29,117.75,117.85,116.75,117.6,8136700.0
OGDC,2007-03-30,117.6,118.95,117.8,118.8,14735300.0
OGDC,2007-04-02,118.8,118.95,118.1,118.5,2586400.0
OGDC,2007-04-03,118.5,119.15,118.3,118.7,9178200.0
OGDC,2007-04-04,118.7,119.6,117.45,117.55,12369100.0
OGDC,2007-04-05,117.55,119.05,117.1,118.85,10889500.0
OGDC,2007-04-06,118.85,119.6,118.5,119.25,16375900.0
OGDC,2007-04-09,119.25,119.75,118.7,119.3,1651600.0
OGDC,2007-04-10,119.3,120.75,119.0,119.6,4589800.0
OGDC,2007-04-11,119.6,121.3,119.7,121.25,3734900.0
OGDC,2007-04-12,121.25,122.25,120.9,121.8,6992800.0
OGDC,2007-04-13,121.8,123.6,121.75,123.15,4319500.0
OGDC,2007-04-16,121.4,121.95,120.6,120.6,13424300.0
OGDC,2007-04-17,120.6,121.2,119.05,120.2,13658300.0
OGDC,2007-04-18,120.2,125.3,120.6,124.55,58793200.0
OGDC,2007-04-19,124.55,124.75,122.55,122.9,25518700.0
OGDC,2007-04-20,122.9,123.45,121.6,121.75,10829000.0
OGDC,2007-04-23,121.75,121.8,120.1,120.35,6619100.0
OGDC,2007-04-24,120.35,122.7,121.35,122.05,15451300.0
OGDC,2007-04-25,122.05,122.9,121.65,121.75,13275400.0
OGDC,2007-04-26,121.75,122.9,121.45,122.45,15781400.0
OGDC,2007-04-27,122.45,123.95,122.9,123.35,25809200.0
OGDC,2007-04-30,123.35,123.8,122.6,122.95,9496300.0
OGDC,2007-05-02,122.95,124.0,122.85,123.75,20623900.0
OGDC,2007-05-03,123.75,124.4,122.8,122.85,16358600.0
OGDC,2007-05-04,122.85,125.0,122.6,124.3,36845100.0
OGDC,2007-05-07,124.3,124.1,118.1,119.0,30687000.0
OGDC,2007-05-08,119.0,121.25,119.05,120.55,17630200.0
OGDC,2007-05-09,120.55,121.6,119.65,120.0,16586700.0
OGDC,2007-05-10,120.0,120.5,118.9,119.15,11429800.0
OGDC,2007-05-11,119.15,119.35,118.5,118.85,10609100.0
OGDC,2007-05-14,118.85,118.65,116.3,118.05,12563900.0
OGDC,2007-05-15,118.05,120.6,118.7,119.2,23009900.0
OGDC,2007-05-16,119.2,120.4,117.7,118.6,16106700.0
OGDC,2007-05-17,118.6,119.25,118.4,118.7,4717500.0
OGDC,2007-05-18,118.7,120.35,119.0,120.0,14165500.0
OGDC,2007-05-21,120.0,120.45,119.5,119.75,8189900.0
OGDC,2007-05-22,119.75,120.5,119.7,120.1,9892700.0
OGDC,2007-05-23,120.1,121.35,119.5,120.85,23310100.0
OGDC,2007-05-24,120.85,121.7,120.75,121.2,18377800.0
OGDC,2007-05-25,121.2,123.6,121.3,122.55,48579400.0
OGDC,2007-05-28,122.55,123.4,122.35,122.95,16973000.0
OGDC,2007-05-29,122.95,123.15,121.4,121.8,15930200.0
OGDC,2007-05-30,121.8,122.4,121.05,121.5,7678200.0
OGDC,2007-05-31,121.5,123.25,121.4,122.45,20056500.0
OGDC,2007-06-01,122.45,123.0,121.6,121.9,10319700.0
OGDC,2007-06-04,121.9,123.1,121.5,123.1,15178400.0
OGDC,2007-06-05,123.1,123.65,122.55,122.6,16939400.0
OGDC,2007-06-06,122.6,124.8,122.4,123.65,74859900.0
OGDC,2007-06-07,123.65,124.45,122.6,122.75,25070800.0
OGDC,2007-06-08,122.75,123.25,121.65,122.25,11341300.0
OGDC,2007-06-11,122.25,123.25,121.55,122.0,4788100.0
OGDC,2007-06-12,122.0,122.75,121.65,122.0,2782800.0
OGDC,2007-06-13,122.0,123.6,121.4,123.1,5129100.0
OGDC,2007-06-14,123.1,123.8,122.55,123.0,2104400.0
OGDC,2007-06-15,123.0,123.8,122.6,122.6,4727300.0
OGDC,2007-06-18,120.6,122.4,121.1,122.35,20920900.0
OGDC,2007-06-19,122.35,123.0,121.1,121.4,10874600.0
OGDC,2007-06-20,121.4,121.75,120.4,121.0,6886900.0
OGDC,2007-06-21,121.0,121.35,120.3,120.5,3101100.0
OGDC,2007-06-22,120.5,120.9,118.6,119.25,8307900.0
OGDC,2007-06-25,119.25,120.3,119.25,119.95,5986300.0
OGDC,2007-06-26,119.95,120.75,120.0,120.0,8611800.0
OGDC,2007-06-27,120.0,121.6,120.35,121.2,10686400.0
OGDC,2007-06-28,121.2,121.6,120.1,120.35,7880100.0
OGDC,2007-06-29,120.35,120.75,119.0,119.8,7849900.0
OGDC,2007-07-02,119.8,122.0,119.95,122.0,21541100.0
OGDC,2007-07-03,122.0,122.5,120.15,120.2,9377700.0
OGDC,2007-07-04,120.2,121.3,120.1,120.65,5532400.0
OGDC,2007-07-05,120.65,122.15,120.85,121.0,15760700.0
OGDC,2007-07-06,121.0,122.7,120.9,122.0,35872800.0
OGDC,2007-07-09,122.0,122.75,121.25,121.7,6362600.0
OGDC,2007-07-10,121.7,122.5,120.6,120.6,10888300.0
OGDC,2007-07-11,120.6,121.3,120.05,120.5,6815000.0
OGDC,2007-07-12,120.5,121.6,120.8,120.85,7433800.0
OGDC,2007-07-13,120.85,124.7,120.75,124.35,54017300.0
OGDC,2007-07-16,124.35,124.95,122.8,123.1,27342200.0
OGDC,2007-07-17,123.1,124.05,123.05,123.75,10745900.0
OGDC,2007-07-18,123.75,123.6,119.0,119.95,17546400.0
OGDC,2007-07-19,119.95,120.75,117.05,117.55,17943600.0
OGDC,2007-07-20,117.55,121.1,117.25,120.4,19897400.0
OGDC,2007-07-23,120.4,122.2,121.1,121.85,7856500.0
OGDC,2007-07-24,121.85,122.0,120.95,121.1,5929100.0
OGDC,2007-07-25,121.1,122.0,120.5,121.6,8124000.0
OGDC,2007-07-26,121.6,124.2,121.1,122.15,33148700.0
OGDC,2007-07-27,122.15,123.15,121.45,122.0,23921300.0
OGDC,2007-07-30,122.0,122.75,121.75,122.15,7002100.0
OGDC,2007-07-31,122.15,122.95,122.15,122.6,6375600.0
OGDC,2007-08-01,122.6,122.75,121.85,122.25,3708800.0
OGDC,2007-08-02,122.25,122.6,121.7,121.9,4318800.0
OGDC,2007-08-03,121.9,122.3,121.55,121.75,2359100.0
OGDC,2007-08-06,121.75,121.7,120.5,120.75,5577900.0
OGDC,2007-08-07,120.75,121.0,119.1,119.95,5644600.0
OGDC,2007-08-08,119.95,120.75,120.05,120.55,1345300.0
OGDC,2007-08-09,120.55,118.65,115.6,118.0,15163800.0
OGDC,2007-08-10,118.0,119.65,115.9,116.25,13495600.0
OGDC,2007-08-13,116.25,117.15,114.85,115.25,7132800.0
OGDC,2007-08-15,115.25,115.9,114.3,115.25,10388300.0
OGDC,2007-08-16,115.25,115.45,113.7,114.1,5942100.0
OGDC,2007-08-17,114.1,115.9,113.85,115.0,7310100.0
OGDC,2007-08-20,115.0,116.05,115.05,115.4,2609100.0
OGDC,2007-08-21,115.4,115.4,110.5,111.0,11357600.0
OGDC,2007-08-22,111.0,111.9,108.7,111.0,17631000.0
OGDC,2007-08-23,111.0,111.7,105.45,105.45,25687400.0
OGDC,2007-08-24,105.45,107.1,104.05,106.6,11734100.0
OGDC,2007-08-27,106.6,107.5,104.7,104.9,6196100.0
OGDC,2007-08-28,104.9,106.85,103.85,106.2,9647400.0
OGDC,2007-08-29,106.2,108.0,105.9,107.4,9967900.0
OGDC,2007-08-30,107.4,108.45,107.2,107.9,6663600.0
OGDC,2007-08-31,107.9,109.25,105.05,105.9,13231600.0
OGDC,2007-09-03,105.9,106.15,104.4,105.75,6062000.0
OGDC,2007-09-04,105.75,107.5,105.15,107.15,8869000.0
OGDC,2007-09-05,107.15,111.15,107.1,110.0,31365600.0
OGDC,2007-09-06,110.0,110.7,108.9,109.25,9348000.0
OGDC,2007-09-07,109.25,110.9,108.55,108.75,12461600.0
OGDC,2007-09-10,108.75,110.25,107.75,109.5,8233300.0
OGDC,2007-09-11,109.5,111.85,109.65,111.7,24586500.0
OGDC,2007-09-12,111.7,114.7,112.0,114.4,29623800.0
OGDC,2007-09-13,114.4,115.25,113.35,114.6,17971700.0
OGDC,2007-09-14,114.6,115.3,113.7,114.5,3512100.0
OGDC,2007-09-17,114.5,114.95,113.0,114.4,1175100.0
OGDC,2007-09-18,114.4,116.4,114.8,115.65,3954000.0
OGDC,2007-09-19,115.65,118.2,116.25,118.2,3422000.0
OGDC,2007-09-20,118.2,119.25,117.55,118.0,3169800.0
OGDC,2007-09-21,114.5,115.0,113.6,114.8,5277800.0
OGDC,2007-09-24,114.8,115.7,114.65,115.25,4668900.0
OGDC,2007-09-25,115.25,115.5,114.65,114.7,4541700.0
OGDC,2007-09-26,114.7,116.3,114.25,115.1,8501000.0
OGDC,2007-09-27,115.1,116.45,114.9,115.4,7481300.0
OGDC,2007-09-28,115.4,115.8,114.1,115.0,4256000.0
OGDC,2007-10-01,115.0,118.95,116.5,118.5,20841900.0
OGDC,2007-10-02,118.5,121.65,119.25,121.25,27377300.0
OGDC,2007-10-03,121.25,125.85,122.25,125.5,56609700.0
OGDC,2007-10-04,125.5,126.0,123.5,125.0,26937300.0
OGDC,2007-10-05,125.0,126.6,123.05,123.55,14884400.0
OGDC,2007-10-08,123.55,126.45,124.5,125.4,27735400.0
OGDC,2007-10-09,125.4,130.45,126.0,130.45,88169400.0
OGDC,2007-10-11,130.45,131.0,128.3,129.8,35249600.0
OGDC,2007-10-17,129.8,132.95,128.8,132.8,66430600.0
OGDC,2007-10-18,132.8,133.8,131.65,131.8,26481900.0
OGDC,2007-10-19,131.8,132.25,130.1,130.35,16136300.0
OGDC,2007-10-22,130.35,130.75,125.75,125.75,21679300.0
OGDC,2007-10-23,125.75,127.9,124.2,126.1,23551800.0
OGDC,2007-10-24,126.1,127.4,122.5,123.5,22479800.0
OGDC,2007-10-25,123.5,125.1,123.2,124.65,11730600.0
OGDC,2007-10-26,124.65,129.3,125.55,128.7,44155400.0
OGDC,2007-10-29,128.7,130.15,128.25,128.25,17650400.0
OGDC,2007-10-30,128.25,129.3,123.4,124.35,19196300.0
OGDC,2007-10-31,124.35,128.2,124.05,128.2,23799200.0
OGDC,2007-11-01,128.2,128.25,122.4,123.7,23251000.0
OGDC,2007-11-02,123.7,125.3,121.1,121.75,18501800.0
OGDC,2007-11-05,121.75,121.0,115.7,115.7,20710000.0
OGDC,2007-11-06,115.7,116.9,111.95,115.9,38270400.0
OGDC,2007-11-07,115.9,117.25,114.65,116.25,27409200.0
OGDC,2007-11-08,116.25,116.25,113.75,115.85,16491900.0
OGDC,2007-11-12,115.85,117.55,115.8,116.9,14064600.0
OGDC,2007-11-13,116.9,117.1,115.9,116.1,10473200.0
OGDC,2007-11-14,116.1,116.8,114.0,114.15,10670700.0
OGDC,2007-11-15,114.15,115.5,112.4,114.9,17913700.0
OGDC,2007-11-16,114.9,116.2,114.55,114.85,9709800.0
OGDC,2007-11-19,114.85,119.7,114.9,119.25,21464700.0
OGDC,2007-11-20,119.25,120.9,118.55,119.9,26516500.0
OGDC,2007-11-21,119.9,121.55,119.85,120.4,33238700.0
OGDC,2007-11-22,120.4,121.65,120.25,120.95,23862600.0
OGDC,2007-11-23,120.95,123.55,121.15,122.95,29082000.0
OGDC,2007-11-26,122.95,123.75,121.6,122.3,18354800.0
OGDC,2007-11-27,122.3,123.0,121.0,121.6,15465400.0
OGDC,2007-11-28,121.6,121.95,120.5,121.25,9966000.0
OGDC,2007-11-29,121.25,122.8,120.4,120.85,14654300.0
OGDC,2007-11-30,120.85,121.95,120.5,120.9,12405700.0
OGDC,2007-12-03,120.9,121.1,120.05,120.4,8170200.0
OGDC,2007-12-04,120.4,122.55,120.1,122.3,17839600.0
OGDC,2007-12-05,122.3,123.8,122.3,122.35,15762700.0
OGDC,2007-12-06,122.35,123.75,122.55,123.35,10397300.0
OGDC,2007-12-07,123.35,126.2,123.0,126.0,29349200.0
OGDC,2007-12-10,126.0,127.7,125.9,127.1,16177000.0
OGDC,2007-12-11,127.1,127.6,125.9,126.75,2240300.0
OGDC,2007-12-12,126.75,126.75,125.5,125.5,1591600.0
OGDC,2007-12-13,125.5,126.9,125.9,126.4,1387500.0
OGDC,2007-12-14,126.4,127.0,125.85,126.55,2537300.0
OGDC,2007-12-18,124.8,124.85,123.5,123.65,2655300.0
OGDC,2007-12-19,123.65,126.75,123.5,126.45,13834500.0
OGDC,2007-12-24,126.45,127.85,126.2,126.9,13281100.0
OGDC,2007-12-26,126.9,127.25,125.85,126.2,4130500.0
OGDC,2007-12-27,126.2,126.7,125.05,125.7,5898600.0
OGDC,2007-12-31,125.7,119.45,119.45,119.45,2770900.0
OGDC,2008-01-01,119.45,117.0,113.55,116.65,25259300.0
OGDC,2008-01-02,116.65,117.4,113.4,113.4,12622700.0
OGDC,2008-01-03,113.4,119.05,116.75,119.05,11309900.0
OGDC,2008-01-04,119.05,121.7,119.4,121.45,12087400.0
OGDC,2008-01-07,121.45,121.5,119.75,120.95,7985800.0
OGDC,2008-01-08,120.95,122.0,120.6,121.1,7975300.0
OGDC,2008-01-09,121.1,121.7,120.5,121.1,5446900.0
OGDC,2008-01-10,121.1,121.85,120.05,120.1,8089600.0
OGDC,2008-01-11,120.1,120.55,118.0,119.35,10776700.0
OGDC,2008-01-14,119.35,121.55,118.75,121.2,10032600.0
OGDC,2008-01-15,121.2,121.8,120.4,121.05,3234200.0
OGDC,2008-01-16,121.05,121.15,119.05,119.25,10469700.0
OGDC,2008-01-17,119.25,119.65,117.8,118.25,6068000.0
OGDC,2008-01-18,118.25,120.35,117.75,120.2,5760700.0
OGDC,2008-01-21,120.2,121.5,119.85,120.25,8412300.0
OGDC,2008-01-22,120.25,119.45,117.0,118.0,15736200.0
OGDC,2008-01-23,118.0,119.5,117.9,118.5,7244000.0
OGDC,2008-01-24,118.5,118.85,117.3,118.0,5291900.0
OGDC,2008-01-25,118.0,120.4,117.75,120.25,15402100.0
OGDC,2008-01-28,120.25,120.5,119.25,119.5,2304000.0
OGDC,2008-01-29,119.5,120.45,119.4,119.9,3569100.0
OGDC,2008-01-30,119.9,120.4,119.15,119.15,2524100.0
OGDC,2008-01-31,119.15,119.85,119.1,119.85,1481800.0
OGDC,2008-02-01,119.85,120.5,119.0,119.5,6514400.0
OGDC,2008-02-04,119.5,119.85,119.25,119.4,1385200.0
OGDC,2008-02-06,119.4,119.65,118.55,118.85,3260600.0
OGDC,2008-02-07,118.85,119.6,118.25,119.5,2784100.0
OGDC,2008-02-08,119.5,119.95,118.9,119.0,2019800.0
OGDC,2008-02-11,119.0,119.75,118.75,119.25,2234900.0
OGDC,2008-02-12,119.25,120.75,119.1,120.75,8050500.0
OGDC,2008-02-13,120.75,121.0,119.5,119.5,3898800.0
OGDC,2008-02-14,119.5,121.65,119.8,121.2,11346500.0
OGDC,2008-02-15,121.2,125.5,121.2,125.1,52086600.0
OGDC,2008-02-19,125.1,130.95,124.6,129.75,44447700.0
OGDC,2008-02-20,129.75,130.4,128.0,128.1,18764700.0
OGDC,2008-02-21,128.1,131.7,128.5,129.7,25835300.0
OGDC,2008-02-22,129.7,130.3,128.85,129.9,10882800.0
OGDC,2008-02-25,129.9,132.65,129.05,129.25,13707600.0
OGDC,2008-02-26,129.25,130.1,128.4,130.0,9454400.0
OGDC,2008-02-27,130.0,130.9,128.3,129.15,21311700.0
OGDC,2008-02-28,129.15,130.3,128.55,129.3,8277400.0
OGDC,2008-02-29,129.3,130.35,128.3,129.0,16633600.0
OGDC,2008-03-03,129.0,129.2,127.25,128.0,6467600.0
OGDC,2008-03-04,128.0,128.45,126.0,126.85,5124000.0
OGDC,2008-03-05,126.85,131.0,127.1,130.3,22943100.0
OGDC,2008-03-06,130.3,136.8,131.2,136.8,66331500.0
OGDC,2008-03-07,136.8,138.5,135.7,136.25,34614100.0
OGDC,2008-03-10,136.25,136.95,133.5,134.4,12883200.0
OGDC,2008-03-11,134.4,135.5,133.05,135.0,13630400.0
OGDC,2008-03-12,135.0,136.5,135.2,136.0,15885500.0
OGDC,2008-03-13,136.0,136.5,133.75,133.95,8105800.0
OGDC,2008-03-14,133.95,134.7,133.15,134.2,7691400.0
OGDC,2008-03-17,134.2,134.4,133.0,133.1,5735300.0
OGDC,2008-03-18,133.1,133.35,127.5,132.0,12339300.0
OGDC,2008-03-19,132.0,136.2,131.7,134.8,25116900.0
OGDC,2008-03-20,134.8,135.25,132.95,133.85,19128800.0
OGDC,2008-03-24,133.85,136.6,134.35,136.05,17039800.0
OGDC,2008-03-25,136.05,136.85,134.5,134.8,10509400.0
OGDC,2008-03-26,134.8,135.8,132.8,134.0,10566800.0
OGDC,2008-03-27,134.0,136.8,134.4,135.0,12085500.0
OGDC,2008-03-28,135.0,135.3,134.4,134.85,2475800.0
OGDC,2008-03-31,134.85,135.25,132.75,133.9,2929700.0
OGDC,2008-04-01,133.9,134.7,133.15,134.4,3540400.0
OGDC,2008-04-02,134.4,135.5,134.5,135.5,6492600.0
OGDC,2008-04-03,135.5,136.0,135.0,135.7,3436700.0
OGDC,2008-04-04,135.7,139.95,135.3,137.25,39296700.0
OGDC,2008-04-07,137.25,139.25,137.15,137.5,12248800.0
OGDC,2008-04-08,137.5,138.5,136.35,138.1,11230800.0
OGDC,2008-04-09,138.1,139.5,136.8,137.5,13387500.0
OGDC,2008-04-10,137.5,138.2,135.9,138.0,7420300.0
OGDC,2008-04-11,138.0,141.2,137.25,139.5,4734600.0
OGDC,2008-04-14,139.5,140.9,138.0,138.0,2914900.0
OGDC,2008-04-15,138.0,140.95,138.1,140.8,4392000.0
OGDC,2008-04-16,140.8,141.7,139.5,139.8,2379600.0
OGDC,2008-04-18,137.8,139.95,138.25,138.8,16566600.0
OGDC,2008-04-21,138.8,139.55,138.15,138.8,3892300.0
OGDC,2008-04-22,138.8,139.5,137.65,138.05,3820500.0
OGDC,2008-04-23,138.05,141.0,138.2,139.45,14429900.0
OGDC,2008-04-24,139.45,139.75,138.1,138.3,5119400.0
OGDC,2008-04-25,138.3,140.3,137.7,138.7,7787200.0
OGDC,2008-04-28,138.7,140.5,138.35,138.5,12079800.0
OGDC,2008-04-29,138.5,139.2,136.0,136.2,5390800.0
OGDC,2008-04-30,136.2,136.5,133.7,134.0,4919200.0
OGDC,2008-05-02,134.0,135.25,131.65,132.5,5301000.0
OGDC,2008-05-05,132.5,133.49,130.61,132.9,3968700.0
OGDC,2008-05-06,132.9,133.95,130.6,130.95,7034500.0
OGDC,2008-05-07,130.95,133.5,131.0,132.95,7399200.0
OGDC,2008-05-08,132.95,134.1,131.25,132.6,6765700.0
OGDC,2008-05-09,132.6,133.05,128.0,130.4,13265300.0
OGDC,2008-05-12,130.4,131.65,129.5,131.65,4625400.0
OGDC,2008-05-13,131.65,132.4,131.2,131.3,7272900.0
OGDC,2008-05-14,131.3,132.45,130.65,131.5,8526800.0
OGDC,2008-05-15,131.5,131.95,129.9,130.0,2760500.0
OGDC,2008-05-16,130.0,130.1,128.75,129.3,3369900.0
OGDC,2008-05-19,129.3,130.0,128.0,128.53,2823000.0
OGDC,2008-05-20,128.53,129.4,127.6,129.0,2717700.0
OGDC,2008-05-21,129.0,132.48,128.75,132.25,11931400.0
OGDC,2008-05-22,132.25,135.0,131.0,133.0,14127600.0
OGDC,2008-05-23,133.0,131.0,126.35,126.35,9803800.0
OGDC,2008-05-26,126.35,127.0,121.15,125.61,10951200.0
OGDC,2008-05-27,125.61,129.95,125.9,129.75,6655100.0
OGDC,2008-05-28,129.75,130.5,123.27,123.27,7945700.0
OGDC,2008-05-29,123.27,127.0,117.11,126.0,17633600.0
OGDC,2008-05-30,126.0,127.9,123.0,123.7,7070800.0
OGDC,2008-06-02,123.7,126.3,123.15,124.7,4377800.0
OGDC,2008-06-03,124.7,126.5,124.5,124.5,3568400.0
OGDC,2008-06-04,124.5,130.72,130.0,130.72,9143500.0
OGDC,2008-06-05,130.72,130.7,128.15,128.9,8898300.0
OGDC,2008-06-06,128.9,131.5,126.0,131.0,10831600.0
OGDC,2008-06-09,131.0,133.4,130.0,131.9,2701000.0
OGDC,2008-06-10,131.9,132.0,129.7,132.0,3929200.0
OGDC,2008-06-11,132.0,132.98,131.11,132.25,1658700.0
OGDC,2008-06-12,132.25,134.0,131.25,132.2,3745900.0
OGDC,2008-06-16,129.95,130.5,124.5,125.0,4041000.0
OGDC,2008-06-17,125.0,126.75,121.0,126.5,4812300.0
OGDC,2008-06-18,126.5,126.75,124.5,125.0,4472000.0
OGDC,2008-06-19,125.0,124.4,118.76,123.2,8781000.0
OGDC,2008-06-20,123.2,125.7,119.5,122.5,5727900.0
OGDC,2008-06-23,122.5,122.5,116.7,117.0,7427500.0
OGDC,2008-06-24,117.0,128.7,120.2,128.7,16502700.0
OGDC,2008-06-25,128.7,130.64,127.53,128.15,18118200.0
OGDC,2008-06-26,128.15,128.9,126.87,126.87,5903400.0
OGDC,2008-06-27,126.87,127.0,125.61,125.61,1178300.0
OGDC,2008-06-30,125.61,124.36,124.36,124.36,747100.0
OGDC,2008-07-01,124.36,125.49,123.12,124.4,7614900.0
OGDC,2008-07-02,124.4,124.4,123.16,123.16,1681200.0
OGDC,2008-07-03,123.16,122.25,121.93,121.93,1063100.0
OGDC,2008-07-04,121.93,121.0,120.72,120.72,1204900.0
OGDC,2008-07-07,120.72,119.9,119.52,119.52,506500.0
OGDC,2008-07-08,119.52,118.33,118.33,118.33,281500.0
OGDC,2008-07-09,118.33,120.25,117.15,118.5,7145500.0
OGDC,2008-07-10,118.5,118.89,117.32,117.32,1122300.0
OGDC,2008-07-11,117.32,116.15,116.15,116.15,269300.0
OGDC,2008-07-14,116.15,117.6,110.35,110.45,6387200.0
OGDC,2008-07-15,110.45,115.97,108.5,112.5,8185200.0
OGDC,2008-07-16,112.5,113.69,106.88,106.88,3494600.0
OGDC,2008-07-17,106.88,105.75,101.54,105.5,4377500.0
OGDC,2008-07-18,105.5,110.77,104.9,108.3,5259800.0
OGDC,2008-07-21,108.3,113.71,109.5,113.71,3102600.0
OGDC,2008-07-22,113.71,119.39,114.7,119.39,4694100.0
OGDC,2008-07-23,119.39,121.9,117.6,117.65,13576800.0
OGDC,2008-07-24,117.65,118.75,116.2,117.6,6112200.0
OGDC,2008-07-25,117.6,118.5,115.0,115.75,7522300.0
OGDC,2008-07-28,115.75,115.84,109.97,109.97,5768800.0
OGDC,2008-07-29,109.97,114.01,106.5,112.6,5303400.0
OGDC,2008-07-30,112.6,117.9,113.7,117.5,7844900.0
OGDC,2008-07-31,117.5,117.7,113.5,115.3,5458200.0
OGDC,2008-08-01,115.3,115.15,109.54,109.54,3611700.0
OGDC,2008-08-04,109.54,111.8,104.07,104.9,4754600.0
OGDC,2008-08-05,104.9,109.69,102.57,109.45,9455000.0
OGDC,2008-08-06,109.45,109.0,105.0,105.25,3784200.0
OGDC,2008-08-07,105.25,108.95,103.05,106.2,5328000.0
OGDC,2008-08-08,106.2,109.1,105.2,107.15,3845000.0
OGDC,2008-08-11,107.15,112.5,106.0,111.6,7990100.0
OGDC,2008-08-12,111.6,112.5,108.25,110.36,5515000.0
OGDC,2008-08-13,110.36,110.36,106.55,107.65,4555900.0
OGDC,2008-08-15,107.65,113.03,107.4,113.03,6966600.0
OGDC,2008-08-18,113.03,118.68,113.5,118.68,6984300.0
OGDC,2008-08-19,118.68,124.61,119.85,123.45,19811700.0
OGDC,2008-08-20,123.45,121.75,117.28,117.28,9125700.0
OGDC,2008-08-21,117.28,116.09,111.42,111.42,13454600.0
OGDC,2008-08-22,111.42,113.0,106.4,108.2,14438700.0
OGDC,2008-08-25,108.2,112.0,107.25,108.5,5994100.0
OGDC,2008-08-26,108.5,110.5,103.08,103.08,7372400.0
OGDC,2008-08-27,103.08,102.45,97.93,97.93,9094900.0
OGDC,2008-08-28,97.93,99.5,97.93,97.93,3258200.0
OGDC,2008-08-29,97.93,97.93,97.93,97.93,979000.0
OGDC,2008-09-01,97.93,97.93,97.93,97.93,1438400.0
OGDC,2008-09-02,97.93,97.93,97.93,97.93,145700.0
OGDC,2008-09-03,97.93,97.93,97.93,97.93,769200.0
OGDC,2008-09-04,97.93,97.93,97.93,97.93,652900.0
OGDC,2008-09-05,97.93,97.93,97.93,97.93,991600.0
OGDC,2008-09-08,97.93,98.45,97.93,97.93,3056300.0
OGDC,2008-09-09,97.93,97.93,97.93,97.93,61200.0
OGDC,2008-09-10,97.93,97.93,97.93,97.93,679500.0
OGDC,2008-09-11,97.93,97.93,97.93,97.93,119800.0
OGDC,2008-09-12,97.93,97.93,97.93,97.93,23000.0
OGDC,2008-09-15,97.93,97.93,97.93,97.93,482800.0
OGDC,2008-09-16,97.93,97.93,97.93,97.93,4400.0
OGDC,2008-09-17,97.93,97.93,97.93,97.93,73000.0
OGDC,2008-09-18,97.93,97.93,97.93,97.93,300.0
OGDC,2008-09-19,97.93,97.93,97.93,97.93,42400.0
OGDC,2008-09-22,94.43,94.43,94.43,94.43,277500.0
OGDC,2008-09-23,94.43,94.43,94.43,94.43,153100.0
OGDC,2008-09-24,94.43,94.43,94.43,94.43,4300.0
OGDC,2008-09-25,94.43,94.43,94.43,94.43,171800.0
OGDC,2008-09-29,94.43,94.43,94.43,94.43,160600.0
OGDC,2008-09-30,94.43,94.43,94.43,94.43,200.0
OGDC,2008-10-06,94.43,94.43,94.43,94.43,100.0
OGDC,2008-10-07,94.43,94.43,94.43,94.43,100.0
OGDC,2008-10-09,94.43,94.43,94.43,94.43,300.0
OGDC,2008-10-10,94.43,94.43,94.43,94.43,500.0
OGDC,2008-10-16,94.43,94.43,94.43,94.43,200.0
OGDC,2008-10-17,94.43,94.43,94.43,94.43,100.0
OGDC,2008-10-20,94.43,94.43,94.43,94.43,100.0
OGDC,2008-10-23,94.43,94.43,94.43,94.43,1000.0
OGDC,2008-10-27,94.43,94.43,94.43,94.43,600.0
OGDC,2008-10-29,94.43,94.43,94.43,94.43,14400.0
OGDC,2008-11-19,94.43,94.43,94.43,94.43,300.0
OGDC,2008-11-20,94.43,94.43,94.43,94.43,100.0
OGDC,2008-12-15,92.43,87.81,87.81,87.81,100.0
OGDC,2008-12-16,87.81,83.42,83.42,83.42,100.0
OGDC,2008-12-17,83.42,79.25,79.25,79.25,100.0
OGDC,2008-12-18,79.25,75.29,75.29,75.29,100.0
OGDC,2008-12-19,75.29,71.53,71.53,71.53,400.0
OGDC,2008-12-22,71.53,67.96,67.96,67.96,2500.0
OGDC,2008-12-23,67.96,64.57,64.57,64.57,100.0
OGDC,2008-12-24,64.57,61.35,61.35,61.35,800.0
OGDC,2008-12-26,61.35,58.29,58.29,58.29,2600.0
OGDC,2008-12-29,58.29,55.38,55.38,55.38,6300.0
OGDC,2008-12-30,55.38,52.62,52.62,52.62,14700.0
OGDC,2008-12-31,52.62,49.99,49.99,49.99,17500.0
OGDC,2009-01-01,49.99,47.5,47.5,47.5,130800.0
OGDC,2009-01-02,47.5,49.45,45.13,46.94,28796000.0
OGDC,2009-01-05,46.94,49.28,46.9,49.27,15281900.0
OGDC,2009-01-06,49.27,51.73,50.0,51.73,13525200.0
OGDC,2009-01-09,51.73,54.31,52.25,54.02,11342200.0
OGDC,2009-01-12,54.02,55.8,51.32,52.49,11911800.0
OGDC,2009-01-13,52.49,54.9,51.5,53.28,13230300.0
OGDC,2009-01-14,53.28,55.29,53.5,54.73,9965000.0
OGDC,2009-01-15,54.73,55.0,52.0,52.0,9138500.0
OGDC,2009-01-16,52.0,51.5,49.4,49.4,5292100.0
OGDC,2009-01-19,49.4,47.9,46.93,46.93,6635900.0
OGDC,2009-01-20,46.93,48.8,45.1,46.46,15787300.0
OGDC,2009-01-21,46.46,47.6,44.14,44.29,9340000.0
OGDC,2009-01-22,44.29,44.6,42.08,42.66,12629100.0
OGDC,2009-01-23,42.66,42.9,40.7,41.14,8646300.0
OGDC,2009-01-26,41.14,43.19,40.56,40.97,15971400.0
OGDC,2009-01-27,40.97,42.6,40.8,41.9,20531500.0
OGDC,2009-01-28,41.9,43.99,42.49,43.63,29138700.0
OGDC,2009-01-29,43.63,44.45,42.82,44.1,15933400.0
OGDC,2009-01-30,44.1,46.21,43.9,45.97,22846800.0
OGDC,2009-02-02,45.97,46.08,44.25,44.62,12183600.0
OGDC,2009-02-03,44.62,45.8,44.05,45.51,6753700.0
OGDC,2009-02-04,45.51,47.78,45.56,47.78,9926800.0
OGDC,2009-02-06,47.78,50.16,48.04,50.0,18376300.0
OGDC,2009-02-09,50.0,51.99,49.0,50.05,18373100.0
OGDC,2009-02-10,50.05,51.0,48.56,48.91,11163100.0
OGDC,2009-02-11,48.91,51.3,47.64,49.32,15654000.0
OGDC,2009-02-12,49.32,50.35,48.7,48.94,8008200.0
OGDC,2009-02-13,48.94,51.38,49.1,51.38,10050900.0
OGDC,2009-02-16,51.38,53.94,52.01,53.89,13745900.0
OGDC,2009-02-17,53.89,55.44,52.85,54.13,22205100.0
OGDC,2009-02-18,54.13,54.29,53.25,53.56,8975000.0
OGDC,2009-02-19,53.56,56.23,53.6,55.86,17416900.0
OGDC,2009-02-20,55.86,57.3,54.9,55.34,13708500.0
OGDC,2009-02-23,55.34,55.1,53.53,54.56,7612400.0
OGDC,2009-02-24,54.56,57.28,54.02,57.09,15978400.0
OGDC,2009-02-25,57.09,59.4,54.24,54.24,22238900.0
OGDC,2009-02-26,54.24,56.65,52.61,54.99,21231300.0
OGDC,2009-02-27,54.99,55.85,54.56,55.5,4872800.0
OGDC,2009-03-02,55.5,55.85,54.65,55.21,5087100.0
OGDC,2009-03-03,55.21,54.6,53.0,54.43,4633900.0
OGDC,2009-03-04,54.43,57.15,54.7,57.0,9726100.0
OGDC,2009-03-05,57.0,58.49,56.4,57.03,13398500.0
OGDC,2009-03-06,57.03,57.6,56.11,56.52,4823600.0
OGDC,2009-03-09,56.52,56.5,55.4,55.55,2091200.0
OGDC,2009-03-11,55.55,56.29,53.66,54.25,2679800.0
OGDC,2009-03-12,54.25,56.75,54.17,56.38,4678200.0
OGDC,2009-03-13,56.38,57.2,56.05,56.56,4014800.0
OGDC,2009-03-16,56.56,59.38,59.38,59.38,1166600.0
OGDC,2009-03-17,59.38,62.29,60.15,61.66,14508300.0
OGDC,2009-03-18,61.66,63.45,61.82,63.2,10202200.0
OGDC,2009-03-19,63.2,66.36,63.5,66.15,18930300.0
OGDC,2009-03-20,66.15,67.19,62.9,63.5,16683300.0
OGDC,2009-03-24,63.5,66.67,65.0,66.67,12162900.0
OGDC,2009-03-25,66.67,68.8,65.5,67.08,17115300.0
OGDC,2009-03-26,67.08,67.64,65.5,65.86,9707300.0
OGDC,2009-03-27,65.86,69.15,65.55,68.94,11131100.0
OGDC,2009-03-30,68.94,72.38,70.11,72.38,7828400.0
OGDC,2009-03-31,72.38,74.9,71.01,72.07,22932800.0
OGDC,2009-04-01,72.07,75.08,72.5,73.66,13402900.0
OGDC,2009-04-02,73.66,77.34,74.25,77.34,12101500.0
OGDC,2009-04-03,77.34,81.2,78.0,81.05,12994900.0
OGDC,2009-04-06,81.05,82.6,80.1,80.77,13296900.0
OGDC,2009-04-07,80.77,81.7,79.3,79.68,6579300.0
OGDC,2009-04-08,79.68,78.99,75.7,75.88,7141900.0
OGDC,2009-04-09,75.88,78.39,72.75,75.81,6831600.0
OGDC,2009-04-10,75.81,79.6,76.1,79.6,3604300.0
OGDC,2009-04-13,77.85,81.74,79.61,81.0,12935500.0
OGDC,2009-04-14,81.0,83.2,80.02,81.09,22596600.0
OGDC,2009-04-15,81.09,81.9,77.25,80.26,14884000.0
OGDC,2009-04-16,80.26,82.2,76.25,76.73,15564500.0
OGDC,2009-04-17,76.73,79.8,74.2,78.08,12418500.0
OGDC,2009-04-20,78.08,78.9,76.4,77.3,6296800.0
OGDC,2009-04-21,77.3,78.48,75.8,76.14,7221700.0
OGDC,2009-04-22,76.14,76.8,72.34,72.76,9442900.0
OGDC,2009-04-23,72.76,74.85,70.01,71.13,12198000.0
OGDC,2009-04-24,71.13,74.68,71.26,74.68,9689800.0
OGDC,2009-04-27,74.68,75.24,71.12,71.85,7266200.0
OGDC,2009-04-28,71.85,75.44,70.65,75.26,8838000.0
OGDC,2009-04-29,75.26,77.1,73.0,73.79,6508500.0
OGDC,2009-04-30,73.79,74.4,72.42,73.79,5973400.0
OGDC,2009-05-04,73.79,76.2,72.75,72.98,6014700.0
OGDC,2009-05-05,72.98,74.89,73.25,74.45,5117300.0
OGDC,2009-05-06,74.45,75.89,73.76,74.26,8430100.0
OGDC,2009-05-07,74.26,74.85,71.8,72.31,5872000.0
OGDC,2009-05-08,72.31,73.59,71.51,72.37,4167100.0
OGDC,2009-05-11,72.37,73.1,72.01,72.28,1090400.0
OGDC,2009-05-12,72.28,75.19,72.4,74.4,3606800.0
OGDC,2009-05-13,74.4,76.99,73.9,74.5,10372700.0
OGDC,2009-05-14,74.5,74.9,73.11,73.98,2059200.0
OGDC,2009-05-15,73.98,74.61,73.06,73.6,3790700.0
OGDC,2009-05-18,73.6,74.45,73.41,73.55,1172900.0
OGDC,2009-05-19,73.55,74.1,72.31,72.8,2707600.0
OGDC,2009-05-20,72.8,73.6,71.8,73.41,3034200.0
OGDC,2009-05-21,73.41,74.0,72.01,73.4,2611500.0
OGDC,2009-05-22,73.4,75.69,73.9,74.8,4884000.0
OGDC,2009-05-25,74.8,76.69,74.35,75.8,4653300.0
OGDC,2009-05-26,75.8,77.24,75.62,76.53,5545800.0
OGDC,2009-05-27,76.53,79.45,77.1,78.21,17307600.0
OGDC,2009-05-28,78.21,79.7,78.41,79.11,5665000.0
OGDC,2009-05-29,79.11,79.89,77.9,78.15,7102600.0
OGDC,2009-06-01,78.15,80.7,78.2,78.34,12299600.0
OGDC,2009-06-02,78.34,79.2,76.5,76.72,6942800.0
OGDC,2009-06-03,76.72,77.5,74.5,74.86,9786700.0
OGDC,2009-06-04,74.86,75.38,73.5,74.31,4009200.0
OGDC,2009-06-05,74.31,75.25,73.8,74.06,4870100.0
OGDC,2009-06-08,74.06,75.1,73.51,74.09,4705300.0
OGDC,2009-06-09,74.09,76.0,74.5,75.56,8171600.0
OGDC,2009-06-10,75.56,75.84,74.25,74.59,3533800.0
OGDC,2009-06-11,74.59,75.49,74.49,75.25,1960200.0
OGDC,2009-06-12,73.25,74.3,72.9,73.12,2211700.0
OGDC,2009-06-15,73.12,73.8,71.0,71.21,3141200.0
OGDC,2009-06-16,71.21,71.39,69.81,70.17,2803700.0
OGDC,2009-06-17,70.17,73.0,70.25,72.7,8284500.0
OGDC,2009-06-18,72.7,75.24,72.1,74.3,12460200.0
OGDC,2009-06-19,74.3,75.95,73.63,75.42,12204300.0
OGDC,2009-06-22,75.42,78.15,76.0,77.11,15128200.0
OGDC,2009-06-23,77.11,77.58,75.31,75.62,4145400.0
OGDC,2009-06-24,75.62,76.39,75.44,76.0,2053900.0
OGDC,2009-06-25,76.0,78.69,76.0,78.1,11873600.0
OGDC,2009-06-26,78.1,79.25,77.9,78.12,5708000.0
OGDC,2009-06-29,78.12,79.5,78.0,78.77,6190300.0
OGDC,2009-06-30,78.77,79.49,78.2,78.64,2723000.0
OGDC,2009-07-01,78.64,80.99,78.8,80.28,6807400.0
OGDC,2009-07-02,80.28,84.1,80.75,83.81,13589500.0
OGDC,2009-07-03,83.81,86.18,83.4,83.91,14262300.0
OGDC,2009-07-06,83.91,87.26,83.6,86.24,8218700.0
OGDC,2009-07-07,86.24,88.2,85.52,85.97,11206500.0
OGDC,2009-07-08,85.97,85.8,84.05,84.62,4625500.0
OGDC,2009-07-09,84.62,85.5,82.9,83.58,7104500.0
OGDC,2009-07-10,83.58,85.49,83.7,84.97,4220200.0
OGDC,2009-07-13,84.97,87.89,85.0,87.45,12400000.0
OGDC,2009-07-14,87.45,87.88,85.21,85.57,7418800.0
OGDC,2009-07-15,85.57,87.95,85.49,86.1,14205100.0
OGDC,2009-07-16,86.1,87.95,86.3,86.78,6116100.0
OGDC,2009-07-17,86.78,88.49,86.7,86.97,8721000.0
OGDC,2009-07-20,86.97,87.57,86.1,86.6,3342300.0
OGDC,2009-07-21,86.6,88.7,86.25,88.15,8537748.0
OGDC,2009-07-22,88.15,90.29,87.95,89.53,15827480.0
OGDC,2009-07-23,89.53,91.74,90.1,90.46,8493116.0
OGDC,2009-07-24,90.46,90.9,88.0,88.86,7063635.0
OGDC,2009-07-27,88.86,89.42,86.9,87.15,2964855.0
OGDC,2009-07-28,87.15,87.6,85.41,86.61,4127397.0
OGDC,2009-07-29,86.61,87.49,84.55,85.01,3409269.0
OGDC,2009-07-30,85.01,85.85,84.0,84.21,1969272.0
OGDC,2009-07-31,84.21,87.09,84.49,86.94,6188488.0
OGDC,2009-08-03,86.94,87.9,86.0,87.38,8199801.0
OGDC,2009-08-04,87.38,89.25,87.56,88.85,9136773.0
OGDC,2009-08-05,88.85,90.8,89.0,89.83,12526195.0
OGDC,2009-08-06,89.83,90.49,88.7,89.07,3647005.0
OGDC,2009-08-07,89.07,91.0,89.25,90.18,6059980.0
OGDC,2009-08-10,90.18,94.68,90.91,94.68,14479376.0
OGDC,2009-08-11,94.68,97.5,94.85,95.31,18210722.0
OGDC,2009-08-12,95.31,96.18,94.48,94.91,5858629.0
OGDC,2009-08-13,94.91,95.34,90.61,92.63,10538242.0
OGDC,2009-08-17,92.63,93.39,90.0,92.6,9845471.0
OGDC,2009-08-18,92.6,95.0,92.71,94.24,5674674.0
OGDC,2009-08-19,94.24,95.5,91.9,92.17,7224880.0
OGDC,2009-08-20,92.17,94.0,91.3,92.7,5289841.0
OGDC,2009-08-21,92.7,95.8,92.85,95.09,5027033.0
OGDC,2009-08-24,95.09,99.5,95.55,98.86,12158152.0
OGDC,2009-08-25,98.86,100.6,96.35,96.77,10587253.0
OGDC,2009-08-26,96.77,99.1,96.3,98.73,6593316.0
OGDC,2009-08-27,98.73,101.3,98.7,99.58,10126022.0
OGDC,2009-08-28,99.58,104.28,99.7,103.71,12242458.0
OGDC,2009-08-31,103.71,108.89,102.9,107.92,20097131.0
OGDC,2009-09-01,107.92,113.31,103.22,108.29,38411032.0
OGDC,2009-09-02,108.29,112.4,107.21,109.98,20488538.0
OGDC,2009-09-03,109.98,110.2,107.0,109.54,11688281.0
OGDC,2009-09-04,109.54,115.01,109.73,115.01,15205154.0
OGDC,2009-09-07,115.01,118.25,111.7,112.63,16309045.0
OGDC,2009-09-08,112.63,113.25,110.81,111.98,9052198.0
OGDC,2009-09-09,111.98,115.01,112.8,113.36,14829560.0
OGDC,2009-09-10,113.36,113.6,108.56,109.53,15226303.0
OGDC,2009-09-11,109.53,114.4,110.1,112.09,12864701.0
OGDC,2009-09-14,112.09,114.55,112.03,112.59,6403542.0
OGDC,2009-09-15,112.59,114.1,109.76,113.52,11214609.0
OGDC,2009-09-16,113.52,116.4,113.6,115.84,9785067.0
OGDC,2009-09-17,115.84,117.8,113.78,114.43,9376708.0
OGDC,2009-09-18,111.93,115.0,112.0,114.51,7055056.0
OGDC,2009-09-24,114.51,117.4,115.01,115.53,11204160.0
OGDC,2009-09-25,115.53,116.75,112.5,112.91,11656590.0
OGDC,2009-09-28,112.91,113.0,107.27,108.28,5739743.0
OGDC,2009-09-29,108.28,110.5,107.25,108.22,7577886.0
OGDC,2009-09-30,108.22,111.15,106.5,107.38,14719477.0
OGDC,2009-10-01,107.38,109.5,106.75,107.11,4570083.0
OGDC,2009-10-02,107.11,108.89,106.5,108.37,4080354.0
OGDC,2009-10-05,108.37,109.3,106.83,107.1,4291956.0
OGDC,2009-10-06,107.1,112.45,106.9,111.36,13365836.0
OGDC,2009-10-07,111.36,114.62,112.11,113.76,13414218.0
OGDC,2009-10-08,113.76,114.0,109.7,110.27,6771389.0
OGDC,2009-10-09,110.27,112.5,110.1,110.63,4117822.0
OGDC,2009-10-12,110.63,110.84,109.0,109.81,2218039.0
OGDC,2009-10-13,109.81,110.9,109.65,110.24,1017571.0
OGDC,2009-10-14,110.24,112.7,110.9,111.15,5637645.0
OGDC,2009-10-15,111.15,114.88,111.9,114.17,19643677.0
OGDC,2009-10-16,114.17,115.44,111.01,112.01,12274974.0
OGDC,2009-10-19,112.01,112.39,106.41,106.83,5540259.0
OGDC,2009-10-20,106.83,109.89,107.21,108.17,6932547.0
OGDC,2009-10-21,108.17,107.49,104.11,104.78,5050993.0
OGDC,2009-10-22,104.78,106.5,101.31,105.05,7039479.0
OGDC,2009-10-23,105.05,106.51,104.0,104.51,4218212.0
OGDC,2009-10-26,104.51,109.21,105.32,108.22,9405213.0
OGDC,2009-10-27,108.22,110.4,107.6,108.0,8509005.0
OGDC,2009-10-28,108.0,109.1,107.75,108.37,3490146.0
OGDC,2009-10-29,108.37,109.0,103.65,105.17,9892431.0
OGDC,2009-10-30,105.17,105.75,102.86,103.61,8734461.0
OGDC,2009-11-02,103.61,104.2,100.05,101.22,4601794.0
OGDC,2009-11-03,101.22,104.1,100.6,103.61,4224942.0
OGDC,2009-11-04,103.61,106.2,103.61,105.76,3506767.0
OGDC,2009-11-05,105.76,108.2,105.9,106.49,5186246.0
OGDC,2009-11-06,106.49,107.3,103.0,103.37,3012379.0
OGDC,2009-11-10,103.37,104.2,101.1,102.08,3099766.0
OGDC,2009-11-11,102.08,103.38,99.51,101.74,6988863.0
OGDC,2009-11-12,101.74,102.31,99.99,100.27,3616357.0
OGDC,2009-11-13,100.27,103.15,99.8,102.74,5351262.0
OGDC,2009-11-16,102.74,107.69,102.47,107.08,10184068.0
OGDC,2009-11-17,107.08,108.16,105.4,106.08,7375747.0
OGDC,2009-11-18,106.08,109.0,106.25,107.1,12404417.0
OGDC,2009-11-19,107.1,109.78,108.2,109.34,6620871.0
OGDC,2009-11-20,109.34,112.2,109.3,110.98,6416225.0
OGDC,2009-11-23,110.98,110.7,108.7,110.11,2317685.0
OGDC,2009-11-24,110.11,112.0,109.5,110.17,3178223.0
OGDC,2009-11-25,110.17,111.39,107.76,108.1,3978997.0
OGDC,2009-11-26,108.1,108.25,106.0,106.39,7513412.0
OGDC,2009-12-01,106.39,105.7,102.7,104.06,7487808.0
OGDC,2009-12-02,104.06,106.25,104.55,105.45,3955808.0
OGDC,2009-12-03,105.45,106.49,105.0,105.23,1254573.0
OGDC,2009-12-04,105.23,105.6,104.11,104.73,1592650.0
OGDC,2009-12-07,104.73,105.84,104.6,105.21,1593358.0
OGDC,2009-12-08,105.21,105.48,103.2,103.84,2247106.0
OGDC,2009-12-09,103.84,104.58,103.3,104.16,633895.0
OGDC,2009-12-10,104.16,105.85,103.5,105.23,4412408.0
OGDC,2009-12-11,105.23,107.06,105.2,106.9,2551516.0
OGDC,2009-12-14,105.9,108.6,105.9,108.12,3877703.0
OGDC,2009-12-15,108.12,109.77,107.95,108.25,3918971.0
OGDC,2009-12-16,108.25,109.25,107.5,107.99,4748285.0
OGDC,2009-12-17,107.99,109.6,107.8,108.03,1780492.0
OGDC,2009-12-18,108.03,109.1,107.25,107.61,1487103.0
OGDC,2009-12-21,107.61,108.15,107.01,107.31,505178.0
OGDC,2009-12-22,107.31,109.5,107.4,109.04,2362027.0
OGDC,2009-12-23,109.04,110.15,107.7,108.03,4292340.0
OGDC,2009-12-24,108.03,112.03,108.5,111.37,9122549.0
OGDC,2009-12-29,111.37,112.4,109.5,111.82,2821701.0
OGDC,2009-12-30,111.82,115.09,112.6,113.34,6591300.0
OGDC,2009-12-31,113.34,113.75,110.3,110.61,4930763.0
OGDC,2010-01-04,110.61,112.12,110.25,111.89,1834618.0
OGDC,2010-01-05,111.89,117.48,112.0,117.41,15927999.0
OGDC,2010-01-06,117.41,120.85,118.0,118.73,10009389.0
OGDC,2010-01-07,118.73,119.99,116.7,117.2,5946986.0
OGDC,2010-01-08,117.2,118.0,116.28,116.66,2890453.0
OGDC,2010-01-11,116.66,118.39,116.5,116.7,2139218.0
OGDC,2010-01-12,116.7,117.39,116.12,116.69,1742588.0
OGDC,2010-01-13,116.69,118.72,116.55,117.05,4082636.0
OGDC,2010-01-14,117.05,117.8,115.81,116.18,2502039.0
OGDC,2010-01-15,116.18,118.95,116.66,117.7,6482979.0
OGDC,2010-01-18,117.7,117.9,116.51,116.7,1689171.0
OGDC,2010-01-19,116.7,118.85,116.99,117.99,3754760.0
OGDC,2010-01-20,117.99,118.4,116.66,117.36,4181906.0
OGDC,2010-01-21,117.36,117.8,116.0,116.35,2043814.0
OGDC,2010-01-22,116.35,117.61,116.1,116.85,1793868.0
OGDC,2010-01-25,116.85,117.4,115.31,115.6,1232094.0
OGDC,2010-01-26,115.6,116.6,114.9,115.03,1440114.0
OGDC,2010-01-27,115.03,116.0,114.71,114.86,1108079.0
OGDC,2010-01-28,114.86,116.59,113.25,116.03,3507194.0
OGDC,2010-01-29,116.03,116.5,114.4,115.94,2210130.0
OGDC,2010-02-01,115.94,116.5,114.81,115.25,772762.0
OGDC,2010-02-02,115.25,116.1,114.1,114.77,2126671.0
OGDC,2010-02-03,114.77,115.39,114.25,114.93,1415287.0
OGDC,2010-02-04,114.93,118.9,115.6,117.13,10244980.0
OGDC,2010-02-08,117.13,120.65,116.5,119.35,6620573.0
OGDC,2010-02-09,119.35,119.54,117.8,118.05,1371850.0
OGDC,2010-02-10,118.05,118.74,116.9,117.07,1642219.0
OGDC,2010-02-11,117.07,118.36,117.11,117.43,1689649.0
OGDC,2010-02-12,117.43,118.99,116.51,117.03,7686933.0
OGDC,2010-02-15,117.03,117.5,116.0,117.15,1634603.0
OGDC,2010-02-16,117.15,118.4,117.0,117.99,1190814.0
OGDC,2010-02-17,117.99,121.15,119.25,120.57,8721773.0
OGDC,2010-02-18,120.57,122.3,120.6,120.74,2951738.0
OGDC,2010-02-19,120.74,121.7,119.12,119.42,2893537.0
OGDC,2010-02-22,119.42,121.4,118.85,120.94,8565773.0
OGDC,2010-02-23,120.94,121.3,117.0,117.52,4595106.0
OGDC,2010-02-24,117.52,118.69,116.0,116.68,3615275.0
OGDC,2010-02-25,116.68,117.19,115.03,116.66,1617582.0
OGDC,2010-02-26,116.66,117.75,116.8,117.44,1805626.0
OGDC,2010-03-01,117.44,118.2,116.1,116.51,1976969.0
OGDC,2010-03-02,116.51,117.99,116.51,117.32,1915366.0
OGDC,2010-03-03,117.32,118.1,116.05,116.4,4790432.0
OGDC,2010-03-04,116.4,117.0,115.65,116.58,1826557.0
OGDC,2010-03-05,116.58,118.2,116.58,117.61,2846652.0
OGDC,2010-03-08,117.61,118.62,117.21,118.1,1123144.0
OGDC,2010-03-09,118.1,119.9,118.19,118.98,1914115.0
OGDC,2010-03-10,118.98,119.69,118.5,118.83,1268506.0
OGDC,2010-03-11,118.83,119.99,118.71,119.47,1179817.0
OGDC,2010-03-12,119.47,125.44,119.7,125.36,14173580.0
OGDC,2010-03-15,125.36,126.23,123.6,124.0,4769429.0
OGDC,2010-03-16,124.0,125.9,122.95,123.56,5179342.0
OGDC,2010-03-17,123.56,126.6,123.6,123.93,8115257.0
OGDC,2010-03-18,123.93,125.74,124.1,124.29,1546526.0
OGDC,2010-03-19,124.29,126.1,124.35,125.84,2797359.0
OGDC,2010-03-22,125.84,127.35,125.21,126.87,3996079.0
OGDC,2010-03-24,126.87,129.1,127.5,128.27,3549784.0
OGDC,2010-03-25,128.27,129.15,126.55,127.01,2957517.0
OGDC,2010-03-26,127.01,127.68,126.0,126.38,3041933.0
OGDC,2010-03-29,126.38,126.9,124.0,124.68,2315177.0
OGDC,2010-03-30,124.68,128.0,123.8,127.35,6851755.0
OGDC,2010-03-31,127.35,133.36,127.0,129.86,11618216.0
OGDC,2010-04-01,129.86,132.34,129.21,129.79,3797183.0
OGDC,2010-04-02,129.79,132.69,130.0,132.25,4583329.0
OGDC,2010-04-05,132.25,134.0,130.8,131.86,5946887.0
OGDC,2010-04-06,131.86,132.45,130.01,131.1,3373363.0
OGDC,2010-04-07,131.1,134.1,131.25,133.57,2362548.0
OGDC,2010-04-08,133.57,134.3,132.55,133.32,375075.0
OGDC,2010-04-09,133.32,134.5,132.75,133.2,1435369.0
OGDC,2010-04-12,131.7,133.73,130.75,130.96,2423298.0
OGDC,2010-04-13,130.96,132.0,130.25,131.18,2769407.0
OGDC,2010-04-14,131.18,132.0,130.51,130.87,1086732.0
OGDC,2010-04-15,130.87,134.95,131.1,134.33,4039605.0
OGDC,2010-04-16,134.33,135.4,132.5,133.36,3023828.0
OGDC,2010-04-19,133.36,134.95,132.76,134.71,2994491.0
OGDC,2010-04-20,134.71,135.1,133.11,133.47,2162457.0
OGDC,2010-04-21,133.47,133.5,132.03,133.17,1890138.0
OGDC,2010-04-22,133.17,134.24,132.55,133.56,1177286.0
OGDC,2010-04-23,133.56,134.4,133.05,133.61,1047904.0
OGDC,2010-04-26,133.61,134.0,132.56,133.44,1746660.0
OGDC,2010-04-27,133.44,135.15,133.12,133.43,2348771.0
OGDC,2010-04-28,133.43,134.95,133.0,134.32,2942853.0
OGDC,2010-04-29,134.32,135.0,132.65,133.13,2717283.0
OGDC,2010-04-30,133.13,134.5,132.75,133.96,1230376.0
OGDC,2010-05-03,133.96,134.75,133.0,134.67,2651474.0
OGDC,2010-05-04,134.67,135.6,133.7,133.96,2788031.0
OGDC,2010-05-05,133.96,140.19,133.5,138.01,11332931.0
OGDC,2010-05-06,138.01,138.75,137.5,137.97,2764862.0
OGDC,2010-05-07,137.97,137.5,134.65,135.02,1732559.0
OGDC,2010-05-10,135.02,135.7,134.13,135.2,844112.0
OGDC,2010-05-11,135.2,136.8,134.5,135.04,1059407.0
OGDC,2010-05-12,135.04,136.75,134.6,136.21,892816.0
OGDC,2010-05-13,136.21,136.95,135.8,136.2,514655.0
OGDC,2010-05-14,136.2,139.88,135.65,138.05,4138807.0
OGDC,2010-05-17,138.05,138.65,136.04,136.37,1639249.0
OGDC,2010-05-18,136.37,137.49,136.0,136.28,2801384.0
OGDC,2010-05-19,136.28,136.6,134.57,135.13,1053137.0
OGDC,2010-05-20,135.13,135.25,134.01,134.21,481209.0
OGDC,2010-05-21,134.21,134.49,131.8,132.5,990839.0
OGDC,2010-05-24,132.5,133.4,128.8,129.82,1582798.0
OGDC,2010-05-25,129.82,130.9,126.0,126.86,1523721.0
OGDC,2010-05-26,126.86,130.29,126.12,129.78,1096263.0
OGDC,2010-05-27,129.78,130.8,129.02,129.79,3499405.0
OGDC,2010-05-28,129.79,134.38,130.0,134.05,7054085.0
OGDC,2010-05-31,134.05,134.39,129.9,131.42,748646.0
OGDC,2010-06-01,131.42,134.98,127.55,133.73,2503506.0
OGDC,2010-06-02,133.73,135.65,133.52,133.99,2030832.0
OGDC,2010-06-03,133.99,135.48,134.02,134.68,1061666.0
OGDC,2010-06-04,134.68,136.99,134.5,134.98,1107743.0
OGDC,2010-06-07,134.98,136.0,132.15,134.43,642663.0
OGDC,2010-06-08,134.43,135.0,133.71,133.97,510020.0
OGDC,2010-06-09,133.97,134.25,132.9,133.08,133460.0
OGDC,2010-06-10,133.08,133.59,128.54,129.33,603910.0
OGDC,2010-06-11,129.33,130.98,129.8,130.21,171915.0
OGDC,2010-06-14,128.71,126.0,123.5,125.57,2197516.0
OGDC,2010-06-15,125.57,128.49,125.59,126.96,615781.0
OGDC,2010-06-16,126.96,129.23,127.05,128.37,580185.0
OGDC,2010-06-17,128.37,134.75,127.0,133.8,1890519.0
OGDC,2010-06-18,133.8,138.08,132.3,133.97,3417716.0
OGDC,2010-06-21,133.97,134.18,132.75,133.27,810507.0
OGDC,2010-06-22,133.27,136.0,133.46,134.0,1101080.0
OGDC,2010-06-23,134.0,136.14,134.49,135.71,1109408.0
OGDC,2010-06-24,135.71,139.75,135.6,138.98,2418088.0
OGDC,2010-06-25,138.98,141.65,138.88,141.16,2462682.0
OGDC,2010-06-28,141.16,142.4,140.21,141.16,1981690.0
OGDC,2010-06-29,141.16,142.0,139.38,141.1,786870.0
OGDC,2010-06-30,141.1,142.65,140.31,141.69,1363250.0
OGDC,2010-07-01,141.69,142.6,141.7,141.94,178276.0
OGDC,2010-07-02,141.94,142.75,141.05,142.0,59014.0
OGDC,2010-07-05,142.0,142.7,140.4,141.23,199722.0
OGDC,2010-07-06,141.23,141.47,138.51,139.06,440310.0
OGDC,2010-07-07,139.06,144.0,138.99,142.4,588368.0
OGDC,2010-07-08,142.4,144.69,141.56,142.25,1241057.0
OGDC,2010-07-09,142.25,145.01,142.06,144.5,4753936.0
OGDC,2010-07-12,144.5,146.5,144.5,145.49,1151029.0
OGDC,2010-07-13,145.49,150.0,144.51,149.56,3759216.0
OGDC,2010-07-14,149.56,150.44,147.32,148.06,1113573.0
OGDC,2010-07-15,148.06,149.0,146.0,146.09,929980.0
OGDC,2010-07-16,146.09,149.6,145.7,147.86,829081.0
OGDC,2010-07-19,147.86,149.59,148.01,148.28,666132.0
OGDC,2010-07-20,148.28,149.5,147.9,148.4,405044.0
OGDC,2010-07-21,148.4,149.5,147.25,148.46,533420.0
OGDC,2010-07-22,148.46,149.7,148.0,148.19,385427.0
OGDC,2010-07-23,148.19,151.89,147.5,150.89,8694934.0
OGDC,2010-07-26,150.89,152.78,151.0,151.92,1759234.0
OGDC,2010-07-27,151.92,153.0,151.6,152.51,1564123.0
OGDC,2010-07-28,152.51,152.74,151.9,152.37,784491.0
OGDC,2010-07-29,152.37,152.5,151.3,151.62,617366.0
OGDC,2010-07-30,151.62,152.55,150.75,152.0,1861173.0
OGDC,2010-08-02,152.0,150.11,147.0,148.22,1896505.0
OGDC,2010-08-03,148.22,150.0,147.02,147.97,1967319.0
OGDC,2010-08-04,147.97,149.38,147.7,148.0,839186.0
OGDC,2010-08-05,148.0,149.9,148.0,149.19,1160958.0
OGDC,2010-08-06,149.19,149.99,148.3,149.43,2258810.0
OGDC,2010-08-09,149.43,149.65,143.11,145.66,895450.0
OGDC,2010-08-10,145.66,145.49,141.05,141.89,928343.0
OGDC,2010-08-11,141.89,144.7,140.5,140.96,1435986.0
OGDC,2010-08-12,140.96,141.9,137.02,138.12,680242.0
OGDC,2010-08-13,138.12,138.85,137.52,138.0,328692.0
OGDC,2010-08-16,138.0,138.4,133.5,133.96,631604.0
OGDC,2010-08-17,133.96,138.0,133.0,137.01,824463.0
OGDC,2010-08-18,137.01,139.0,136.11,137.88,1016979.0
OGDC,2010-08-19,137.88,141.7,137.6,141.08,942355.0
OGDC,2010-08-20,141.08,142.35,139.01,141.21,724649.0
OGDC,2010-08-23,141.21,142.0,139.71,140.42,356269.0
OGDC,2010-08-24,140.42,140.98,137.13,138.14,561764.0
OGDC,2010-08-25,138.14,140.0,136.3,138.34,462720.0
OGDC,2010-08-26,138.34,139.49,137.25,137.66,330782.0
OGDC,2010-08-27,137.66,138.38,136.6,137.82,1643146.0
OGDC,2010-08-30,137.82,138.15,136.9,137.47,224697.0
OGDC,2010-08-31,137.47,143.91,138.0,143.6,1226521.0
OGDC,2010-09-01,143.6,143.69,140.05,142.31,844252.0
OGDC,2010-09-02,142.31,145.25,141.31,143.46,606525.0
OGDC,2010-09-03,143.46,144.8,142.15,143.23,275854.0
OGDC,2010-09-06,143.23,143.9,142.05,143.27,194399.0
OGDC,2010-09-07,143.27,144.9,141.6,144.33,431205.0
OGDC,2010-09-08,144.33,146.5,143.45,145.83,551700.0
OGDC,2010-09-09,145.83,147.65,145.05,145.4,722374.0
OGDC,2010-09-14,145.4,149.55,146.45,148.14,813236.0
OGDC,2010-09-15,148.14,148.95,146.31,147.24,389821.0
OGDC,2010-09-16,147.24,149.0,146.1,146.39,377361.0
OGDC,2010-09-17,146.39,147.7,145.51,146.99,222528.0
OGDC,2010-09-20,145.49,146.9,145.2,145.92,210140.0
OGDC,2010-09-21,145.92,146.69,145.21,146.08,689690.0
OGDC,2010-09-22,146.08,146.65,146.0,146.07,591271.0
OGDC,2010-09-23,146.07,146.8,144.12,144.57,154034.0
OGDC,2010-09-24,144.57,145.98,142.05,145.01,1408460.0
OGDC,2010-09-27,145.01,145.0,143.3,144.07,287227.0
OGDC,2010-09-28,144.07,144.83,143.5,143.89,498284.0
OGDC,2010-09-29,143.89,145.38,143.51,144.85,252945.0
OGDC,2010-09-30,144.85,146.4,144.0,145.71,215196.0
OGDC,2010-10-01,145.71,147.99,145.05,146.7,405269.0
OGDC,2010-10-04,146.7,148.0,146.25,146.52,159471.0
OGDC,2010-10-05,146.52,146.98,145.25,146.47,106099.0
OGDC,2010-10-06,146.47,146.5,144.61,145.21,247674.0
OGDC,2010-10-07,145.21,147.6,145.02,147.08,727115.0
OGDC,2010-10-08,147.08,147.6,146.6,147.21,436197.0
OGDC,2010-10-11,147.21,148.6,146.62,148.13,1773311.0
OGDC,2010-10-12,148.13,148.88,147.3,147.71,228641.0
OGDC,2010-10-13,147.71,149.8,147.4,149.51,1622590.0
OGDC,2010-10-14,149.51,151.2,149.7,150.02,1525750.0
OGDC,2010-10-15,150.02,151.5,149.5,151.17,877184.0
OGDC,2010-10-18,151.17,154.05,151.0,152.73,1193127.0
OGDC,2010-10-19,152.73,153.5,151.5,152.36,510932.0
OGDC,2010-10-20,152.36,153.6,151.95,152.28,288333.0
OGDC,2010-10-21,152.28,153.25,150.92,152.35,349334.0
OGDC,2010-10-22,152.35,154.25,151.5,153.16,1247624.0
OGDC,2010-10-25,153.16,153.79,151.0,152.65,529524.0
OGDC,2010-10-26,152.65,153.34,151.55,152.85,432227.0
OGDC,2010-10-27,152.85,155.5,152.26,154.92,1348623.0
OGDC,2010-10-28,154.92,156.0,153.15,153.75,216483.0
OGDC,2010-10-29,153.75,155.0,152.2,153.94,564090.0
OGDC,2010-11-01,153.94,155.7,153.25,153.87,666169.0
OGDC,2010-11-02,153.87,155.3,154.27,154.95,584627.0
OGDC,2010-11-03,154.95,156.5,153.62,154.07,1386450.0
OGDC,2010-11-04,154.07,155.75,153.85,155.08,872837.0
OGDC,2010-11-05,155.08,159.7,155.4,158.34,2205179.0
OGDC,2010-11-08,158.34,160.2,157.0,158.68,900214.0
OGDC,2010-11-10,158.68,159.5,157.51,158.45,467895.0
OGDC,2010-11-11,158.45,159.89,157.0,158.25,583071.0
OGDC,2010-11-12,158.25,158.95,157.75,158.4,161526.0
OGDC,2010-11-15,158.4,159.4,157.56,159.04,272926.0
OGDC,2010-11-16,159.04,159.89,158.65,159.49,117353.0
OGDC,2010-11-22,159.49,167.0,159.11,166.23,1200060.0
OGDC,2010-11-23,166.23,166.9,163.01,163.53,914307.0
OGDC,2010-11-24,163.53,164.6,161.65,163.47,480095.0
OGDC,2010-11-25,163.47,164.25,161.27,162.22,409220.0
OGDC,2010-11-26,162.22,164.0,161.9,163.34,357714.0
OGDC,2010-11-29,163.34,164.2,162.0,163.76,136641.0
OGDC,2010-11-30,163.76,164.5,162.5,162.87,663597.0
OGDC,2010-12-01,162.87,165.2,162.9,164.03,1119138.0
OGDC,2010-12-02,164.03,166.95,163.15,165.66,1593709.0
OGDC,2010-12-03,165.66,167.35,165.6,166.08,688898.0
OGDC,2010-12-06,166.08,167.05,166.0,166.49,1133032.0
OGDC,2010-12-07,166.49,167.4,166.4,167.02,266536.0
OGDC,2010-12-08,167.02,170.99,166.9,169.59,987911.0
OGDC,2010-12-09,169.59,169.98,168.1,168.45,271884.0
OGDC,2010-12-10,168.45,169.4,167.75,168.12,372612.0
OGDC,2010-12-13,166.62,167.0,165.4,165.72,196634.0
OGDC,2010-12-14,165.72,168.45,164.77,166.36,947773.0
OGDC,2010-12-15,166.36,168.73,166.02,167.52,1243376.0
OGDC,2010-12-20,167.52,171.4,168.0,168.25,393059.0
OGDC,2010-12-21,168.25,168.9,167.21,167.48,488400.0
OGDC,2010-12-22,167.48,170.1,167.0,169.34,851831.0
OGDC,2010-12-23,169.34,169.95,167.8,168.78,252223.0
OGDC,2010-12-24,168.78,169.5,168.05,169.32,153121.0
OGDC,2010-12-27,169.32,169.5,168.32,169.08,171889.0
OGDC,2010-12-28,169.08,169.98,167.7,168.13,367925.0
OGDC,2010-12-29,168.13,170.59,167.5,168.7,944066.0
OGDC,2010-12-30,168.7,170.85,168.6,170.45,460702.0
OGDC,2010-12-31,170.45,171.75,170.25,170.83,529082.0
OGDC,2011-01-03,170.83,170.25,165.12,169.54,477819.0
OGDC,2011-01-04,169.54,171.75,169.5,171.28,498055.0
OGDC,2011-01-05,171.28,173.0,169.35,172.81,601639.0
OGDC,2011-01-06,172.81,181.45,172.36,178.81,734800.0
OGDC,2011-01-07,178.81,181.0,177.05,180.66,1077465.0
OGDC,2011-01-10,180.66,185.0,176.0,177.95,1376337.0
OGDC,2011-01-11,177.95,179.24,172.65,174.04,1755225.0
OGDC,2011-01-12,174.04,174.85,170.0,171.13,2188374.0
OGDC,2011-01-13,171.13,174.99,171.25,174.62,1717373.0
OGDC,2011-01-14,174.62,175.85,172.8,173.29,1053362.0
OGDC,2011-01-17,173.29,175.55,173.35,175.05,1240842.0
OGDC,2011-01-18,175.05,177.75,173.9,174.54,486515.0
OGDC,2011-01-19,174.54,175.75,172.0,173.3,1293045.0
OGDC,2011-01-20,173.3,173.97,171.5,172.32,914488.0
OGDC,2011-01-21,172.32,173.5,171.01,171.71,284554.0
OGDC,2011-01-24,171.71,172.84,170.71,171.85,303777.0
OGDC,2011-01-25,171.85,174.3,170.75,173.77,351699.0
OGDC,2011-01-26,173.77,175.0,173.35,174.73,556514.0
OGDC,2011-01-27,174.73,175.24,173.11,174.64,231229.0
OGDC,2011-01-28,174.64,174.9,172.5,173.06,402577.0
OGDC,2011-01-31,173.06,175.8,168.01,171.94,1811682.0
OGDC,2011-02-01,171.94,172.5,169.55,171.78,888020.0
OGDC,2011-02-02,171.78,173.0,171.96,172.54,243512.0
OGDC,2011-02-03,172.54,173.5,172.3,172.85,80153.0
OGDC,2011-02-04,172.85,173.4,172.0,172.7,350940.0
OGDC,2011-02-07,172.7,172.97,172.16,172.55,33233.0
OGDC,2011-02-08,172.55,173.25,170.26,171.49,128303.0
OGDC,2011-02-09,171.49,171.95,169.25,171.13,235233.0
OGDC,2011-02-10,171.13,171.85,168.61,169.78,316013.0
OGDC,2011-02-11,169.78,170.5,165.0,166.83,281110.0
OGDC,2011-02-14,166.83,169.9,164.0,164.96,257811.0
OGDC,2011-02-15,164.96,169.51,165.35,167.85,228932.0
OGDC,2011-02-17,167.85,170.44,166.31,167.95,511041.0
OGDC,2011-02-18,167.95,168.95,165.05,165.99,148051.0
OGDC,2011-02-21,165.99,166.9,164.0,164.89,337924.0
OGDC,2011-02-22,164.89,165.2,158.8,159.53,926078.0
OGDC,2011-02-23,159.53,160.49,156.0,156.65,549407.0
OGDC,2011-02-24,156.65,158.97,155.25,158.08,579513.0
OGDC,2011-02-25,158.08,159.7,151.0,152.6,547737.0
OGDC,2011-02-28,152.6,151.4,144.97,145.39,2711026.0
OGDC,2011-03-01,145.39,150.6,145.01,149.43,1266800.0
OGDC,2011-03-02,149.43,152.83,150.0,152.43,636319.0
OGDC,2011-03-03,152.43,153.5,151.05,151.58,225209.0
OGDC,2011-03-04,151.58,155.9,151.41,154.67,697430.0
OGDC,2011-03-07,154.67,155.5,151.2,154.49,246638.0
OGDC,2011-03-08,154.49,154.9,151.8,154.04,137622.0
OGDC,2011-03-09,154.04,157.4,153.11,156.89,328249.0
OGDC,2011-03-10,156.89,158.8,155.8,156.21,512367.0
OGDC,2011-03-11,156.21,156.4,153.55,154.44,910604.0
OGDC,2011-03-14,154.44,155.85,153.01,153.68,89572.0
OGDC,2011-03-15,153.68,154.25,148.0,148.73,542265.0
OGDC,2011-03-16,148.73,150.0,146.25,146.93,669465.0
OGDC,2011-03-17,146.93,149.5,145.5,146.54,358638.0
OGDC,2011-03-18,146.54,147.2,139.55,141.06,2117531.0
OGDC,2011-03-21,141.06,141.2,134.85,135.63,977157.0
OGDC,2011-03-22,135.63,139.5,135.29,137.86,842648.0
OGDC,2011-03-24,137.86,138.55,136.21,137.8,356378.0
OGDC,2011-03-25,137.8,138.5,137.0,137.52,355033.0
OGDC,2011-03-28,137.52,138.3,135.02,136.02,317083.0
OGDC,2011-03-29,136.02,139.0,135.9,136.93,1179697.0
OGDC,2011-03-30,136.93,137.6,135.0,136.86,541063.0
OGDC,2011-03-31,136.86,137.69,135.3,135.67,707426.0
OGDC,2011-04-01,135.67,137.01,135.02,136.94,519892.0
OGDC,2011-04-04,136.94,137.5,135.75,135.91,76052.0
OGDC,2011-04-05,135.91,136.0,134.51,135.22,82678.0
OGDC,2011-04-06,135.22,136.25,134.75,135.03,127587.0
OGDC,2011-04-07,135.03,135.49,132.59,132.85,270050.0
OGDC,2011-04-08,132.85,135.1,132.1,134.5,293005.0
OGDC,2011-04-11,134.5,135.4,134.12,134.36,161098.0
OGDC,2011-04-12,134.36,134.3,132.12,132.78,107146.0
OGDC,2011-04-13,132.78,133.48,130.3,130.54,278930.0
OGDC,2011-04-14,130.54,131.49,128.5,129.87,596331.0
OGDC,2011-04-15,129.87,130.2,128.21,129.65,1165132.0
OGDC,2011-04-18,129.65,131.2,128.8,129.48,2066381.0
OGDC,2011-04-19,129.48,131.0,128.75,129.13,2376362.0
OGDC,2011-04-20,129.13,133.1,129.06,131.85,4692298.0
OGDC,2011-04-21,131.85,138.44,132.0,138.16,4566881.0
OGDC,2011-04-22,138.16,141.24,137.87,138.69,2778443.0
OGDC,2011-04-25,138.69,140.99,138.26,139.26,1347483.0
OGDC,2011-04-26,139.26,139.9,137.91,139.04,602663.0
OGDC,2011-04-27,139.04,142.1,138.1,138.92,2539674.0
OGDC,2011-04-28,138.92,140.34,138.1,139.72,1126448.0
OGDC,2011-04-29,139.72,146.68,139.75,145.66,4579733.0
OGDC,2011-05-02,145.66,149.95,145.25,148.68,3082619.0
OGDC,2011-05-03,148.68,149.5,146.0,147.29,1197182.0
OGDC,2011-05-04,147.29,148.65,141.1,141.86,2276365.0
OGDC,2011-05-05,141.86,148.95,142.51,148.79,1845720.0
OGDC,2011-05-06,148.79,150.9,146.3,147.08,1547286.0
OGDC,2011-05-09,147.08,148.4,144.6,146.23,1212267.0
OGDC,2011-05-10,146.23,149.4,146.75,148.21,1395211.0
OGDC,2011-05-11,148.21,152.7,148.7,149.07,3591384.0
OGDC,2011-05-12,149.07,149.55,147.0,147.16,809154.0
OGDC,2011-05-13,147.16,148.5,146.95,147.38,361424.0
OGDC,2011-05-16,147.38,148.9,147.01,148.49,428572.0
OGDC,2011-05-17,148.49,151.48,148.1,148.59,765761.0
OGDC,2011-05-18,148.59,149.3,146.25,147.45,991508.0
OGDC,2011-05-19,147.45,147.84,146.1,146.48,543747.0
OGDC,2011-05-20,146.48,149.0,145.21,148.38,1526010.0
OGDC,2011-05-23,148.38,149.8,147.1,149.45,638134.0
OGDC,2011-05-24,149.45,151.5,149.75,151.05,846976.0
OGDC,2011-05-25,151.05,152.5,151.2,151.4,662180.0
OGDC,2011-05-26,151.4,152.25,150.15,150.55,564180.0
OGDC,2011-05-27,150.55,151.3,149.8,150.34,285740.0
OGDC,2011-05-30,150.34,151.55,149.8,150.09,161078.0
OGDC,2011-05-31,150.09,150.95,149.1,150.49,303848.0
OGDC,2011-06-01,150.49,154.9,149.75,154.01,1193154.0
OGDC,2011-06-02,154.01,155.6,152.0,152.2,1169749.0
OGDC,2011-06-03,152.2,154.9,152.0,154.09,679907.0
OGDC,2011-06-06,154.09,155.7,152.13,152.77,1235483.0
OGDC,2011-06-07,152.77,155.0,152.51,153.63,1749899.0
OGDC,2011-06-08,153.63,156.8,153.8,155.92,970220.0
OGDC,2011-06-09,155.92,157.39,155.0,155.34,502266.0
OGDC,2011-06-10,155.34,157.51,154.7,156.07,512848.0
OGDC,2011-06-13,154.57,156.0,153.75,154.74,329087.0
OGDC,2011-06-14,154.74,155.7,154.31,155.26,231646.0
OGDC,2011-06-15,155.26,155.99,154.19,154.91,640043.0
OGDC,2011-06-16,154.91,156.5,154.5,156.0,414290.0
OGDC,2011-06-17,156.0,157.0,154.51,155.96,758495.0
OGDC,2011-06-20,155.96,156.4,150.99,151.97,490445.0
OGDC,2011-06-21,151.97,154.9,151.7,153.99,160720.0
OGDC,2011-06-22,153.99,154.5,152.01,153.51,170537.0
OGDC,2011-06-23,153.51,154.8,153.01,154.48,847402.0
OGDC,2011-06-24,154.48,154.5,152.1,152.95,322665.0
OGDC,2011-06-27,152.95,153.45,150.75,151.93,300406.0
OGDC,2011-06-28,151.93,152.0,148.55,149.13,336825.0
OGDC,2011-06-29,149.13,151.49,147.85,148.84,580138.0
OGDC,2011-06-30,148.84,153.5,148.1,152.99,1174613.0
OGDC,2011-07-01,152.99,153.95,151.76,152.29,174577.0
OGDC,2011-07-04,152.29,154.89,151.06,154.03,310004.0
OGDC,2011-07-05,154.03,155.3,153.0,154.79,377163.0
OGDC,2011-07-06,154.79,155.3,154.02,154.5,461328.0
OGDC,2011-07-07,154.5,155.6,153.01,153.79,144727.0
OGDC,2011-07-08,153.79,154.98,150.21,153.72,105824.0
OGDC,2011-07-11,153.72,154.0,151.1,152.07,210161.0
OGDC,2011-07-12,152.07,152.98,149.5,150.06,159108.0
OGDC,2011-07-13,150.06,151.0,147.7,150.45,93847.0
OGDC,2011-07-14,150.45,150.88,147.25,150.21,14843.0
OGDC,2011-07-15,150.21,152.0,149.5,150.73,53499.0
OGDC,2011-07-18,150.73,152.0,150.5,150.99,94373.0
OGDC,2011-07-19,150.99,154.75,150.2,154.0,1164826.0
OGDC,2011-07-20,154.0,156.0,152.51,155.02,1099553.0
OGDC,2011-07-21,155.02,156.4,154.05,154.49,352827.0
OGDC,2011-07-22,154.49,156.48,154.51,155.83,895848.0
OGDC,2011-07-25,155.83,155.99,154.21,154.5,51834.0
OGDC,2011-07-26,154.5,154.99,154.1,154.48,44828.0
OGDC,2011-07-27,154.48,154.9,153.0,153.66,158379.0
OGDC,2011-07-28,153.66,154.2,149.06,150.63,165962.0
OGDC,2011-07-29,150.63,154.6,148.01,153.85,356853.0
OGDC,2011-08-01,153.85,157.4,153.01,155.46,492757.0
OGDC,2011-08-02,155.46,156.5,154.0,154.84,92000.0
OGDC,2011-08-03,154.84,154.9,147.62,148.85,217437.0
OGDC,2011-08-04,148.85,149.5,144.0,146.32,403577.0
OGDC,2011-08-05,146.32,145.01,139.01,139.01,1137524.0
OGDC,2011-08-08,139.01,138.0,132.06,136.23,1902537.0
OGDC,2011-08-09,136.23,133.97,129.42,129.78,790642.0
OGDC,2011-08-10,129.78,134.5,132.0,132.83,574196.0
OGDC,2011-08-11,132.83,131.9,126.6,127.88,952753.0
OGDC,2011-08-12,127.88,130.4,127.0,127.12,523094.0
OGDC,2011-08-15,127.12,128.0,126.0,127.79,120654.0
OGDC,2011-08-16,127.79,131.8,126.5,129.51,389187.0
OGDC,2011-08-17,129.51,131.6,129.62,130.42,78610.0
OGDC,2011-08-18,130.42,131.49,128.0,128.97,167616.0
OGDC,2011-08-19,128.97,126.0,123.6,124.18,359697.0
OGDC,2011-08-22,124.18,126.0,122.0,122.96,103958.0
OGDC,2011-08-23,122.96,123.7,119.15,120.29,176128.0
OGDC,2011-08-24,120.29,124.99,121.2,124.31,284421.0
OGDC,2011-08-25,124.31,126.84,123.1,125.15,121433.0
OGDC,2011-08-29,125.15,126.9,123.0,124.26,38901.0
OGDC,2011-08-30,124.26,126.25,124.25,125.48,123610.0
OGDC,2011-09-05,125.48,130.65,125.1,127.8,514914.0
OGDC,2011-09-06,127.8,129.75,126.53,129.19,120136.0
OGDC,2011-09-07,129.19,129.76,127.5,127.84,357167.0
OGDC,2011-09-08,127.84,128.79,125.75,126.04,744859.0
OGDC,2011-09-09,126.04,127.85,125.25,125.66,304092.0
OGDC,2011-09-12,125.66,126.0,124.25,124.96,106855.0
OGDC,2011-09-13,124.96,126.89,124.05,126.24,83801.0
OGDC,2011-09-14,126.24,127.4,125.35,126.57,265168.0
OGDC,2011-09-15,126.57,127.39,126.5,126.56,166581.0
OGDC,2011-09-16,126.56,128.25,126.26,127.8,226642.0
OGDC,2011-09-19,127.8,129.0,127.8,128.03,232040.0
OGDC,2011-09-20,125.53,131.8,125.6,131.37,948905.0
OGDC,2011-09-21,131.37,137.93,132.5,137.92,1116381.0
OGDC,2011-09-22,137.92,138.95,133.1,134.11,1091035.0
OGDC,2011-09-23,134.11,133.75,129.5,133.09,697646.0
OGDC,2011-09-26,133.09,131.0,126.44,128.6,752326.0
OGDC,2011-09-27,128.6,134.25,129.01,131.53,447472.0
OGDC,2011-09-28,131.53,133.97,130.75,132.0,390488.0
OGDC,2011-09-29,132.0,132.74,131.25,131.91,216519.0
OGDC,2011-09-30,131.91,134.5,131.7,132.14,828262.0
OGDC,2011-10-03,132.14,133.97,131.5,133.44,206678.0
OGDC,2011-10-04,133.44,137.7,133.01,137.19,860353.0
OGDC,2011-10-05,137.19,138.49,135.5,136.71,355799.0
OGDC,2011-10-06,136.71,139.0,135.5,135.83,298718.0
OGDC,2011-10-07,135.83,139.99,135.52,135.94,357905.0
OGDC,2011-10-10,135.94,142.73,139.61,141.03,860660.0
OGDC,2011-10-11,141.03,142.45,139.12,139.99,493349.0
OGDC,2011-10-12,139.99,141.25,139.05,139.41,261136.0
OGDC,2011-10-13,139.41,141.01,138.5,138.87,346995.0
OGDC,2011-10-14,138.87,139.99,138.2,139.78,97190.0
OGDC,2011-10-17,139.78,140.5,139.5,139.71,83397.0
OGDC,2011-10-18,139.71,140.4,138.7,139.27,124362.0
OGDC,2011-10-19,139.27,139.9,134.5,135.35,270369.0
OGDC,2011-10-20,135.35,136.85,133.0,133.76,132829.0
OGDC,2011-10-21,133.76,135.44,128.0,131.7,391205.0
OGDC,2011-10-25,131.7,133.79,131.65,133.05,403630.0
OGDC,2011-10-26,133.05,133.8,131.0,132.77,205832.0
OGDC,2011-10-27,132.77,136.0,131.01,132.7,552671.0
OGDC,2011-10-28,132.7,139.33,133.56,139.33,1640275.0
OGDC,2011-10-31,139.33,146.29,141.61,146.29,1429750.0
OGDC,2011-11-01,146.29,153.39,144.5,145.71,1525199.0
OGDC,2011-11-02,145.71,149.5,142.55,146.68,501728.0
OGDC,2011-11-03,146.68,150.44,145.5,148.79,363476.0
OGDC,2011-11-04,148.79,153.96,148.5,153.61,1080340.0
OGDC,2011-11-10,153.61,155.49,151.61,154.62,1630405.0
OGDC,2011-11-11,154.62,158.49,155.25,155.99,780692.0
OGDC,2011-11-14,155.99,157.74,154.65,155.11,288400.0
OGDC,2011-11-15,155.11,156.1,153.25,154.98,193749.0
OGDC,2011-11-16,154.98,161.6,154.6,155.9,1773640.0
OGDC,2011-11-17,155.9,157.3,154.01,155.01,682401.0
OGDC,2011-11-18,155.01,158.01,154.01,156.49,500690.0
OGDC,2011-11-21,156.49,159.0,155.12,156.24,467279.0
OGDC,2011-11-22,156.24,156.49,153.5,153.76,790975.0
OGDC,2011-11-23,153.76,154.89,151.5,152.05,369797.0
OGDC,2011-11-24,152.05,155.5,150.25,154.55,1463496.0
OGDC,2011-11-25,154.55,156.0,152.05,153.21,1363773.0
OGDC,2011-11-28,153.21,152.5,149.15,151.77,972753.0
OGDC,2011-11-29,151.77,153.89,150.3,153.01,557342.0
OGDC,2011-11-30,153.01,155.48,152.51,153.11,509828.0
OGDC,2011-12-01,153.11,155.24,153.99,154.34,920627.0
OGDC,2011-12-02,154.34,154.35,150.0,152.38,1305900.0
OGDC,2011-12-07,152.38,154.32,151.0,153.59,578153.0
OGDC,2011-12-08,153.59,155.0,152.0,154.54,296634.0
OGDC,2011-12-09,154.54,160.6,153.26,158.53,1612850.0
OGDC,2011-12-12,157.03,160.6,156.25,157.46,1701196.0
OGDC,2011-12-13,157.46,159.0,152.6,152.93,516839.0
OGDC,2011-12-14,152.93,154.95,152.9,154.17,317422.0
OGDC,2011-12-15,154.17,154.9,151.05,154.09,665060.0
OGDC,2011-12-16,154.09,153.9,149.15,152.77,904369.0
OGDC,2011-12-19,152.77,154.9,153.5,153.83,145358.0
OGDC,2011-12-20,153.83,161.0,152.15,159.41,1189362.0
OGDC,2011-12-21,159.41,159.65,156.01,156.6,505640.0
OGDC,2011-12-22,156.6,157.44,155.1,155.61,152747.0
OGDC,2011-12-23,155.61,157.4,154.02,154.8,193317.0
OGDC,2011-12-26,154.8,155.99,153.51,153.94,121760.0
OGDC,2011-12-27,153.94,154.4,152.16,152.63,65460.0
OGDC,2011-12-28,152.63,153.75,152.1,153.14,120330.0
OGDC,2011-12-29,153.14,154.7,152.05,153.64,144664.0
OGDC,2011-12-30,153.64,154.5,150.51,151.62,285258.0
OGDC,2012-01-02,151.62,151.98,147.11,147.74,764997.0
OGDC,2012-01-03,147.74,149.2,146.15,146.82,922081.0
OGDC,2012-01-04,146.82,149.3,145.5,146.37,2257530.0
OGDC,2012-01-05,146.37,146.9,139.22,140.55,989334.0
OGDC,2012-01-06,140.55,142.0,137.05,137.77,785928.0
OGDC,2012-01-09,137.77,138.24,135.12,136.01,337229.0
OGDC,2012-01-10,136.01,135.9,129.7,134.06,1365535.0
OGDC,2012-01-11,134.06,135.0,132.51,134.37,426536.0
OGDC,2012-01-12,134.37,134.25,132.61,133.85,320971.0
OGDC,2012-01-13,133.85,137.15,133.01,136.35,789396.0
OGDC,2012-01-16,136.35,140.8,135.02,140.18,655090.0
OGDC,2012-01-17,140.18,145.9,140.7,144.43,1819607.0
OGDC,2012-01-18,144.43,151.65,145.1,151.35,1263227.0
OGDC,2012-01-19,151.35,153.5,147.75,148.09,1326622.0
OGDC,2012-01-20,148.09,154.6,148.0,151.3,1926554.0
OGDC,2012-01-23,151.3,156.0,152.51,153.62,1592312.0
OGDC,2012-01-24,153.62,154.44,150.2,151.87,887499.0
OGDC,2012-01-25,151.87,151.88,149.21,149.66,399873.0
OGDC,2012-01-26,149.66,151.25,148.0,148.13,499780.0
OGDC,2012-01-27,148.13,152.55,147.65,152.12,859945.0
OGDC,2012-01-30,152.12,153.5,150.5,151.84,474619.0
OGDC,2012-01-31,151.84,154.5,151.61,152.4,1199125.0
OGDC,2012-02-01,152.4,154.4,152.06,152.93,505928.0
OGDC,2012-02-02,152.93,153.45,151.51,152.41,290514.0
OGDC,2012-02-03,152.41,153.8,151.0,152.88,288293.0
OGDC,2012-02-06,152.88,157.5,153.05,155.18,2256613.0
OGDC,2012-02-07,155.18,159.65,155.02,158.62,1512756.0
OGDC,2012-02-08,158.62,160.0,156.01,156.75,1462101.0
OGDC,2012-02-09,156.75,158.25,155.15,157.07,871581.0
OGDC,2012-02-10,157.07,158.99,155.51,157.55,535346.0
OGDC,2012-02-13,157.55,158.3,156.1,156.95,242874.0
OGDC,2012-02-14,156.95,158.25,157.2,157.42,250396.0
OGDC,2012-02-15,157.42,158.2,157.06,157.37,57522.0
OGDC,2012-02-16,157.37,161.5,157.5,160.7,1883092.0
OGDC,2012-02-17,160.7,165.49,161.0,162.93,1842478.0
OGDC,2012-02-20,162.93,166.4,162.32,163.66,1085513.0
OGDC,2012-02-21,163.66,165.24,161.22,163.31,1218772.0
OGDC,2012-02-22,163.31,167.49,164.25,166.22,1484558.0
OGDC,2012-02-23,166.22,166.8,162.25,162.69,509598.0
OGDC,2012-02-24,162.69,166.39,162.0,165.86,883141.0
OGDC,2012-02-27,165.86,167.25,163.75,165.69,397491.0
OGDC,2012-02-28,165.69,167.6,165.11,166.0,374229.0
OGDC,2012-02-29,166.0,172.22,167.25,169.02,3325436.0
OGDC,2012-03-01,169.02,169.0,166.75,168.47,587206.0
OGDC,2012-03-02,168.47,169.69,167.32,167.9,579146.0
OGDC,2012-03-05,167.9,170.99,167.05,170.19,1946255.0
OGDC,2012-03-06,170.19,170.5,165.69,169.36,777656.0
OGDC,2012-03-07,169.36,170.5,165.5,166.13,352694.0
OGDC,2012-03-08,166.13,166.7,164.12,164.6,275169.0
OGDC,2012-03-09,164.6,166.75,164.1,164.99,642922.0
OGDC,2012-03-12,164.99,168.48,164.75,165.93,942692.0
OGDC,2012-03-13,165.93,166.89,163.5,163.91,245221.0
OGDC,2012-03-14,163.91,167.85,164.0,165.34,927895.0
OGDC,2012-03-15,165.34,167.75,163.51,167.55,2816881.0
OGDC,2012-03-16,167.55,167.9,163.5,164.87,635294.0
OGDC,2012-03-19,164.87,165.54,162.63,163.84,230013.0
OGDC,2012-03-20,163.84,166.0,162.22,165.08,305974.0
OGDC,2012-03-21,165.08,166.99,163.61,165.62,492756.0
OGDC,2012-03-22,165.62,166.0,164.1,165.81,498908.0
OGDC,2012-03-26,165.81,165.97,164.02,164.56,128441.0
OGDC,2012-03-27,164.56,167.2,163.76,166.76,387622.0
OGDC,2012-03-28,166.76,167.95,165.21,166.1,458021.0
OGDC,2012-03-29,166.1,166.79,163.65,164.03,609916.0
OGDC,2012-03-30,164.03,167.99,163.65,167.66,1036630.0
OGDC,2012-04-02,167.66,167.97,164.0,164.54,197418.0
OGDC,2012-04-03,164.54,164.88,164.01,164.08,100112.0
OGDC,2012-04-04,164.08,168.5,164.08,168.07,1042204.0
OGDC,2012-04-05,168.07,168.45,166.0,166.2,211574.0
OGDC,2012-04-06,166.2,170.99,165.75,168.61,4049424.0
OGDC,2012-04-09,168.61,169.4,165.71,166.33,1185861.0
OGDC,2012-04-10,166.33,168.0,165.1,167.18,383818.0
OGDC,2012-04-11,165.68,167.0,164.0,164.63,248690.0
OGDC,2012-04-12,164.63,164.95,162.6,163.31,116936.0
OGDC,2012-04-13,163.31,167.74,162.25,163.69,793977.0
OGDC,2012-04-16,163.69,164.85,159.35,164.39,544120.0
OGDC,2012-04-17,164.39,166.44,164.0,164.01,179850.0
OGDC,2012-04-18,164.01,167.25,164.0,166.28,570138.0
OGDC,2012-04-19,166.28,166.95,164.71,165.9,447476.0
OGDC,2012-04-20,165.9,166.5,163.35,163.58,318214.0
OGDC,2012-04-23,163.58,164.49,163.12,163.68,109440.0
OGDC,2012-04-24,163.68,166.0,163.25,163.54,502263.0
OGDC,2012-04-25,163.54,167.98,163.97,166.63,1604043.0
OGDC,2012-04-26,166.63,168.7,158.35,167.17,1070252.0
OGDC,2012-04-27,167.17,169.9,165.61,166.93,1088566.0
OGDC,2012-04-30,166.93,168.65,164.53,166.97,1676363.0
OGDC,2012-05-02,166.97,167.0,164.6,165.02,1112020.0
OGDC,2012-05-03,165.02,168.9,165.75,168.38,1627556.0
OGDC,2012-05-04,168.38,172.0,168.32,170.7,3053347.0
OGDC,2012-05-07,170.7,171.0,167.9,168.41,863694.0
OGDC,2012-05-08,168.41,168.99,166.01,166.71,550863.0
OGDC,2012-05-09,166.71,167.4,165.31,166.14,183956.0
OGDC,2012-05-10,166.14,167.0,163.51,164.76,1074365.0
OGDC,2012-05-11,164.76,164.89,162.26,162.97,222802.0
OGDC,2012-05-14,162.97,164.0,160.75,162.76,301169.0
OGDC,2012-05-15,162.76,164.7,162.5,162.8,293880.0
OGDC,2012-05-16,162.8,163.3,161.0,161.53,439552.0
OGDC,2012-05-17,161.53,162.5,159.5,160.22,250627.0
OGDC,2012-05-18,160.22,162.0,158.0,158.28,264017.0
OGDC,2012-05-21,158.28,160.5,158.32,160.01,393950.0
OGDC,2012-05-22,160.01,163.89,159.51,163.47,324239.0
OGDC,2012-05-23,163.47,163.74,160.0,161.11,365962.0
OGDC,2012-05-24,161.11,162.4,160.26,160.83,46436.0
OGDC,2012-05-25,160.83,162.0,159.61,160.02,200315.0
OGDC,2012-05-28,160.02,162.0,160.22,160.9,70755.0
OGDC,2012-05-29,160.9,162.0,160.5,160.57,60037.0
OGDC,2012-05-30,160.57,161.88,157.74,158.09,505235.0
OGDC,2012-05-31,158.09,158.9,156.0,157.56,226358.0
OGDC,2012-06-01,157.56,160.49,156.02,158.65,380263.0
OGDC,2012-06-04,158.65,159.4,155.62,156.01,292536.0
OGDC,2012-06-05,156.01,158.25,154.55,155.37,315776.0
OGDC,2012-06-06,155.37,157.2,155.1,156.13,165305.0
OGDC,2012-06-07,156.13,158.25,155.06,157.67,265491.0
OGDC,2012-06-08,157.67,157.97,151.0,154.69,236013.0
OGDC,2012-06-11,153.19,155.44,152.01,153.06,198352.0
OGDC,2012-06-12,153.06,153.7,149.8,150.1,203609.0
OGDC,2012-06-13,150.1,151.9,145.0,147.63,923824.0
OGDC,2012-06-14,147.63,152.6,148.88,151.54,667690.0
OGDC,2012-06-15,151.54,152.4,150.0,151.48,474842.0
OGDC,2012-06-18,151.48,154.43,151.0,153.62,327055.0
OGDC,2012-06-19,153.62,154.18,151.5,153.81,278459.0
OGDC,2012-06-20,153.81,154.79,152.01,152.4,133482.0
OGDC,2012-06-21,152.4,154.0,151.0,152.84,415805.0
OGDC,2012-06-22,152.84,157.49,151.75,156.7,326989.0
OGDC,2012-06-25,156.7,157.5,155.5,156.4,39728.0
OGDC,2012-06-26,156.4,158.6,155.15,157.7,249884.0
OGDC,2012-06-27,157.7,160.2,156.5,159.72,315632.0
OGDC,2012-06-28,159.72,159.99,157.61,158.92,166723.0
OGDC,2012-06-29,158.92,160.99,158.05,160.44,519043.0
OGDC,2012-07-02,160.44,168.46,160.25,167.41,1239624.0
OGDC,2012-07-03,167.41,170.5,165.25,169.8,1483598.0
OGDC,2012-07-04,169.8,171.4,168.12,169.24,1337340.0
OGDC,2012-07-05,169.24,170.0,167.03,167.88,58326.0
OGDC,2012-07-06,167.88,169.8,167.02,169.5,511825.0
OGDC,2012-07-09,169.5,171.94,168.25,171.76,2045599.0
OGDC,2012-07-10,171.76,171.8,169.5,170.34,1145694.0
OGDC,2012-07-11,170.34,171.45,169.55,170.49,59412.0
OGDC,2012-07-12,170.49,172.6,169.28,170.09,750498.0
OGDC,2012-07-13,170.09,170.79,168.5,168.78,111733.0
OGDC,2012-07-16,168.78,169.94,168.0,168.12,80425.0
OGDC,2012-07-17,168.12,169.89,167.1,167.8,386820.0
OGDC,2012-07-18,167.8,170.99,166.75,170.63,776626.0
OGDC,2012-07-19,170.63,171.0,169.05,169.67,44619.0
OGDC,2012-07-20,169.67,172.0,169.85,170.55,1046601.0
OGDC,2012-07-23,170.55,170.99,169.25,169.59,53400.0
OGDC,2012-07-24,169.59,170.0,169.0,169.78,67400.0
OGDC,2012-07-25,169.78,171.45,169.05,170.47,184700.0
OGDC,2012-07-26,170.47,170.99,170.0,170.04,105300.0
OGDC,2012-07-27,170.04,170.89,168.5,168.92,151400.0
OGDC,2012-07-30,168.92,170.0,167.0,167.46,131500.0
OGDC,2012-07-31,167.46,169.5,166.52,167.5,401800.0
OGDC,2012-08-01,167.5,171.1,167.5,170.46,633100.0
OGDC,2012-08-02,170.46,171.5,169.6,170.07,354300.0
OGDC,2012-08-03,170.07,170.75,169.12,170.19,137800.0
OGDC,2012-08-06,170.19,178.6,170.0,171.18,1467900.0
OGDC,2012-08-07,171.18,173.4,170.61,171.96,368800.0
OGDC,2012-08-08,171.96,173.0,171.01,171.27,190400.0
OGDC,2012-08-09,171.27,172.0,168.71,169.73,340300.0
OGDC,2012-08-10,169.73,171.0,169.3,170.07,227400.0
OGDC,2012-08-13,170.07,174.5,171.98,173.98,1099900.0
OGDC,2012-08-15,173.98,174.5,173.09,173.51,139900.0
OGDC,2012-08-16,173.51,176.01,172.6,174.98,859800.0
OGDC,2012-08-23,174.98,177.25,175.0,175.34,428400.0
OGDC,2012-08-24,175.34,177.25,174.16,175.38,210300.0
OGDC,2012-08-27,175.38,177.03,174.5,176.19,306200.0
OGDC,2012-08-28,176.19,178.9,176.5,177.13,248500.0
OGDC,2012-08-29,177.13,177.9,173.07,174.49,796200.0
OGDC,2012-08-30,174.49,176.75,174.75,175.83,699900.0
OGDC,2012-08-31,175.83,181.0,175.5,179.23,3815200.0
OGDC,2012-09-03,179.23,180.19,178.01,178.96,423800.0
OGDC,2012-09-04,178.96,179.0,177.0,177.36,201100.0
OGDC,2012-09-05,177.36,178.49,175.0,175.32,251700.0
OGDC,2012-09-06,175.32,180.0,171.5,173.5,1318000.0
OGDC,2012-09-07,173.5,176.75,172.06,173.29,404500.0
OGDC,2012-09-10,173.29,174.9,172.0,173.36,151700.0
OGDC,2012-09-11,173.36,173.98,170.95,171.79,512800.0
OGDC,2012-09-12,171.79,174.85,172.49,174.04,559500.0
OGDC,2012-09-13,174.04,177.51,173.5,176.79,707000.0
OGDC,2012-09-14,176.79,182.0,178.2,181.63,1425300.0
OGDC,2012-09-17,181.63,182.85,179.9,180.99,1388800.0
OGDC,2012-09-18,180.99,181.95,180.0,181.69,598600.0
OGDC,2012-09-19,181.69,183.78,179.11,183.06,1341200.0
OGDC,2012-09-20,183.06,184.34,179.32,180.17,926200.0
OGDC,2012-09-24,180.17,181.6,178.12,178.95,240000.0
OGDC,2012-09-25,178.95,180.9,178.12,178.8,163000.0
OGDC,2012-09-26,176.05,178.48,176.0,177.32,1314200.0
OGDC,2012-09-27,177.32,177.99,175.75,176.1,120600.0
OGDC,2012-09-28,176.1,179.99,176.46,179.38,483100.0
OGDC,2012-10-01,179.38,181.4,178.5,180.77,514500.0
OGDC,2012-10-02,180.77,186.0,181.25,182.91,870200.0
OGDC,2012-10-03,182.91,183.85,181.0,181.09,682800.0
OGDC,2012-10-04,181.09,182.0,180.25,181.25,610500.0
OGDC,2012-10-05,181.25,181.7,175.6,179.01,368400.0
OGDC,2012-10-08,179.01,179.99,175.25,175.98,876300.0
OGDC,2012-10-09,175.98,176.98,174.9,176.49,476100.0
OGDC,2012-10-10,176.49,179.0,175.34,176.58,746900.0
OGDC,2012-10-11,176.58,178.98,176.5,177.93,612800.0
OGDC,2012-10-12,177.93,179.95,176.5,176.59,1667800.0
OGDC,2012-10-15,176.59,177.7,175.0,175.89,686100.0
OGDC,2012-10-16,175.89,176.7,175.02,176.08,449300.0
OGDC,2012-10-17,176.08,177.2,175.15,175.66,287800.0
OGDC,2012-10-18,175.66,176.75,174.49,174.7,513900.0
OGDC,2012-10-19,174.7,176.65,174.49,175.27,335600.0
OGDC,2012-10-22,175.27,178.0,174.65,177.74,308900.0
OGDC,2012-10-23,177.74,178.73,176.3,176.98,717600.0
OGDC,2012-10-24,176.98,180.25,177.0,179.43,2283300.0
OGDC,2012-10-25,179.43,180.0,177.5,178.1,227100.0
OGDC,2012-10-30,178.1,178.74,177.0,178.1,58700.0
OGDC,2012-10-31,178.1,182.8,178.1,182.06,1882900.0
OGDC,2012-11-01,182.06,184.5,182.0,183.54,523800.0
OGDC,2012-11-02,183.54,185.99,183.01,185.65,1514800.0
OGDC,2012-11-05,185.65,187.0,185.31,186.5,532400.0
OGDC,2012-11-06,186.5,188.9,186.0,186.68,671000.0
OGDC,2012-11-07,186.68,190.39,187.0,189.72,878200.0
OGDC,2012-11-08,189.72,191.0,187.16,189.94,543200.0
OGDC,2012-11-12,189.94,191.0,189.0,189.86,239500.0
OGDC,2012-11-13,189.86,189.0,185.3,186.83,665800.0
OGDC,2012-11-14,186.83,189.95,184.01,188.71,857900.0
OGDC,2012-11-15,188.71,190.0,187.5,188.02,149800.0
OGDC,2012-11-16,188.02,189.7,187.25,187.85,226100.0
OGDC,2012-11-19,187.85,188.9,188.0,188.57,47400.0
OGDC,2012-11-20,188.57,188.75,187.5,187.66,29700.0
OGDC,2012-11-21,187.66,189.5,186.0,187.8,124700.0
OGDC,2012-11-22,187.8,188.88,186.8,187.43,127200.0
OGDC,2012-11-23,187.43,188.35,186.01,186.25,62100.0
OGDC,2012-11-26,186.25,187.5,186.1,187.02,114000.0
OGDC,2012-11-27,187.02,189.6,186.53,188.77,704500.0
OGDC,2012-11-28,188.77,189.19,187.5,187.92,74400.0
OGDC,2012-11-29,187.92,188.99,186.25,187.06,248800.0
OGDC,2012-11-30,187.06,188.1,186.1,187.62,267800.0
OGDC,2012-12-03,187.62,187.8,186.3,186.66,230000.0
OGDC,2012-12-04,186.66,190.69,186.55,190.16,1316200.0
OGDC,2012-12-05,190.16,190.4,188.55,188.99,131200.0
OGDC,2012-12-06,188.99,189.5,187.8,188.16,83600.0
OGDC,2012-12-07,188.16,190.25,188.2,189.84,694900.0
OGDC,2012-12-10,189.84,190.8,188.7,189.01,157900.0
OGDC,2012-12-11,189.01,190.97,187.86,189.56,890800.0
OGDC,2012-12-12,187.81,190.0,188.75,189.5,529000.0
OGDC,2012-12-13,189.5,189.9,189.02,189.46,29100.0
OGDC,2012-12-14,189.46,190.0,189.0,189.41,381900.0
OGDC,2012-12-17,189.41,189.98,185.11,187.96,183600.0
OGDC,2012-12-18,187.96,190.0,187.69,189.6,338500.0
OGDC,2012-12-19,189.6,190.2,189.1,189.56,331900.0
OGDC,2012-12-20,189.56,190.5,188.86,190.16,166500.0
OGDC,2012-12-21,190.16,191.39,189.01,189.28,279600.0
OGDC,2012-12-24,189.28,191.66,189.0,191.08,465400.0
OGDC,2012-12-26,191.08,194.0,190.0,193.2,451300.0
OGDC,2012-12-27,193.2,193.6,192.26,193.15,127300.0
OGDC,2012-12-28,193.15,193.5,191.8,192.76,372200.0
OGDC,2012-12-31,192.76,193.8,192.0,192.61,248300.0
OGDC,2013-01-01,192.61,194.0,191.1,191.92,170600.0
OGDC,2013-01-02,191.92,191.9,186.1,187.4,393000.0
OGDC,2013-01-03,187.4,189.45,186.01,188.68,94100.0
OGDC,2013-01-04,188.68,189.6,187.55,189.01,177000.0
OGDC,2013-01-07,189.01,189.3,186.68,187.5,123400.0
OGDC,2013-01-08,187.5,189.89,187.0,189.4,405500.0
OGDC,2013-01-09,189.4,192.0,189.01,191.55,773500.0
OGDC,2013-01-10,191.55,191.01,186.9,187.09,691500.0
OGDC,2013-01-11,187.09,190.23,186.96,190.0,317100.0
OGDC,2013-01-14,190.0,190.99,187.5,188.95,171800.0
OGDC,2013-01-15,188.95,189.88,182.6,183.95,247800.0
OGDC,2013-01-16,183.95,188.9,182.0,185.55,489000.0
OGDC,2013-01-17,185.55,189.45,183.2,184.25,869200.0
OGDC,2013-01-18,184.25,189.0,185.0,185.56,492700.0
OGDC,2013-01-21,185.56,187.5,185.99,186.88,376200.0
OGDC,2013-01-22,186.88,189.79,186.89,188.96,828000.0
OGDC,2013-01-23,188.96,190.9,188.05,190.24,660600.0
OGDC,2013-01-24,190.24,193.25,190.75,192.91,752000.0
OGDC,2013-01-28,192.91,193.2,189.52,190.59,732800.0
OGDC,2013-01-29,190.59,193.99,189.11,193.39,843600.0
OGDC,2013-01-30,193.39,194.65,192.51,194.0,1198200.0
OGDC,2013-01-31,194.0,194.75,193.0,194.03,420200.0
OGDC,2013-02-01,194.03,194.7,191.5,193.92,257800.0
OGDC,2013-02-04,193.92,194.0,192.55,193.71,227600.0
OGDC,2013-02-06,193.71,194.97,193.1,194.54,692600.0
OGDC,2013-02-07,194.54,196.0,193.05,193.99,558000.0
OGDC,2013-02-08,193.99,196.48,193.01,195.49,616600.0
OGDC,2013-02-11,195.49,199.75,195.3,198.75,1902200.0
OGDC,2013-02-12,198.75,199.85,197.68,198.56,370500.0
OGDC,2013-02-13,198.56,202.57,198.85,202.09,608900.0
OGDC,2013-02-14,202.09,204.9,201.16,204.04,526900.0
OGDC,2013-02-15,204.04,209.1,204.02,208.3,392300.0
OGDC,2013-02-18,208.3,210.24,207.0,208.17,217900.0
OGDC,2013-02-19,208.17,209.75,206.5,207.59,187400.0
OGDC,2013-02-20,207.59,211.97,205.0,209.02,1022200.0
OGDC,2013-02-21,209.02,211.0,206.0,206.91,272000.0
OGDC,2013-02-22,206.91,208.9,204.5,207.39,219100.0
OGDC,2013-02-25,207.39,208.5,205.0,205.82,141000.0
OGDC,2013-02-26,205.82,206.95,203.53,204.01,1023700.0
OGDC,2013-02-27,204.01,208.0,203.51,207.28,251800.0
OGDC,2013-02-28,207.28,211.0,207.5,209.58,774200.0
OGDC,2013-03-01,209.58,210.65,205.0,207.27,442400.0
OGDC,2013-03-04,207.27,208.97,205.51,206.2,120000.0
OGDC,2013-03-05,206.2,208.97,202.5,203.83,341600.0
OGDC,2013-03-06,203.83,206.5,203.1,205.56,575300.0
OGDC,2013-03-07,205.56,206.4,202.55,203.22,137500.0
OGDC,2013-03-08,203.22,205.99,202.95,204.92,192800.0
OGDC,2013-03-11,204.92,206.9,196.7,198.82,711000.0
OGDC,2013-03-12,198.82,204.0,199.25,201.46,513500.0
OGDC,2013-03-13,201.46,202.4,196.9,198.03,1331500.0
OGDC,2013-03-14,198.03,198.99,196.5,197.32,118500.0
OGDC,2013-03-15,197.32,199.5,196.0,197.32,694200.0
OGDC,2013-03-18,197.32,200.97,195.71,199.61,117900.0
OGDC,2013-03-19,199.61,204.97,199.05,200.03,791000.0
OGDC,2013-03-20,200.03,201.0,199.0,200.07,56600.0
OGDC,2013-03-21,200.07,205.0,200.95,203.81,1180500.0
OGDC,2013-03-22,203.81,204.5,201.2,203.37,430400.0
OGDC,2013-03-25,203.37,205.0,202.0,204.16,217500.0
OGDC,2013-03-26,204.16,204.31,199.63,200.8,1817600.0
OGDC,2013-03-27,200.8,203.7,200.75,202.22,2053500.0
OGDC,2013-03-28,202.22,202.8,201.5,202.46,158600.0
OGDC,2013-03-29,202.46,204.0,201.0,203.94,461000.0
OGDC,2013-04-01,203.94,206.52,203.5,204.53,1351500.0
OGDC,2013-04-02,204.53,206.5,202.0,202.95,936200.0
OGDC,2013-04-03,202.95,206.4,202.04,205.99,1004200.0
OGDC,2013-04-04,205.99,206.0,204.1,205.14,223200.0
OGDC,2013-04-05,205.14,207.48,204.11,204.48,98200.0
OGDC,2013-04-08,204.48,206.0,204.5,204.95,509000.0
OGDC,2013-04-09,204.95,206.45,204.13,205.89,882300.0
OGDC,2013-04-10,205.89,208.8,204.5,205.28,819500.0
OGDC,2013-04-11,205.28,206.5,205.15,205.78,487500.0
OGDC,2013-04-12,205.78,206.5,203.75,205.31,649700.0
OGDC,2013-04-15,203.31,204.5,201.12,203.33,568400.0
OGDC,2013-04-16,203.33,202.9,197.5,199.29,495200.0
OGDC,2013-04-17,199.29,203.0,198.01,202.49,1100500.0
OGDC,2013-04-18,202.49,205.84,202.01,204.06,2371700.0
OGDC,2013-04-19,204.06,205.99,204.0,204.38,497700.0
OGDC,2013-04-22,204.38,205.25,203.85,204.83,325900.0
OGDC,2013-04-23,204.83,204.95,203.06,203.23,118900.0
OGDC,2013-04-24,203.23,204.9,202.57,203.53,247800.0
OGDC,2013-04-25,203.53,204.5,202.25,202.55,149700.0
OGDC,2013-04-26,202.55,203.74,202.05,202.68,133900.0
OGDC,2013-04-29,202.68,203.48,199.99,202.56,166600.0
OGDC,2013-04-30,202.56,204.5,200.65,204.0,938900.0
OGDC,2013-05-02,204.0,204.99,202.85,203.92,251000.0
OGDC,2013-05-03,203.92,205.5,202.01,204.74,532000.0
OGDC,2013-05-06,204.74,208.75,203.12,204.46,1856500.0
OGDC,2013-05-07,204.46,206.5,203.71,205.41,793800.0
OGDC,2013-05-08,205.41,210.2,206.0,209.1,1902100.0
OGDC,2013-05-09,209.1,211.48,208.5,209.19,560200.0
OGDC,2013-05-10,209.19,212.5,208.0,211.63,431100.0
OGDC,2013-05-13,211.63,216.0,212.6,214.58,948500.0
OGDC,2013-05-14,214.58,217.93,214.0,217.34,1133900.0
OGDC,2013-05-15,217.34,218.3,207.35,211.71,4553400.0
OGDC,2013-05-16,211.71,213.1,210.0,210.23,584000.0
OGDC,2013-05-17,210.23,212.16,209.9,210.15,439900.0
OGDC,2013-05-20,210.15,220.65,209.51,220.65,3264600.0
OGDC,2013-05-21,220.65,231.68,222.5,231.18,2713100.0
OGDC,2013-05-22,231.18,237.99,232.0,233.08,1083800.0
OGDC,2013-05-23,233.08,234.89,228.0,229.56,1001100.0
OGDC,2013-05-24,229.56,232.97,228.0,231.03,661100.0
OGDC,2013-05-27,231.03,235.0,228.12,231.12,472400.0
OGDC,2013-05-28,231.12,242.67,229.5,242.26,1377100.0
OGDC,2013-05-29,242.26,246.99,237.51,238.84,981200.0
OGDC,2013-05-30,238.84,243.0,238.07,241.98,578300.0
OGDC,2013-05-31,241.98,245.0,242.1,243.58,360600.0
OGDC,2013-06-03,243.58,255.75,243.0,251.13,770200.0
OGDC,2013-06-04,251.13,256.9,250.0,253.96,1462700.0
OGDC,2013-06-05,253.96,254.84,243.11,245.44,2876500.0
OGDC,2013-06-06,245.44,247.0,239.87,244.96,1135000.0
OGDC,2013-06-07,244.96,250.6,244.72,245.01,898600.0
OGDC,2013-06-10,243.26,245.48,238.5,241.92,921400.0
OGDC,2013-06-11,241.92,245.24,242.5,244.19,666000.0
OGDC,2013-06-12,244.19,254.1,244.99,249.37,1145800.0
OGDC,2013-06-13,249.37,258.99,250.0,254.81,837800.0
OGDC,2013-06-14,254.81,264.0,249.12,250.08,927500.0
OGDC,2013-06-17,250.08,252.9,242.0,243.05,692100.0
OGDC,2013-06-18,243.05,245.0,234.7,239.79,1595600.0
OGDC,2013-06-19,239.79,246.5,239.0,240.7,739100.0
OGDC,2013-06-20,240.7,244.7,237.01,238.56,902300.0
OGDC,2013-06-21,238.56,241.5,234.02,234.9,592500.0
OGDC,2013-06-24,234.9,240.0,226.5,229.3,785200.0
OGDC,2013-06-25,229.3,235.8,224.11,232.22,886700.0
OGDC,2013-06-26,232.22,234.99,230.01,231.95,410900.0
OGDC,2013-06-27,231.95,232.98,227.51,228.97,476300.0
OGDC,2013-06-28,228.97,232.0,225.02,228.75,861900.0
OGDC,2013-07-01,228.75,232.29,226.0,229.95,233600.0
OGDC,2013-07-02,229.95,240.0,230.02,230.89,922100.0
OGDC,2013-07-03,230.89,232.47,228.9,229.47,1283400.0
OGDC,2013-07-04,229.47,233.97,229.0,230.06,1825200.0
OGDC,2013-07-05,230.06,233.45,230.0,231.03,668300.0
OGDC,2013-07-08,231.03,233.25,230.5,231.64,650600.0
OGDC,2013-07-09,231.64,235.7,232.0,232.83,1588700.0
OGDC,2013-07-10,232.83,240.55,232.41,238.88,4519000.0
OGDC,2013-07-11,238.88,241.72,236.61,237.52,1833500.0
OGDC,2013-07-12,237.52,240.99,236.5,240.31,948900.0
OGDC,2013-07-15,240.31,243.0,239.7,240.17,1388800.0
OGDC,2013-07-16,240.17,240.98,239.01,239.6,287300.0
OGDC,2013-07-17,239.6,241.35,237.21,238.55,345300.0
OGDC,2013-07-18,238.55,240.5,238.0,240.04,282900.0
OGDC,2013-07-19,240.04,243.85,240.48,242.7,567800.0
OGDC,2013-07-22,242.7,251.5,243.0,249.61,2429800.0
OGDC,2013-07-23,249.61,250.5,247.05,248.13,417200.0
OGDC,2013-07-24,248.13,254.0,247.01,248.55,1671800.0
OGDC,2013-07-25,248.55,250.7,246.0,246.86,372800.0
OGDC,2013-07-26,246.86,249.0,245.55,246.78,362200.0
OGDC,2013-07-29,246.78,248.22,242.0,244.74,427600.0
OGDC,2013-07-30,244.74,246.88,242.0,244.06,338000.0
OGDC,2013-07-31,244.06,246.9,243.26,245.97,296500.0
OGDC,2013-08-01,245.97,246.6,242.28,243.7,539200.0
OGDC,2013-08-05,243.7,245.88,236.0,244.92,1330200.0
OGDC,2013-08-06,244.92,248.6,237.0,239.29,2269900.0
OGDC,2013-08-07,239.29,251.0,236.65,250.28,2411900.0
OGDC,2013-08-12,250.28,254.0,248.0,253.49,556100.0
OGDC,2013-08-13,253.49,259.07,252.32,258.11,881100.0
OGDC,2013-08-15,258.11,265.0,256.51,263.43,2293300.0
OGDC,2013-08-16,263.43,265.98,260.1,261.08,133300.0
OGDC,2013-08-19,261.08,262.99,257.1,261.75,222400.0
OGDC,2013-08-20,261.75,267.0,258.7,261.09,513400.0
OGDC,2013-08-21,261.09,259.99,251.0,252.61,458600.0
OGDC,2013-08-22,252.61,254.75,245.01,249.5,572500.0
OGDC,2013-08-23,249.5,254.0,245.05,246.37,295600.0
OGDC,2013-08-26,246.37,252.75,247.2,248.62,300900.0
OGDC,2013-08-27,248.62,253.2,243.0,245.22,573800.0
OGDC,2013-08-28,245.22,247.5,241.0,244.88,1981700.0
OGDC,2013-08-29,244.88,247.0,243.0,244.85,282000.0
OGDC,2013-08-30,244.85,255.0,243.31,252.09,1778600.0
OGDC,2013-09-02,252.09,252.3,245.5,247.68,279400.0
OGDC,2013-09-03,247.68,252.5,246.35,248.07,408900.0
OGDC,2013-09-04,248.07,251.99,247.25,247.78,212200.0
OGDC,2013-09-05,247.78,254.0,248.04,252.09,766800.0
OGDC,2013-09-06,252.09,253.57,250.01,250.55,418600.0
OGDC,2013-09-09,250.55,253.88,250.01,251.47,507100.0
OGDC,2013-09-10,251.47,254.0,250.6,253.26,126300.0
OGDC,2013-09-11,253.26,255.0,250.2,254.37,505000.0
OGDC,2013-09-12,254.37,255.4,252.2,252.88,186300.0
OGDC,2013-09-13,252.88,254.0,252.56,253.01,85700.0
OGDC,2013-09-16,253.01,254.1,245.3,253.34,309100.0
OGDC,2013-09-17,250.59,251.95,245.05,247.04,295100.0
OGDC,2013-09-18,247.04,247.0,239.07,240.93,152700.0
OGDC,2013-09-19,240.93,251.0,241.31,249.85,627700.0
OGDC,2013-09-20,249.85,253.0,248.0,250.8,359800.0
OGDC,2013-09-23,250.8,252.48,248.0,249.38,98600.0
OGDC,2013-09-24,249.38,250.9,241.0,242.35,602800.0
OGDC,2013-09-25,242.35,243.8,239.0,242.01,377100.0
OGDC,2013-09-26,242.01,243.9,237.2,240.52,781200.0
OGDC,2013-09-27,240.52,244.0,238.62,239.3,141100.0
OGDC,2013-09-30,239.3,240.94,231.51,235.02,462500.0
OGDC,2013-10-01,235.02,240.0,231.0,238.64,579200.0
OGDC,2013-10-02,238.64,243.0,236.15,240.51,1201200.0
OGDC,2013-10-03,240.51,244.9,240.01,243.72,471300.0
OGDC,2013-10-04,243.72,247.48,243.0,243.82,783100.0
OGDC,2013-10-07,243.82,244.2,238.5,239.46,257400.0
OGDC,2013-10-08,239.46,242.0,237.11,240.94,80800.0
OGDC,2013-10-09,240.94,243.89,237.01,237.91,113800.0
OGDC,2013-10-10,237.91,238.99,234.03,237.37,110800.0
OGDC,2013-10-11,237.37,241.5,236.12,237.88,144000.0
OGDC,2013-10-14,237.88,239.0,236.21,237.03,23800.0
OGDC,2013-10-21,237.03,240.0,234.01,234.76,381000.0
OGDC,2013-10-22,234.76,240.95,234.8,240.0,498300.0
OGDC,2013-10-23,240.0,248.0,242.1,247.02,1270300.0
OGDC,2013-10-24,247.02,255.0,247.9,254.18,672800.0
OGDC,2013-10-25,254.18,266.4,252.01,261.36,1965700.0
OGDC,2013-10-28,261.36,265.5,257.0,258.24,256700.0
OGDC,2013-10-29,258.24,261.0,256.01,257.86,155500.0
OGDC,2013-10-30,257.86,260.99,257.0,260.12,293900.0
OGDC,2013-10-31,260.12,271.79,260.5,269.72,874600.0
OGDC,2013-11-01,269.72,275.0,263.62,264.33,664400.0
OGDC,2013-11-04,263.95,263.99,254.0,258.22,557500.0
OGDC,2013-11-05,258.9,266.98,258.9,266.08,632600.0
OGDC,2013-11-06,267.0,270.0,266.0,266.84,772500.0
OGDC,2013-11-07,267.32,267.88,264.6,266.87,352700.0
OGDC,2013-11-08,266.0,268.72,265.4,268.01,289600.0
OGDC,2013-11-11,268.98,269.98,267.0,267.24,108200.0
OGDC,2013-11-12,268.0,268.3,264.0,264.33,219300.0
OGDC,2013-11-13,263.5,264.0,258.5,260.13,318900.0
OGDC,2013-11-18,260.22,265.98,258.5,263.98,1005000.0
OGDC,2013-11-19,265.0,265.9,263.01,263.59,536800.0
OGDC,2013-11-20,262.23,265.98,262.04,263.0,486300.0
OGDC,2013-11-21,262.35,264.72,262.35,263.97,152200.0
OGDC,2013-11-22,262.95,264.22,260.5,262.98,439300.0
OGDC,2013-11-25,263.0,265.6,261.0,263.02,2069200.0
OGDC,2013-11-26,262.01,266.7,261.11,262.07,2347100.0
OGDC,2013-11-27,260.02,266.25,260.02,262.75,568900.0
OGDC,2013-11-28,263.99,268.9,263.51,266.88,861600.0
OGDC,2013-11-29,266.9,268.01,266.0,267.57,250600.0
OGDC,2013-12-02,268.4,271.0,266.01,267.06,354200.0
OGDC,2013-12-03,267.88,271.98,266.8,270.85,628100.0
OGDC,2013-12-04,271.0,275.0,270.9,271.66,563500.0
OGDC,2013-12-05,272.99,284.0,271.55,280.15,1178600.0
OGDC,2013-12-06,281.0,284.75,276.75,277.89,1165100.0
OGDC,2013-12-09,278.0,281.5,277.99,280.16,419400.0
OGDC,2013-12-10,282.9,282.9,278.99,280.14,244500.0
OGDC,2013-12-11,280.2,282.5,279.6,280.69,262100.0
OGDC,2013-12-12,279.0,279.99,275.27,277.83,785300.0
OGDC,2013-12-13,278.29,278.68,277.01,277.64,199900.0
OGDC,2013-12-16,277.99,278.6,276.51,277.81,380100.0
OGDC,2013-12-17,278.59,278.68,275.0,276.59,481100.0
OGDC,2013-12-18,277.7,280.0,276.01,277.65,659600.0
OGDC,2013-12-19,278.08,280.9,276.51,278.93,409200.0
OGDC,2013-12-20,279.47,280.55,276.0,278.94,506800.0
OGDC,2013-12-23,278.65,282.0,276.31,280.47,252300.0
OGDC,2013-12-24,280.0,280.0,275.01,278.46,229100.0
OGDC,2013-12-26,279.95,281.2,276.6,277.26,142600.0
OGDC,2013-12-27,276.07,278.0,276.01,276.17,257400.0
OGDC,2013-12-30,277.0,279.2,275.65,278.32,394200.0
OGDC,2013-12-31,278.5,279.5,275.0,276.36,224800.0
OGDC,2014-01-01,277.9,280.55,276.5,279.6,366700.0
OGDC,2014-01-02,279.97,283.5,279.0,282.42,1174900.0
OGDC,2014-01-03,282.01,284.1,278.0,283.82,393900.0
OGDC,2014-01-06,283.99,286.5,283.99,285.31,543100.0
OGDC,2014-01-07,286.0,287.11,284.0,285.61,1383400.0
OGDC,2014-01-08,285.22,287.8,284.03,286.13,444700.0
OGDC,2014-01-09,286.75,288.49,285.01,287.74,965700.0
OGDC,2014-01-10,288.5,288.5,285.52,287.0,144000.0
OGDC,2014-01-13,288.83,288.83,286.75,287.83,625100.0
OGDC,2014-01-15,288.4,289.99,287.5,287.84,558600.0
OGDC,2014-01-16,287.8,289.0,286.1,287.0,636800.0
OGDC,2014-01-17,287.7,287.7,285.5,286.93,108900.0
OGDC,2014-01-20,287.01,287.9,284.52,285.55,613400.0
OGDC,2014-01-21,285.5,286.25,284.4,285.04,246600.0
OGDC,2014-01-22,285.7,285.72,278.02,279.91,901500.0
OGDC,2014-01-23,279.0,282.89,279.0,280.25,151500.0
OGDC,2014-01-24,281.8,281.8,277.0,279.53,362100.0
OGDC,2014-01-27,278.0,279.89,273.5,274.89,899300.0
OGDC,2014-01-28,275.0,276.5,272.0,272.94,384600.0
OGDC,2014-01-29,272.54,273.0,267.52,271.27,610800.0
OGDC,2014-01-30,271.0,272.4,269.27,271.38,185100.0
OGDC,2014-01-31,272.3,274.65,270.26,272.54,1185300.0
OGDC,2014-02-03,273.0,275.0,272.1,274.27,802300.0
OGDC,2014-02-04,274.99,274.99,270.0,272.79,226700.0
OGDC,2014-02-06,272.79,276.0,270.52,274.6,718300.0
OGDC,2014-02-07,275.0,275.0,272.5,273.36,125500.0
OGDC,2014-02-10,274.79,274.95,265.65,268.11,300500.0
OGDC,2014-02-11,268.22,269.55,267.01,267.53,108700.0
OGDC,2014-02-12,268.4,274.9,268.0,274.1,425500.0
OGDC,2014-02-13,275.95,276.5,267.0,267.99,631400.0
OGDC,2014-02-14,269.57,270.5,267.5,268.04,53000.0
OGDC,2014-02-17,267.84,269.89,265.16,267.35,109000.0
OGDC,2014-02-18,268.9,269.4,264.5,267.45,67300.0
OGDC,2014-02-19,267.88,268.5,264.09,265.1,225500.0
OGDC,2014-02-20,265.75,267.15,262.94,263.27,390300.0
OGDC,2014-02-21,263.0,265.38,262.0,262.74,1405900.0
OGDC,2014-02-24,263.01,265.48,263.01,263.76,182900.0
OGDC,2014-02-25,264.25,265.0,262.0,262.27,603800.0
OGDC,2014-02-26,263.0,263.0,258.9,259.57,380400.0
OGDC,2014-02-27,260.0,261.89,256.05,258.24,319400.0
OGDC,2014-02-28,259.85,268.0,257.5,262.45,722500.0
OGDC,2014-03-03,265.25,266.5,262.0,262.57,276100.0
OGDC,2014-03-04,263.99,265.0,260.55,263.72,706000.0
OGDC,2014-03-05,264.79,266.9,262.0,265.79,1728800.0
OGDC,2014-03-06,266.6,268.59,265.5,266.85,2235200.0
OGDC,2014-03-07,267.25,271.75,267.0,268.84,2172800.0
OGDC,2014-03-10,269.5,273.2,269.0,272.03,1818200.0
OGDC,2014-03-11,273.24,275.0,272.05,272.93,1987400.0
OGDC,2014-03-12,273.5,274.0,268.0,268.9,1101200.0
OGDC,2014-03-13,268.98,272.4,268.3,268.97,704300.0
OGDC,2014-03-14,269.99,272.4,268.56,270.46,399100.0
OGDC,2014-03-17,271.0,272.95,268.5,269.4,534200.0
OGDC,2014-03-18,269.99,272.4,269.0,269.29,603500.0
OGDC,2014-03-19,268.7,272.4,268.5,268.74,1255000.0
OGDC,2014-03-20,269.85,269.85,262.55,263.55,1104000.0
OGDC,2014-03-21,263.01,263.89,250.55,251.89,4012700.0
OGDC,2014-03-24,248.1,253.0,244.48,247.07,2327100.0
OGDC,2014-03-25,248.0,252.0,247.6,250.7,539600.0
OGDC,2014-03-26,251.1,253.7,247.5,249.09,539400.0
OGDC,2014-03-27,250.55,251.88,249.0,250.26,826900.0
OGDC,2014-03-28,250.2,251.75,246.5,247.47,774500.0
OGDC,2014-03-31,247.99,248.38,239.4,241.13,3365800.0
OGDC,2014-04-01,242.01,247.0,242.01,246.59,941000.0
OGDC,2014-04-02,248.0,254.75,246.62,253.14,1330600.0
OGDC,2014-04-03,254.0,259.9,253.0,259.15,1447900.0
OGDC,2014-04-04,260.16,262.33,258.25,259.19,863400.0
OGDC,2014-04-07,260.53,263.0,258.5,262.18,693800.0
OGDC,2014-04-08,262.48,262.8,260.7,261.51,275600.0
OGDC,2014-04-09,260.01,264.5,260.01,263.85,1040700.0
OGDC,2014-04-10,265.0,266.9,264.61,265.83,1112000.0
OGDC,2014-04-11,265.8,269.3,264.5,266.08,1274600.0
OGDC,2014-04-14,267.5,267.9,264.52,266.4,445700.0
OGDC,2014-04-15,265.5,266.0,260.17,261.8,484300.0
OGDC,2014-04-16,262.99,263.96,259.66,260.9,287000.0
OGDC,2014-04-17,262.5,263.0,255.0,260.17,622000.0
OGDC,2014-04-18,262.69,262.69,255.76,256.46,177500.0
OGDC,2014-04-21,255.0,256.88,252.0,253.36,151900.0
OGDC,2014-04-22,255.1,256.4,250.0,253.3,483900.0
OGDC,2014-04-23,253.5,255.0,247.11,251.64,621100.0
OGDC,2014-04-24,253.95,255.49,251.01,254.37,429300.0
OGDC,2014-04-25,253.26,260.0,253.0,258.74,614000.0
OGDC,2014-04-28,261.0,261.5,254.82,256.68,484400.0
OGDC,2014-04-29,258.0,258.29,253.0,253.24,435500.0
OGDC,2014-04-30,255.0,254.25,250.31,252.24,570700.0
OGDC,2014-05-02,252.0,255.89,252.0,252.51,461300.0
OGDC,2014-05-05,253.88,255.0,251.77,253.59,286700.0
OGDC,2014-05-06,251.8,255.0,251.0,252.71,134000.0
OGDC,2014-05-07,253.0,255.0,251.0,253.07,485600.0
OGDC,2014-05-08,253.95,256.0,252.7,254.72,347400.0
OGDC,2014-05-09,256.0,256.57,252.1,254.23,415000.0
OGDC,2014-05-12,255.0,255.0,250.5,251.86,97400.0
OGDC,2014-05-13,252.0,252.75,250.61,251.98,73700.0
OGDC,2014-05-14,252.0,253.89,247.1,250.62,223900.0
OGDC,2014-05-15,251.5,253.0,250.0,251.07,58600.0
OGDC,2014-05-16,252.85,253.0,248.3,248.76,174400.0
OGDC,2014-05-19,248.98,250.99,248.0,250.21,184600.0
OGDC,2014-05-20,250.01,251.45,244.03,245.0,944400.0
OGDC,2014-05-21,245.69,245.77,244.0,244.74,430400.0
OGDC,2014-05-22,244.85,249.5,243.65,245.12,795600.0
OGDC,2014-05-23,245.01,249.0,245.01,247.03,645000.0
OGDC,2014-05-26,246.75,248.5,246.75,248.05,301500.0
OGDC,2014-05-27,248.98,250.0,247.0,247.35,120600.0
OGDC,2014-05-28,247.39,247.99,242.8,243.69,568600.0
OGDC,2014-05-29,244.7,252.0,244.0,249.64,2035100.0
OGDC,2014-05-30,251.57,252.5,246.0,248.58,1666000.0
OGDC,2014-06-02,248.8,249.5,246.7,248.55,360100.0
OGDC,2014-06-03,248.9,249.95,243.22,244.45,442200.0
OGDC,2014-06-04,244.1,246.9,243.5,245.6,358100.0
OGDC,2014-06-05,246.8,249.44,245.1,247.96,840900.0
OGDC,2014-06-06,248.99,254.45,248.1,250.71,2523300.0
OGDC,2014-06-09,251.0,252.4,248.0,248.67,1205200.0
OGDC,2014-06-10,249.01,250.5,244.71,246.21,712900.0
OGDC,2014-06-11,245.81,250.0,245.81,249.96,450000.0
OGDC,2014-06-12,249.0,249.7,247.75,248.78,251200.0
OGDC,2014-06-13,248.4,250.0,246.75,247.49,256100.0
OGDC,2014-06-16,246.5,247.5,246.1,246.55,104800.0
OGDC,2014-06-17,246.55,247.89,241.99,242.33,326000.0
OGDC,2014-06-18,244.49,245.0,240.0,240.64,216000.0
OGDC,2014-06-19,241.0,241.9,237.1,239.74,446700.0
OGDC,2014-06-20,241.0,242.9,237.1,240.74,334300.0
OGDC,2014-06-23,240.5,242.0,239.0,241.49,263200.0
OGDC,2014-06-24,242.95,242.95,240.51,241.4,461600.0
OGDC,2014-06-25,241.5,242.97,240.5,240.83,486000.0
OGDC,2014-06-26,243.48,245.0,242.08,244.91,216900.0
OGDC,2014-06-27,245.0,256.49,242.51,254.27,1839900.0
OGDC,2014-06-30,257.0,262.2,254.5,261.28,2362600.0
OGDC,2014-07-01,260.6,265.09,258.0,263.19,1349500.0
OGDC,2014-07-02,263.39,264.9,261.27,262.81,281500.0
OGDC,2014-07-03,263.7,263.7,260.51,261.43,253800.0
OGDC,2014-07-04,261.52,261.89,259.0,259.82,101500.0
OGDC,2014-07-07,261.0,261.0,259.01,260.04,298000.0
OGDC,2014-07-08,260.5,261.1,258.08,260.01,1471500.0
OGDC,2014-07-09,260.8,261.5,260.03,260.34,217000.0
OGDC,2014-07-10,260.0,261.4,259.11,260.65,242700.0
OGDC,2014-07-11,261.29,261.29,260.0,260.02,24700.0
OGDC,2014-07-14,260.19,262.0,260.01,261.98,324700.0
OGDC,2014-07-15,261.08,265.7,261.08,265.0,1662400.0
OGDC,2014-07-16,264.9,266.04,264.9,265.96,365900.0
OGDC,2014-07-17,266.8,269.0,265.63,267.62,1171900.0
OGDC,2014-07-18,268.5,271.0,267.52,270.14,528300.0
OGDC,2014-07-21,270.51,277.99,270.51,275.15,1820200.0
OGDC,2014-07-22,275.0,276.99,273.77,274.66,587400.0
OGDC,2014-07-23,274.66,277.45,273.32,276.0,1411300.0
OGDC,2014-07-24,276.7,279.5,273.26,277.52,802900.0
OGDC,2014-07-28,278.0,278.48,273.02,275.76,272200.0
OGDC,2014-08-04,272.5,272.5,262.35,266.71,1219100.0
OGDC,2014-08-05,267.88,270.75,265.0,269.02,1729000.0
OGDC,2014-08-06,267.6,268.0,264.0,265.06,644400.0
OGDC,2014-08-07,264.05,266.6,263.0,266.11,638000.0
OGDC,2014-08-08,266.5,266.99,264.5,265.18,270700.0
OGDC,2014-08-11,261.01,261.01,251.93,253.05,1528000.0
OGDC,2014-08-12,259.95,261.57,246.0,256.37,1766100.0
OGDC,2014-08-13,259.0,259.93,250.0,258.2,350100.0
OGDC,2014-08-15,263.99,263.99,258.21,260.36,421400.0
OGDC,2014-08-18,260.0,264.6,257.05,259.04,1219200.0
OGDC,2014-08-19,257.1,262.0,255.0,260.53,360100.0
OGDC,2014-08-20,258.5,261.8,258.0,259.07,896400.0
OGDC,2014-08-21,260.5,265.0,259.15,261.85,774300.0
OGDC,2014-08-22,263.97,263.97,260.0,260.68,172100.0
OGDC,2014-08-25,260.48,260.48,254.1,254.43,487400.0
OGDC,2014-08-26,256.44,258.0,250.5,251.61,450700.0
OGDC,2014-08-27,253.8,253.8,245.33,249.45,977500.0
OGDC,2014-08-28,245.6,252.0,244.69,251.1,601900.0
OGDC,2014-08-29,256.55,263.5,253.01,260.94,1013700.0
OGDC,2014-09-01,254.5,261.0,253.53,258.69,577800.0
OGDC,2014-09-02,260.7,266.97,259.11,265.16,550000.0
OGDC,2014-09-03,269.0,272.99,266.55,270.34,1245000.0
OGDC,2014-09-04,270.0,273.99,269.2,270.05,1179500.0
OGDC,2014-09-05,271.0,271.0,269.0,269.81,603800.0
OGDC,2014-09-08,270.98,272.99,269.08,270.35,285600.0
OGDC,2014-09-09,271.49,273.3,270.01,271.75,159400.0
OGDC,2014-09-10,273.0,273.5,271.0,271.71,272400.0
OGDC,2014-09-11,271.06,272.0,269.01,270.07,297100.0
OGDC,2014-09-12,270.88,274.35,270.88,273.9,917500.0
OGDC,2014-09-15,274.0,274.0,271.52,273.54,113900.0
OGDC,2014-09-16,270.5,271.25,266.7,267.68,572800.0
OGDC,2014-09-17,267.1,268.89,259.0,263.04,3515300.0
OGDC,2014-09-18,263.5,263.5,260.99,261.27,220900.0
OGDC,2014-09-19,260.1,261.5,259.0,259.67,166900.0
OGDC,2014-09-22,261.5,262.0,259.02,260.16,163400.0
OGDC,2014-09-23,259.51,263.35,259.0,259.33,565800.0
OGDC,2014-09-24,261.75,261.75,253.0,253.24,596000.0
OGDC,2014-09-25,253.24,253.69,248.5,250.74,630400.0
OGDC,2014-09-26,251.85,251.9,249.0,249.92,553200.0
OGDC,2014-09-29,250.0,254.9,245.0,245.6,522400.0
OGDC,2014-09-30,245.98,249.0,245.0,247.06,720300.0
OGDC,2014-10-01,247.11,251.5,247.1,250.56,297500.0
OGDC,2014-10-02,251.9,256.99,251.0,252.19,931600.0
OGDC,2014-10-03,253.75,257.55,250.21,254.2,898700.0
OGDC,2014-10-09,254.0,254.0,247.16,247.62,641100.0
OGDC,2014-10-10,247.75,251.95,245.16,246.11,904300.0
OGDC,2014-10-13,246.99,247.99,244.25,244.93,275700.0
OGDC,2014-10-14,244.95,244.95,242.06,242.37,277100.0
OGDC,2014-10-15,242.37,242.5,236.38,237.08,470800.0
OGDC,2014-10-16,236.15,238.0,231.83,235.14,546000.0
OGDC,2014-10-17,236.6,239.0,234.0,234.74,603700.0
OGDC,2014-10-20,234.0,240.44,232.4,234.23,2009700.0
OGDC,2014-10-21,235.6,236.5,231.0,231.84,670700.0
OGDC,2014-10-22,233.2,236.0,233.05,234.02,363600.0
OGDC,2014-10-23,234.03,234.75,232.85,233.46,215200.0
OGDC,2014-10-24,233.46,238.5,232.31,235.1,949900.0
OGDC,2014-10-27,235.99,237.5,233.7,234.01,324000.0
OGDC,2014-10-28,233.52,234.52,233.0,233.33,141000.0
OGDC,2014-10-29,234.5,234.5,231.18,231.65,437200.0
OGDC,2014-10-30,231.99,232.5,226.01,227.77,1772600.0
OGDC,2014-10-31,229.8,229.8,226.7,228.04,811200.0
OGDC,2014-11-05,228.99,232.0,227.0,229.62,1511100.0
OGDC,2014-11-06,230.0,230.0,221.0,221.6,2185400.0
OGDC,2014-11-07,221.5,226.5,220.65,225.02,3329900.0
OGDC,2014-11-10,234.0,236.27,230.5,236.27,2061800.0
OGDC,2014-11-11,239.9,241.0,236.7,237.58,3180500.0
OGDC,2014-11-12,237.5,244.38,236.44,240.94,2342300.0
OGDC,2014-11-13,241.8,243.0,236.5,237.06,1573600.0
OGDC,2014-11-14,235.0,237.0,231.51,231.97,1121200.0
OGDC,2014-11-17,232.5,233.95,231.52,232.01,176300.0
OGDC,2014-11-18,232.48,234.5,229.7,233.15,567100.0
OGDC,2014-11-19,233.48,235.7,232.0,232.82,892800.0
OGDC,2014-11-20,232.0,234.7,230.1,232.16,520400.0
OGDC,2014-11-21,232.05,233.45,231.1,231.35,154900.0
OGDC,2014-11-24,232.2,232.75,230.0,230.47,261900.0
OGDC,2014-11-25,229.51,230.0,227.0,228.32,467500.0
OGDC,2014-11-26,228.5,229.0,227.02,228.11,266200.0
OGDC,2014-11-27,227.5,228.36,222.22,224.18,526300.0
OGDC,2014-11-28,221.2,221.2,212.98,213.1,2775400.0
OGDC,2014-12-01,209.0,212.0,206.0,207.03,500900.0
OGDC,2014-12-02,210.0,217.38,210.0,214.15,929600.0
OGDC,2014-12-03,216.24,219.64,213.01,218.67,1047400.0
OGDC,2014-12-04,219.5,222.0,218.05,219.84,447300.0
OGDC,2014-12-05,220.8,221.99,217.0,217.83,240000.0
OGDC,2014-12-08,218.88,218.88,215.0,215.66,500800.0
OGDC,2014-12-09,215.05,217.22,211.6,217.01,598600.0
OGDC,2014-12-10,217.09,218.47,214.1,215.26,386700.0
OGDC,2014-12-11,214.25,221.0,212.0,216.27,1445700.0
OGDC,2014-12-12,216.0,216.0,212.95,213.41,470100.0
OGDC,2014-12-15,210.89,214.5,209.12,213.21,1958600.0
OGDC,2014-12-16,213.0,213.0,202.55,202.56,888600.0
OGDC,2014-12-17,203.0,207.95,197.0,200.35,4476600.0
OGDC,2014-12-18,205.01,207.0,200.4,201.23,1916500.0
OGDC,2014-12-19,201.0,206.0,198.15,204.61,1921300.0
OGDC,2014-12-22,204.5,210.3,204.0,209.52,1580000.0
OGDC,2014-12-23,209.99,215.3,207.85,213.49,1480600.0
OGDC,2014-12-24,213.51,214.84,212.25,214.33,419600.0
OGDC,2014-12-26,213.26,214.26,211.0,212.12,313900.0
OGDC,2014-12-29,213.25,213.25,208.4,209.67,533700.0
OGDC,2014-12-30,209.76,209.76,203.7,205.0,2425800.0
OGDC,2014-12-31,205.0,207.4,205.0,205.87,290600.0
OGDC,2015-01-01,206.9,207.0,204.0,206.44,136100.0
OGDC,2015-01-02,207.9,209.0,206.2,208.56,478500.0
OGDC,2015-01-05,206.1,209.5,206.0,209.16,389800.0
OGDC,2015-01-06,206.16,214.0,205.0,210.04,1170900.0
OGDC,2015-01-07,209.01,211.75,207.85,210.69,1023900.0
OGDC,2015-01-08,211.6,214.75,211.5,212.8,345400.0
OGDC,2015-01-09,213.0,219.0,213.0,218.31,1370700.0
OGDC,2015-01-12,218.99,218.99,216.0,216.89,439000.0
OGDC,2015-01-13,215.51,215.51,209.5,210.43,686100.0
OGDC,2015-01-14,211.0,211.9,209.4,209.77,108700.0
OGDC,2015-01-15,213.0,213.5,209.0,209.5,588600.0
OGDC,2015-01-16,209.9,210.5,207.5,207.97,511200.0
OGDC,2015-01-19,209.22,213.39,209.02,212.73,650000.0
OGDC,2015-01-20,212.1,214.2,210.5,213.39,318700.0
OGDC,2015-01-21,213.9,215.0,213.0,214.2,648400.0
OGDC,2015-01-22,213.42,218.34,213.42,216.6,325700.0
OGDC,2015-01-23,218.5,219.0,214.25,217.29,611000.0
OGDC,2015-01-26,218.5,218.99,213.75,214.6,702500.0
OGDC,2015-01-27,215.0,215.0,213.66,214.63,221700.0
OGDC,2015-01-28,213.06,215.22,213.06,213.49,109700.0
OGDC,2015-01-29,213.9,214.85,213.4,214.12,244300.0
OGDC,2015-01-30,213.11,214.0,210.0,210.94,2120700.0
OGDC,2015-02-02,212.7,217.2,212.7,216.86,4047400.0
OGDC,2015-02-03,218.5,223.5,218.5,221.93,3116100.0
OGDC,2015-02-04,225.79,226.65,214.5,218.08,2297100.0
OGDC,2015-02-06,216.25,218.0,214.85,217.09,155400.0
OGDC,2015-02-09,217.27,218.22,214.5,214.97,110700.0
OGDC,2015-02-10,217.0,218.0,213.11,217.45,163300.0
OGDC,2015-02-11,216.0,218.0,213.0,213.68,205300.0
OGDC,2015-02-12,214.95,214.95,208.0,210.44,419100.0
OGDC,2015-02-13,210.99,213.4,210.5,211.22,90300.0
OGDC,2015-02-16,213.0,214.4,212.0,213.54,98700.0
OGDC,2015-02-17,214.88,216.0,212.8,214.65,76800.0
OGDC,2015-02-18,214.5,215.99,214.05,215.49,89900.0
OGDC,2015-02-19,215.0,215.73,211.85,212.17,160600.0
OGDC,2015-02-20,212.25,213.73,211.1,212.05,590600.0
OGDC,2015-02-23,212.5,212.99,210.75,210.94,237200.0
OGDC,2015-02-24,211.5,211.6,209.5,210.05,328300.0
OGDC,2015-02-25,209.16,211.0,208.57,208.91,226300.0
OGDC,2015-02-26,210.0,210.6,208.8,209.48,86700.0
OGDC,2015-02-27,209.51,212.0,208.25,211.15,2137700.0
OGDC,2015-03-02,211.15,211.89,207.5,208.89,279800.0
OGDC,2015-03-03,208.0,209.0,206.01,206.98,1880300.0
OGDC,2015-03-04,207.8,208.0,204.5,205.32,174900.0
OGDC,2015-03-05,206.35,206.5,205.05,205.97,159300.0
OGDC,2015-03-06,206.9,207.28,203.01,204.14,610400.0
OGDC,2015-03-09,204.89,205.5,204.0,204.27,123700.0
OGDC,2015-03-10,204.1,205.47,203.5,204.36,123800.0
OGDC,2015-03-11,203.99,204.0,202.0,203.51,362600.0
OGDC,2015-03-12,204.25,204.5,203.15,203.81,49900.0
OGDC,2015-03-13,204.95,205.3,203.7,204.95,107500.0
OGDC,2015-03-16,202.95,203.0,197.28,197.74,207400.0
OGDC,2015-03-17,198.0,199.0,196.0,196.39,125300.0
OGDC,2015-03-18,196.5,196.5,187.01,188.23,1296600.0
OGDC,2015-03-19,190.0,192.0,185.07,188.71,1131500.0
OGDC,2015-03-20,190.5,191.95,186.0,187.85,1061900.0
OGDC,2015-03-24,189.95,190.25,185.0,186.08,333400.0
OGDC,2015-03-25,187.95,187.99,183.05,183.44,632200.0
OGDC,2015-03-26,184.5,189.0,184.0,186.75,2743600.0
OGDC,2015-03-27,188.0,188.0,177.49,182.14,1118000.0
OGDC,2015-03-30,181.01,185.0,173.15,177.35,2276800.0
OGDC,2015-03-31,177.98,183.8,177.98,181.53,1812500.0
OGDC,2015-04-01,182.0,182.0,176.02,176.93,321100.0
OGDC,2015-04-02,177.0,178.81,176.0,177.58,168700.0
OGDC,2015-04-03,176.02,177.5,172.0,172.44,283900.0
OGDC,2015-04-06,172.85,174.46,168.5,173.35,966300.0
OGDC,2015-04-07,174.9,177.49,173.35,174.37,605800.0
OGDC,2015-04-08,176.0,180.29,175.6,177.84,3240800.0
OGDC,2015-04-09,177.46,177.9,174.0,177.11,1309600.0
OGDC,2015-04-10,176.11,179.0,174.6,175.29,1819100.0
OGDC,2015-04-13,174.6,176.5,173.11,174.35,1267100.0
OGDC,2015-04-14,174.99,175.5,173.5,174.18,359000.0
OGDC,2015-04-15,176.0,177.5,174.5,176.83,1577100.0
OGDC,2015-04-16,179.0,181.86,178.99,180.67,2406700.0
OGDC,2015-04-17,181.4,186.9,179.0,185.2,958400.0
OGDC,2015-04-20,187.89,188.5,184.25,184.77,837900.0
OGDC,2015-04-21,184.5,184.5,180.1,181.03,181400.0
OGDC,2015-04-22,180.5,182.8,179.7,180.71,403800.0
OGDC,2015-04-23,182.0,185.0,178.0,179.79,1209200.0
OGDC,2015-04-24,181.5,184.4,181.5,183.93,1178000.0
OGDC,2015-04-27,185.0,185.5,182.0,183.14,1893200.0
OGDC,2015-04-28,183.49,183.49,180.68,181.58,103000.0
OGDC,2015-04-29,182.0,182.88,181.01,181.86,570500.0
OGDC,2015-04-30,183.0,183.48,180.1,182.84,263900.0
OGDC,2015-05-04,182.97,184.99,182.0,182.55,296200.0
OGDC,2015-05-05,182.6,182.97,180.91,182.23,438000.0
OGDC,2015-05-06,185.49,191.34,185.49,191.31,1442900.0
OGDC,2015-05-07,191.84,196.0,189.5,194.43,870700.0
OGDC,2015-05-08,192.0,192.0,188.7,190.01,961800.0
OGDC,2015-05-11,192.5,192.5,183.0,187.83,843200.0
OGDC,2015-05-12,185.11,190.98,185.11,190.03,394800.0
OGDC,2015-05-13,192.0,192.5,189.0,189.99,566800.0
OGDC,2015-05-14,191.99,191.99,188.5,189.55,452100.0
OGDC,2015-05-15,189.55,190.0,186.53,187.06,342300.0
OGDC,2015-05-18,186.76,189.0,185.51,186.62,282700.0
OGDC,2015-05-19,186.62,190.0,185.56,186.04,652100.0
OGDC,2015-05-20,185.01,187.39,184.13,186.04,875000.0
OGDC,2015-05-21,186.0,187.6,180.12,184.15,84600.0
OGDC,2015-05-22,186.99,186.99,182.0,185.82,113200.0
OGDC,2015-05-25,186.99,194.5,185.06,191.92,418700.0
OGDC,2015-05-26,191.92,194.9,189.38,189.99,162600.0
OGDC,2015-05-27,190.0,190.0,186.94,189.29,657300.0
OGDC,2015-05-28,188.1,189.2,185.68,185.98,1444700.0
OGDC,2015-05-29,187.15,187.15,183.6,184.73,1566700.0
OGDC,2015-06-01,186.0,187.0,184.24,185.65,483300.0
OGDC,2015-06-02,186.4,192.25,186.0,189.71,1433700.0
OGDC,2015-06-03,191.94,192.0,188.5,189.07,497000.0
OGDC,2015-06-04,188.9,190.0,188.5,189.51,522200.0
OGDC,2015-06-05,189.0,189.0,187.0,187.52,272600.0
OGDC,2015-06-08,184.0,189.5,184.0,187.21,625400.0
OGDC,2015-06-09,186.81,188.39,186.5,187.58,212500.0
OGDC,2015-06-10,188.76,191.0,188.0,189.24,324600.0
OGDC,2015-06-11,189.24,197.0,188.01,195.87,697600.0
OGDC,2015-06-12,196.1,196.1,192.8,194.83,550600.0
OGDC,2015-06-15,191.26,195.2,190.01,193.55,1535800.0
OGDC,2015-06-16,193.05,194.0,191.2,191.33,59000.0
OGDC,2015-06-17,191.99,191.99,190.5,190.7,472000.0
OGDC,2015-06-18,191.75,193.9,191.51,193.45,229000.0
OGDC,2015-06-19,193.5,194.99,191.5,193.84,770800.0
OGDC,2015-06-22,193.4,193.4,190.0,191.85,105800.0
OGDC,2015-06-23,191.01,192.44,187.51,188.51,238400.0
OGDC,2015-06-24,191.95,191.95,185.5,186.17,237200.0
OGDC,2015-06-25,185.9,185.9,181.08,182.42,297900.0
OGDC,2015-06-26,182.0,182.0,177.5,178.21,387400.0
OGDC,2015-06-29,177.99,178.59,175.5,176.88,281700.0
OGDC,2015-06-30,177.49,181.0,177.0,179.24,481100.0
OGDC,2015-07-01,180.0,182.5,180.0,181.82,117600.0
OGDC,2015-07-02,180.61,183.98,180.6,183.05,242100.0
OGDC,2015-07-03,183.0,183.99,182.0,183.5,50300.0
OGDC,2015-07-06,182.01,182.01,178.8,179.97,353100.0
OGDC,2015-07-07,178.0,178.0,175.5,176.29,404500.0
OGDC,2015-07-08,178.9,178.9,175.0,177.03,78500.0
OGDC,2015-07-09,177.01,177.5,174.16,176.02,152100.0
OGDC,2015-07-10,176.0,177.9,176.0,176.7,67600.0
OGDC,2015-07-13,178.1,178.49,175.2,176.92,51200.0
OGDC,2015-07-14,177.25,177.25,168.08,168.56,1425600.0
OGDC,2015-07-15,170.15,172.9,169.2,169.55,269200.0
OGDC,2015-07-16,170.5,171.0,164.51,165.92,384900.0
OGDC,2015-07-22,166.0,166.0,161.9,162.7,277500.0
OGDC,2015-07-23,163.7,163.7,159.49,161.65,635400.0
OGDC,2015-07-24,160.51,161.49,160.15,160.72,246700.0
OGDC,2015-07-27,160.95,160.95,155.75,157.14,409800.0
OGDC,2015-07-28,157.14,160.5,155.99,156.34,488300.0
OGDC,2015-07-29,158.46,162.74,157.95,162.0,1626400.0
OGDC,2015-07-30,164.5,167.56,164.01,164.85,929500.0
OGDC,2015-07-31,166.39,166.5,162.31,162.94,309100.0
OGDC,2015-08-03,162.0,162.5,161.01,162.46,302000.0
OGDC,2015-08-04,162.0,162.0,160.5,161.39,594300.0
OGDC,2015-08-05,161.99,164.44,160.7,163.43,2412700.0
OGDC,2015-08-06,163.55,164.88,162.0,162.43,908000.0
OGDC,2015-08-07,161.51,164.0,161.51,162.04,56200.0
OGDC,2015-08-10,162.12,162.5,159.11,160.32,261500.0
OGDC,2015-08-11,161.0,161.5,160.0,160.64,627600.0
OGDC,2015-08-12,160.4,160.64,157.0,157.53,451100.0
OGDC,2015-08-13,158.5,159.45,155.81,156.98,330700.0
OGDC,2020-08-17,115.2,117.8,115.2,116.55,2677764.0
OGDC,2020-08-18,117.5,118.0,116.9,117.54,1560671.0
OGDC,2020-08-19,117.49,119.8,117.05,118.19,4659330.0
OGDC,2020-08-20,118.48,119.25,117.4,117.65,1138413.0
OGDC,2020-08-21,117.27,117.5,113.9,114.92,1667823.0
OGDC,2020-08-24,114.5,114.5,111.8,113.09,1379455.0
OGDC,2020-08-25,114.05,115.5,113.94,114.84,1540524.0
OGDC,2020-08-26,115.5,116.4,115.01,115.69,1492124.0
OGDC,2020-08-27,116.45,116.5,114.8,115.66,1297585.0
OGDC,2020-08-28,115.2,115.5,114.0,114.15,873880.0
OGDC,2020-08-31,115.4,115.4,114.0,114.75,2216998.0
OGDC,2020-09-01,114.52,114.7,112.49,112.72,3137803.0
OGDC,2020-09-02,113.02,114.0,113.02,113.74,1525130.0
OGDC,2020-09-03,113.2,114.0,113.08,113.3,2017038.0
OGDC,2020-09-04,112.81,113.59,112.3,113.25,1397461.0
OGDC,2020-09-07,112.9,113.48,112.5,112.7,962461.0
OGDC,2020-09-08,112.49,113.0,111.05,111.37,1513398.0
OGDC,2020-09-09,110.0,110.0,107.4,108.86,3430381.0
OGDC,2020-09-10,109.77,111.28,109.77,110.39,1952922.0
OGDC,2020-09-11,110.1,110.89,109.06,109.4,1184935.0
OGDC,2020-09-14,109.95,110.48,109.0,109.12,668560.0
OGDC,2020-09-15,109.55,109.65,108.8,109.01,483012.0
OGDC,2020-09-16,110.0,110.0,109.2,109.34,795701.0
OGDC,2020-09-17,109.9,110.8,109.06,109.4,865104.0
OGDC,2020-09-18,110.0,113.5,107.1,112.35,3354422.0
OGDC,2020-09-21,112.45,112.45,110.18,110.5,650619.0
OGDC,2020-09-22,110.0,110.44,108.9,109.29,973385.0
OGDC,2020-09-23,109.35,109.5,107.8,108.11,1093151.0
OGDC,2020-09-24,108.11,108.2,103.99,104.79,3022784.0
OGDC,2020-09-25,105.0,105.8,103.53,104.1,2478158.0
OGDC,2020-09-28,103.99,106.5,103.0,104.09,2915226.0
OGDC,2020-09-29,104.59,106.0,104.5,105.54,1509007.0
OGDC,2020-09-30,105.74,107.35,97.63,103.6,2529473.0
OGDC,2020-10-01,102.35,104.87,102.0,104.19,1538538.0
OGDC,2020-10-02,104.0,104.0,100.51,101.11,1096127.0
OGDC,2020-10-05,101.0,102.3,99.0,100.24,1554229.0
OGDC,2020-10-06,99.9,101.25,97.63,98.98,1177022.0
OGDC,2020-10-07,99.5,100.0,97.5,99.14,1332931.0
OGDC,2020-10-08,99.6,104.0,99.6,103.38,2528217.0
OGDC,2020-10-09,103.4,106.5,103.4,105.5,1942314.0
OGDC,2020-10-12,106.29,106.29,102.0,102.42,1313815.0
OGDC,2020-10-13,102.1,102.49,100.15,100.77,1133606.0
OGDC,2020-10-14,101.0,101.74,100.65,101.2,939226.0
OGDC,2020-10-15,102.5,103.5,101.0,101.09,1522734.0
OGDC,2020-10-16,101.15,101.43,99.9,101.2,1113039.0
OGDC,2020-10-19,101.4,102.61,99.57,101.87,460015.0
OGDC,2020-10-20,100.49,101.89,100.21,101.28,992537.0
OGDC,2020-10-21,101.55,102.4,101.07,101.67,1374114.0
OGDC,2020-10-22,101.35,101.35,98.3,98.92,2570794.0
OGDC,2020-10-23,98.65,99.79,97.1,97.55,1819780.0
OGDC,2020-10-26,98.0,98.99,97.83,98.42,1142033.0
OGDC,2020-10-27,98.39,98.39,96.75,96.91,1077829.0
OGDC,2020-10-28,97.04,97.49,95.4,95.91,1953957.0
OGDC,2020-10-29,96.0,96.0,90.01,93.43,4564122.0
OGDC,2020-11-02,92.4,92.4,88.5,88.86,4241952.0
OGDC,2020-11-03,90.0,91.9,89.56,91.19,3186217.0
OGDC,2020-11-04,92.2,92.99,91.6,92.03,3188180.0
OGDC,2020-11-05,93.9,96.65,93.9,95.49,4060550.0
OGDC,2020-11-06,95.02,95.94,94.49,94.53,1918179.0
OGDC,2020-11-09,95.45,95.45,93.5,93.96,840682.0
OGDC,2020-11-10,97.5,99.4,97.1,97.75,6612017.0
OGDC,2020-11-11,99.5,101.9,98.3,101.5,5111900.0
OGDC,2020-11-12,100.51,100.75,98.0,98.58,2141038.0
OGDC,2020-11-13,98.4,98.4,96.2,96.72,695854.0
OGDC,2020-11-16,96.72,97.0,95.1,95.4,1263960.0
OGDC,2020-11-17,96.25,97.25,94.79,95.04,3723305.0
OGDC,2020-11-18,95.4,95.4,94.02,94.49,742230.0
OGDC,2020-11-19,94.41,94.99,93.5,93.7,779661.0
OGDC,2020-11-20,93.81,94.5,93.12,93.64,1026767.0
OGDC,2020-11-23,93.61,93.61,92.0,92.75,1993872.0
OGDC,2020-11-24,94.4,94.94,93.03,93.82,2040804.0
OGDC,2020-11-25,97.0,100.85,96.75,99.97,7659750.0
OGDC,2020-11-26,103.0,105.0,100.5,101.23,6461103.0
OGDC,2020-11-27,100.61,100.61,98.84,99.6,3394802.0
OGDC,2020-11-30,98.51,100.6,97.5,99.39,6206621.0
OGDC,2020-12-01,99.05,101.15,99.01,100.19,3315129.0
OGDC,2020-12-02,100.0,101.2,99.5,100.37,2348111.0
OGDC,2020-12-03,101.1,101.88,100.0,100.1,2341903.0
OGDC,2020-12-04,102.9,103.47,102.3,102.7,5176309.0
OGDC,2020-12-07,102.05,102.1,100.5,100.87,1950994.0
OGDC,2020-12-08,101.0,101.05,100.01,100.16,2365783.0
OGDC,2020-12-09,100.17,102.0,100.17,101.79,1872727.0
OGDC,2020-12-10,102.0,102.18,101.1,101.83,1276135.0
OGDC,2020-12-11,103.0,103.0,101.51,102.77,2905801.0
OGDC,2020-12-14,102.84,106.6,102.83,106.18,3527377.0
OGDC,2020-12-15,106.0,107.0,104.15,104.59,2515710.0
OGDC,2020-12-16,106.0,108.9,104.53,108.31,4783136.0
OGDC,2020-12-17,110.25,111.1,109.0,110.08,3523099.0
OGDC,2020-12-18,111.0,111.0,109.0,110.32,2833156.0
OGDC,2020-12-21,109.3,109.3,105.03,105.63,3880522.0
OGDC,2020-12-22,105.5,106.58,103.03,103.93,2751900.0
OGDC,2020-12-23,103.0,105.0,102.69,104.37,1817988.0
OGDC,2020-12-24,105.8,106.99,104.51,105.05,1826726.0
OGDC,2020-12-28,106.0,106.44,105.25,105.68,1044086.0
OGDC,2020-12-29,105.82,106.08,103.51,103.93,1644352.0
OGDC,2020-12-30,104.01,105.15,103.75,104.26,2091445.0
OGDC,2020-12-31,104.3,104.75,103.12,103.77,1309115.0
OGDC,2021-01-01,104.0,111.49,103.8,110.1,12335845.0
OGDC,2021-01-04,116.99,116.99,112.8,114.41,10342925.0
OGDC,2021-01-05,111.75,114.41,111.0,111.64,3729224.0
OGDC,2021-01-06,115.0,115.51,112.0,113.39,6283154.0
OGDC,2021-01-07,115.0,115.0,110.11,112.08,4186488.0
OGDC,2021-01-08,112.48,114.35,111.6,113.87,2002265.0
OGDC,2021-01-11,116.0,116.2,113.01,113.58,2984995.0
OGDC,2021-01-12,113.6,116.4,113.26,115.68,4045190.0
OGDC,2021-01-13,117.1,118.0,114.67,115.89,2968465.0
OGDC,2021-01-14,115.5,115.75,113.4,113.66,1674716.0
OGDC,2021-01-15,114.29,114.5,113.46,113.58,1159144.0
OGDC,2021-01-18,112.59,112.9,110.42,110.89,1847870.0
OGDC,2021-01-19,110.0,115.5,109.31,112.47,3553715.0
OGDC,2021-01-20,112.5,112.5,109.55,110.1,4157517.0
OGDC,2021-01-21,110.0,111.5,110.0,110.38,1032668.0
OGDC,2021-01-22,110.35,110.85,109.1,109.56,1769105.0
OGDC,2021-01-25,109.8,110.4,108.25,108.55,1688323.0
OGDC,2021-01-26,108.7,109.5,107.9,108.28,2174183.0
OGDC,2021-01-27,108.5,109.5,107.8,108.39,2304601.0
OGDC,2021-01-28,108.0,108.5,106.5,106.71,1992542.0
OGDC,2021-01-29,106.25,108.8,106.2,106.97,4108810.0
OGDC,2021-02-01,107.5,108.09,106.25,106.49,2035450.0
OGDC,2021-02-02,108.0,110.55,106.7,109.1,4178836.0
OGDC,2021-02-03,111.0,111.2,109.4,110.41,3572963.0
OGDC,2021-02-04,114.1,114.99,112.45,113.26,7448787.0
OGDC,2021-02-08,114.5,115.99,113.5,113.82,2682481.0
OGDC,2021-02-09,115.5,115.7,114.2,114.36,1829674.0
OGDC,2021-02-10,114.01,114.24,111.96,112.1,1866865.0
OGDC,2021-02-11,112.75,113.0,110.01,111.39,2177397.0
OGDC,2021-02-12,111.5,111.5,107.75,108.55,1470778.0
OGDC,2021-02-15,111.98,113.49,110.15,112.24,4335688.0
OGDC,2021-02-16,113.0,115.45,112.01,113.89,7213885.0
OGDC,2021-02-17,114.45,114.45,112.01,112.38,1318862.0
OGDC,2021-02-18,113.5,113.5,110.66,111.0,1081394.0
OGDC,2021-02-19,110.15,111.43,109.91,110.9,1031407.0
OGDC,2021-02-22,111.4,111.49,108.25,108.6,1957035.0
OGDC,2021-02-23,110.5,110.9,109.4,109.65,1585099.0
OGDC,2021-02-24,109.88,110.4,107.01,107.51,2307881.0
OGDC,2021-02-25,108.48,108.85,107.8,108.32,1512011.0
OGDC,2021-02-26,108.49,108.49,103.7,104.72,3601810.0
OGDC,2021-03-01,105.15,105.45,103.4,104.48,993856.0
OGDC,2021-03-02,104.0,107.0,103.71,105.4,1627498.0
OGDC,2021-03-03,105.99,106.7,104.05,106.22,849105.0
OGDC,2021-03-04,103.5,106.0,103.5,104.28,1610733.0
OGDC,2021-03-05,106.4,108.4,104.25,107.1,1858659.0
OGDC,2021-03-08,110.2,110.7,105.15,105.82,2395827.0
OGDC,2021-03-09,105.55,106.89,103.75,104.46,2853692.0
OGDC,2021-03-10,104.2,106.98,102.99,104.82,1876974.0
OGDC,2021-03-11,104.82,104.82,99.51,100.31,2084377.0
OGDC,2021-03-12,101.99,105.7,100.5,102.69,2098877.0
OGDC,2021-03-15,103.51,104.39,101.0,102.78,1932102.0
OGDC,2021-03-16,103.0,103.5,101.7,101.99,1165356.0
OGDC,2021-03-17,102.74,103.68,102.3,102.78,1355557.0
OGDC,2021-03-18,102.89,103.44,101.5,101.84,1306093.0
OGDC,2021-03-19,100.0,101.56,99.0,99.97,2677642.0
OGDC,2021-03-22,100.01,107.46,99.5,107.31,8999850.0
OGDC,2021-03-24,105.24,105.75,103.9,104.25,3588046.0
OGDC,2021-03-25,105.01,106.45,103.96,104.27,1560844.0
OGDC,2021-03-26,104.0,104.0,103.0,103.06,1635638.0
OGDC,2021-03-29,103.0,103.0,100.5,101.25,1232073.0
OGDC,2021-03-30,101.9,102.0,100.5,101.43,909090.0
OGDC,2021-03-31,102.0,103.0,100.01,101.61,1285499.0
OGDC,2021-04-01,101.35,102.95,100.5,100.98,473705.0
OGDC,2021-04-02,100.96,101.94,100.5,100.7,422249.0
OGDC,2021-04-05,101.14,101.15,99.05,99.31,830819.0
OGDC,2021-04-06,99.94,101.38,99.1,100.55,609550.0
OGDC,2021-04-07,100.95,100.99,97.0,97.59,2110946.0
OGDC,2021-04-08,98.59,99.0,97.61,98.66,828633.0
OGDC,2021-04-09,97.98,98.79,97.06,98.41,365030.0
OGDC,2021-04-12,98.2,98.35,96.7,96.97,660608.0
OGDC,2021-04-13,96.9,97.28,96.5,96.82,869855.0
OGDC,2021-04-14,96.68,98.2,96.68,97.9,1044382.0
OGDC,2021-04-15,99.1,99.5,98.5,98.97,799784.0
OGDC,2021-04-16,99.45,99.5,98.8,99.06,404713.0
OGDC,2021-04-19,99.0,99.0,97.1,98.28,593737.0
OGDC,2021-04-20,98.6,99.25,98.35,98.44,293095.0
OGDC,2021-04-21,98.2,98.2,97.06,97.37,410307.0
OGDC,2021-04-22,97.05,97.44,94.21,94.72,2251767.0
OGDC,2021-04-23,94.0,94.43,92.41,92.66,1502618.0
OGDC,2021-04-26,93.0,99.6,92.02,99.47,3393405.0
OGDC,2021-04-27,99.25,99.25,93.5,94.71,3091962.0
OGDC,2021-04-28,94.5,95.0,91.9,92.29,2343142.0
OGDC,2021-04-29,93.0,93.5,92.29,92.95,938494.0
OGDC,2021-04-30,93.08,93.3,91.0,91.51,1008579.0
OGDC,2021-05-03,91.51,92.49,90.45,91.04,1255271.0
OGDC,2021-05-04,91.65,92.05,91.2,91.48,478713.0
OGDC,2021-05-05,93.5,94.0,92.1,92.5,684613.0
OGDC,2021-05-06,93.4,94.45,92.25,92.67,1616453.0
OGDC,2021-05-17,91.0,92.67,86.25,88.38,16646719.0
OGDC,2021-05-18,89.05,89.8,88.0,88.9,8459795.0
OGDC,2021-05-19,89.0,91.29,88.9,89.76,8450798.0
OGDC,2021-05-20,90.0,90.15,87.98,88.14,4431796.0
OGDC,2021-05-21,88.75,91.0,88.0,89.99,3512679.0
OGDC,2021-05-24,91.61,92.49,89.51,90.02,14364647.0
OGDC,2021-05-25,90.8,91.3,90.0,90.14,6728391.0
OGDC,2021-05-26,90.25,93.7,90.25,93.1,9975856.0
OGDC,2021-05-27,94.75,94.99,91.8,93.14,47490914.0
OGDC,2021-05-28,94.2,96.89,93.55,95.44,16838692.0
OGDC,2021-05-31,96.25,97.8,96.01,97.49,11393682.0
OGDC,2021-06-01,98.75,99.45,98.0,98.9,8178191.0
OGDC,2021-06-02,99.3,99.3,97.0,97.48,4758839.0
OGDC,2021-06-03,98.1,98.3,97.0,97.09,4182795.0
OGDC,2021-06-04,97.5,98.4,97.11,97.46,5314566.0
OGDC,2021-06-07,98.89,99.5,97.02,97.4,5583015.0
OGDC,2021-06-08,97.62,97.62,96.2,96.49,3438498.0
OGDC,2021-06-09,95.5,95.88,91.85,92.28,6145834.0
OGDC,2021-06-10,92.36,92.94,91.7,92.0,9639665.0
OGDC,2021-06-11,92.4,93.05,91.82,92.72,5803980.0
OGDC,2021-06-14,95.5,99.67,95.0,99.67,25332363.0
OGDC,2021-06-15,101.5,103.9,99.75,99.97,12115901.0
OGDC,2021-06-16,101.05,101.9,99.01,99.52,5458926.0
OGDC,2021-06-17,98.97,101.9,98.75,100.17,6791321.0
OGDC,2021-06-18,99.9,101.5,99.1,99.26,3151921.0
OGDC,2021-06-21,99.8,100.7,98.98,99.09,3287354.0
OGDC,2021-06-22,99.5,100.0,98.38,98.53,3768580.0
OGDC,2021-06-23,99.11,100.6,98.0,99.2,10269396.0
OGDC,2021-06-24,99.3,100.25,98.7,98.94,3856256.0
OGDC,2021-06-25,98.99,99.25,97.65,98.0,4557299.0
OGDC,2021-06-28,97.91,98.4,96.25,96.77,9473433.0
OGDC,2021-06-29,97.62,97.62,93.8,94.27,11650517.0
OGDC,2021-06-30,94.5,95.99,94.5,95.03,2548674.0
OGDC,2021-07-01,95.8,96.97,95.6,96.26,2715616.0
OGDC,2021-07-02,96.6,97.0,95.37,95.69,2991441.0
OGDC,2021-07-05,96.1,97.01,95.2,95.66,10487721.0
OGDC,2021-07-06,96.48,96.9,94.95,95.29,3304739.0
OGDC,2021-07-07,95.04,95.49,94.0,94.58,1816655.0
OGDC,2021-07-08,94.98,96.9,94.05,95.69,4420490.0
OGDC,2021-07-09,95.22,96.44,94.59,94.73,2247855.0
OGDC,2021-07-12,94.56,96.7,94.5,94.68,1757839.0
OGDC,2021-07-13,94.3,94.85,94.05,94.24,2470198.0
OGDC,2021-07-14,94.5,94.6,94.05,94.19,1844603.0
OGDC,2021-07-15,94.29,97.49,94.0,96.03,6877597.0
OGDC,2021-07-16,96.45,96.7,95.25,95.78,1351095.0
OGDC,2021-07-19,96.75,96.79,95.7,95.87,1977976.0
OGDC,2021-07-23,95.96,96.8,95.4,96.01,1450453.0
OGDC,2021-07-26,96.11,96.3,94.0,94.36,5130885.0
OGDC,2021-07-27,94.4,95.2,94.0,94.14,918368.0
OGDC,2021-07-28,94.49,94.6,93.11,93.41,1054649.0
OGDC,2021-07-29,93.21,94.25,92.75,93.2,2330149.0
OGDC,2021-07-30,93.45,94.98,93.2,93.39,3858764.0
OGDC,2021-08-02,93.89,94.3,93.75,94.04,1341589.0
OGDC,2021-08-03,94.29,94.29,93.0,93.37,2492393.0
OGDC,2021-08-04,93.21,93.75,92.95,93.07,2693104.0
OGDC,2021-08-05,93.0,93.15,92.82,93.02,1122036.0
OGDC,2021-08-06,93.19,93.65,92.92,93.03,1041317.0
OGDC,2021-08-09,93.06,93.43,92.0,92.28,1296531.0
OGDC,2021-08-10,92.28,92.63,91.75,92.17,1300537.0
OGDC,2021-08-11,92.17,92.75,91.8,91.96,667085.0
OGDC,2021-08-12,92.09,92.29,91.5,91.75,1545837.0
OGDC,2021-08-13,91.71,91.84,90.85,90.98,454529.0
OGDC,2021-08-16,90.51,91.0,89.8,90.67,1015930.0
OGDC,2021-08-17,91.0,91.29,90.6,90.89,765656.0
OGDC,2021-08-20,90.7,91.0,90.21,90.45,539327.0
OGDC,2021-08-23,91.0,95.0,90.45,93.42,3574314.0
OGDC,2021-08-24,93.75,94.0,92.74,92.93,1478566.0
OGDC,2021-08-25,92.95,93.88,92.55,92.79,1774186.0
OGDC,2021-08-26,92.75,93.4,91.73,91.95,906337.0
OGDC,2021-08-27,91.99,91.99,90.31,90.99,1831637.0
OGDC,2021-08-30,91.25,93.99,91.25,92.67,2555308.0
OGDC,2021-08-31,92.7,93.54,92.1,92.86,1163744.0
OGDC,2021-09-01,93.5,93.85,92.86,92.97,1378657.0
OGDC,2021-09-02,92.86,92.86,91.11,91.4,1049966.0
OGDC,2021-09-03,91.5,92.39,90.6,91.19,1741010.0
OGDC,2021-09-06,90.97,92.2,90.97,91.46,912364.0
OGDC,2021-09-07,91.5,91.5,90.01,90.52,1075007.0
OGDC,2021-09-08,90.5,91.0,87.5,88.12,3841170.0
OGDC,2021-09-09,88.5,89.45,88.16,88.55,1529209.0
OGDC,2021-09-10,88.5,89.6,88.5,88.99,1755763.0
OGDC,2021-09-13,89.74,90.52,89.2,89.55,1570144.0
OGDC,2021-09-14,89.85,90.7,87.87,88.06,2993014.0
OGDC,2021-09-15,88.6,88.6,87.0,87.56,1078705.0
OGDC,2021-09-16,88.09,89.75,87.78,89.17,4201784.0
OGDC,2021-09-17,89.5,90.4,88.25,88.78,3501545.0
OGDC,2021-09-20,89.3,89.3,87.2,87.38,1106377.0
OGDC,2021-09-21,87.9,87.9,85.01,85.96,1880219.0
OGDC,2021-09-22,85.9,86.1,84.2,85.09,2706271.0
OGDC,2021-09-23,85.3,85.95,81.0,83.43,3059990.0
OGDC,2021-09-24,84.0,84.6,82.95,84.24,2210113.0
OGDC,2021-09-27,84.9,85.5,83.9,84.62,2957017.0
OGDC,2021-09-28,84.4,84.5,81.25,83.39,7349133.0
OGDC,2021-09-29,83.0,83.5,81.2,81.59,6406389.0
OGDC,2021-09-30,81.12,84.9,80.6,83.8,3986605.0
OGDC,2021-10-01,83.95,83.95,82.65,83.11,1223045.0
OGDC,2021-10-04,83.25,83.53,82.75,83.4,1085134.0
OGDC,2021-10-05,83.8,83.8,80.94,81.15,3965185.0
OGDC,2021-10-06,81.5,83.25,81.17,81.4,3174188.0
OGDC,2021-10-07,81.88,82.35,81.23,81.35,947091.0
OGDC,2021-10-08,81.85,81.85,81.1,81.5,2917327.0
OGDC,2021-10-11,81.51,82.5,81.29,81.74,1850337.0
OGDC,2021-10-12,82.0,82.3,80.83,81.84,2561805.0
OGDC,2021-10-13,81.4,83.2,80.51,81.03,2533731.0
OGDC,2021-10-14,80.53,82.49,80.23,81.75,2718612.0
OGDC,2021-10-15,82.2,84.95,81.5,84.2,4721041.0
OGDC,2021-10-18,83.75,89.5,83.26,86.12,5744903.0
OGDC,2021-10-20,85.5,85.65,83.9,84.1,1313329.0
OGDC,2021-10-21,84.5,87.19,84.15,85.95,3614738.0
OGDC,2021-10-22,85.89,85.89,83.9,84.43,1986965.0
OGDC,2021-10-25,84.78,85.5,84.25,84.97,761334.0
OGDC,2021-10-26,85.89,85.89,83.51,83.73,601163.0
OGDC,2021-10-27,85.5,85.5,83.76,84.15,939830.0
OGDC,2021-10-28,84.01,85.2,83.55,84.59,1358121.0
OGDC,2021-10-29,84.75,86.0,84.75,85.24,2381766.0
OGDC,2021-11-01,86.0,88.99,85.85,88.0,4670531.0
OGDC,2021-11-02,88.2,89.69,87.52,87.86,3228702.0
OGDC,2021-11-03,87.8,87.8,85.61,86.43,8389963.0
OGDC,2021-11-04,86.3,86.7,85.6,86.53,4435522.0
OGDC,2021-11-05,86.1,87.9,86.1,87.62,4691853.0
OGDC,2021-11-08,86.47,86.47,84.55,84.89,1229180.0
OGDC,2021-11-09,85.0,85.29,82.7,83.12,2270370.0
OGDC,2021-11-10,83.71,85.0,83.56,84.82,1513019.0
OGDC,2021-11-11,84.5,85.0,83.33,83.51,1337772.0
OGDC,2021-11-12,83.0,83.1,81.25,81.37,1752873.0
OGDC,2021-11-15,81.31,82.5,81.05,81.43,689072.0
OGDC,2021-11-16,81.95,85.49,81.95,84.76,2262921.0
OGDC,2021-11-17,84.25,84.49,83.5,83.98,948047.0
OGDC,2021-11-18,84.0,84.0,82.81,83.86,1558134.0
OGDC,2021-11-19,83.8,85.5,83.5,84.3,6338668.0
OGDC,2021-11-22,84.0,84.8,83.0,83.95,2249792.0
OGDC,2021-11-23,84.48,84.53,81.86,82.01,1841420.0
OGDC,2021-11-24,82.17,83.2,81.1,82.18,4921535.0
OGDC,2021-11-25,82.39,82.39,81.01,81.6,1246576.0
OGDC,2021-11-26,81.11,81.79,80.0,80.38,1999175.0
OGDC,2021-11-29,79.5,82.79,79.5,82.4,3427846.0
OGDC,2021-11-30,83.52,85.6,83.07,84.93,9514821.0
OGDC,2021-12-01,84.89,84.89,83.45,83.83,1670063.0
OGDC,2021-12-02,83.83,83.83,78.76,79.59,4286061.0
OGDC,2021-12-03,79.7,80.84,78.6,79.76,2906716.0
OGDC,2021-12-06,80.0,81.48,78.75,81.05,1697795.0
OGDC,2021-12-07,81.35,86.96,81.35,84.49,7907015.0
OGDC,2021-12-08,84.99,86.25,83.12,85.3,3556607.0
OGDC,2021-12-09,84.86,87.99,84.8,86.69,7789954.0
OGDC,2021-12-10,86.5,87.35,85.5,86.21,2153798.0
OGDC,2021-12-13,86.0,86.05,83.85,84.06,888232.0
OGDC,2021-12-14,84.7,84.75,81.86,83.28,3152851.0
OGDC,2021-12-15,84.0,86.76,83.06,85.51,4636889.0
OGDC,2021-12-16,85.6,85.6,83.55,83.88,1344460.0
OGDC,2021-12-17,83.51,85.84,83.1,84.8,2759264.0
OGDC,2021-12-20,84.9,85.75,84.1,85.34,1736143.0
OGDC,2021-12-21,85.4,86.25,84.1,84.55,1127439.0
OGDC,2021-12-22,84.75,87.05,84.75,86.68,5580283.0
OGDC,2021-12-23,87.47,88.49,86.5,86.7,1850655.0
OGDC,2021-12-24,86.89,87.35,85.51,86.3,574760.0
OGDC,2021-12-27,86.59,86.6,85.25,85.52,392903.0
OGDC,2021-12-28,86.0,86.6,85.6,85.8,768946.0
OGDC,2021-12-29,85.5,86.45,85.45,85.86,754601.0
OGDC,2021-12-30,85.55,86.35,84.7,84.94,1399405.0
OGDC,2021-12-31,84.2,87.3,84.15,86.2,3368560.0
OGDC,2022-01-03,86.45,87.65,86.16,86.86,2288947.0
OGDC,2022-01-04,87.35,88.3,87.17,87.92,1970237.0
OGDC,2022-01-05,88.3,88.9,87.6,87.97,1875335.0
OGDC,2022-01-06,87.97,88.0,86.57,87.02,619510.0
OGDC,2022-01-07,87.4,87.9,87.02,87.53,782135.0
OGDC,2022-01-10,87.53,88.85,87.06,87.95,2180857.0
OGDC,2022-01-11,87.99,88.42,86.85,87.29,1008011.0
OGDC,2022-01-12,87.6,89.4,87.59,88.47,4364604.0
OGDC,2022-01-13,88.25,89.0,88.1,88.27,977741.0
OGDC,2022-01-14,89.0,89.75,88.5,88.7,3533970.0
OGDC,2022-01-17,89.0,89.2,87.3,88.4,856159.0
OGDC,2022-01-18,88.8,89.77,88.3,88.81,3313419.0
OGDC,2022-01-19,89.31,89.85,87.51,88.09,3512725.0
OGDC,2022-01-20,88.08,88.89,87.1,88.34,2283068.0
OGDC,2022-01-21,88.25,88.85,87.7,87.81,635622.0
OGDC,2022-01-24,88.35,88.44,87.4,87.99,623694.0
OGDC,2022-01-25,88.02,88.5,87.3,87.53,2371627.0
OGDC,2022-01-26,87.7,87.9,86.75,86.92,1153802.0
OGDC,2022-01-27,87.1,87.85,86.5,86.95,1331729.0
OGDC,2022-01-28,87.0,87.77,86.12,86.26,2530451.0
OGDC,2022-01-31,87.03,87.25,86.5,87.04,1115476.0
OGDC,2022-02-01,87.5,88.2,87.02,88.13,1063564.0
OGDC,2022-02-02,88.5,89.9,88.11,89.6,2264735.0
OGDC,2022-02-03,90.2,90.35,88.01,88.34,1403327.0
OGDC,2022-02-04,89.15,90.98,88.7,89.51,7935067.0
OGDC,2022-02-07,89.75,91.84,89.6,91.53,5926878.0
OGDC,2022-02-08,91.59,92.4,90.8,91.23,2803404.0
OGDC,2022-02-09,91.35,93.25,90.85,91.67,5310348.0
OGDC,2022-02-10,91.5,92.5,90.75,90.89,3345536.0
OGDC,2022-02-11,90.55,91.45,89.65,89.97,1301741.0
OGDC,2022-02-14,90.24,90.55,89.2,89.56,2267567.0
OGDC,2022-02-15,89.85,90.15,88.75,89.0,915389.0
OGDC,2022-02-16,89.2,89.34,88.15,88.83,552856.0
OGDC,2022-02-17,88.33,89.8,88.0,88.69,2142672.0
OGDC,2022-02-18,88.25,90.68,88.25,90.16,2067350.0
OGDC,2022-02-21,90.7,92.15,89.65,90.19,2214161.0
OGDC,2022-02-22,90.0,90.49,88.4,89.25,2113420.0
OGDC,2022-02-23,89.45,90.4,87.12,88.88,3938075.0
OGDC,2022-02-24,88.25,88.25,86.35,87.19,2314921.0
OGDC,2022-02-25,87.5,87.95,85.8,86.1,2027329.0
OGDC,2022-02-28,86.5,88.2,85.25,87.8,2326644.0
OGDC,2022-03-01,94.38,94.38,91.25,91.62,11205457.0
OGDC,2022-03-02,91.0,94.01,90.5,92.99,7390044.0
OGDC,2022-03-03,93.39,95.56,93.25,94.98,11658343.0
OGDC,2022-03-04,94.5,96.0,94.15,94.79,3900595.0
OGDC,2022-03-07,93.0,93.85,88.61,90.84,6335213.0
OGDC,2022-03-08,90.4,91.0,89.0,89.31,2525207.0
OGDC,2022-03-09,89.5,89.95,87.8,89.31,4171859.0
OGDC,2022-03-10,90.15,90.3,88.88,89.7,1132010.0
OGDC,2022-03-11,89.4,90.3,88.4,88.99,1164457.0
OGDC,2022-03-14,89.5,89.5,87.25,87.55,1353967.0
OGDC,2022-03-15,87.99,88.18,85.6,86.54,1262623.0
OGDC,2022-03-16,86.99,87.48,86.25,86.69,741116.0
OGDC,2022-03-17,86.71,87.34,85.75,85.88,574677.0
OGDC,2022-03-18,85.5,85.5,82.1,82.49,3365301.0
OGDC,2022-03-21,83.89,85.95,83.1,83.43,3910864.0
OGDC,2022-03-22,83.81,84.35,82.75,82.95,1370318.0
OGDC,2022-03-24,82.9,83.45,82.3,83.27,768055.0
OGDC,2022-03-25,83.45,83.6,82.51,82.62,633633.0
OGDC,2022-03-28,83.0,84.4,82.0,84.07,1086114.0
OGDC,2022-03-29,84.5,85.0,84.0,84.66,1162071.0
OGDC,2022-03-30,84.45,84.45,82.51,83.08,1819695.0
OGDC,2022-03-31,82.9,83.49,82.9,83.13,1295794.0
OGDC,2022-04-01,83.0,83.8,82.8,83.05,993326.0
OGDC,2022-04-04,80.99,82.34,80.3,80.83,1626371.0
OGDC,2022-04-05,81.3,81.6,80.15,80.61,600492.0
OGDC,2022-04-06,80.2,82.35,79.4,79.62,2507663.0
OGDC,2022-04-07,80.0,80.05,79.0,79.23,1446029.0
OGDC,2022-04-08,78.3,80.39,78.3,80.22,2141815.0
OGDC,2022-04-11,82.5,83.75,82.0,83.33,3961781.0
OGDC,2022-04-12,83.98,83.98,82.4,82.92,1576604.0
OGDC,2022-04-13,83.24,83.5,82.2,82.48,2138464.0
OGDC,2022-04-14,82.65,82.82,81.91,82.03,1867346.0
OGDC,2022-04-15,82.4,82.75,81.6,81.89,1128595.0
OGDC,2022-04-18,82.11,88.03,82.03,87.86,14234819.0
OGDC,2022-04-19,87.97,88.88,85.75,86.04,4419457.0
OGDC,2022-04-20,86.2,86.7,84.02,84.41,1758882.0
OGDC,2022-04-21,84.0,84.8,83.7,84.44,675099.0
OGDC,2022-04-22,84.49,86.14,83.82,85.44,1527981.0
OGDC,2022-04-25,86.5,87.4,86.05,86.22,1239041.0
OGDC,2022-04-26,86.21,86.21,84.8,85.03,783135.0
OGDC,2022-04-27,85.79,87.1,84.11,85.11,2524399.0
OGDC,2022-04-28,84.53,85.8,83.8,84.56,1978240.0
OGDC,2022-05-06,84.45,84.5,83.0,83.04,2040410.0
OGDC,2022-05-09,82.91,83.04,79.5,79.84,3524752.0
OGDC,2022-05-10,79.84,80.85,78.91,79.72,2249661.0
OGDC,2022-05-11,79.51,79.78,78.72,78.93,4651599.0
OGDC,2022-05-12,79.15,79.25,77.25,78.34,2260989.0
OGDC,2022-05-13,79.6,82.75,79.6,81.48,3637398.0
OGDC,2022-05-16,81.1,81.1,78.9,79.29,1955736.0
OGDC,2022-05-17,79.55,79.98,79.0,79.1,565021.0
OGDC,2022-05-18,79.1,79.88,78.16,78.75,882579.0
OGDC,2022-05-19,78.9,79.49,78.4,78.55,916729.0
OGDC,2022-05-20,78.5,79.1,78.11,78.84,992406.0
OGDC,2022-05-23,78.2,78.64,76.92,77.04,1161818.0
OGDC,2022-05-24,77.0,77.8,76.7,76.95,489413.0
OGDC,2022-05-25,76.75,76.79,74.75,75.17,3937019.0
OGDC,2022-05-26,75.58,76.0,74.51,75.19,4567957.0
OGDC,2022-05-27,76.49,78.37,76.49,77.02,4250275.0
OGDC,2022-05-30,79.5,81.7,78.38,80.01,8486888.0
OGDC,2022-05-31,81.3,82.5,80.25,81.08,6257934.0
OGDC,2022-06-01,80.55,81.5,79.4,79.64,1483402.0
OGDC,2022-06-02,79.8,80.2,76.95,77.91,3754097.0
OGDC,2022-06-03,78.0,78.25,76.1,76.76,1294683.0
OGDC,2022-06-06,77.0,78.6,76.51,77.95,1271660.0
OGDC,2022-06-07,78.35,78.91,78.0,78.42,687770.0
OGDC,2022-06-08,78.45,78.8,77.51,78.39,1095509.0
OGDC,2022-06-09,78.3,80.5,78.25,78.99,1742559.0
OGDC,2022-06-10,79.15,81.0,78.3,80.62,1746967.0
OGDC,2022-06-13,80.8,80.8,77.2,77.5,2113031.0
OGDC,2022-06-14,77.5,78.99,77.4,78.69,1856137.0
OGDC,2022-06-15,78.68,80.7,78.5,80.11,3089634.0
OGDC,2022-06-16,80.3,82.5,79.75,81.45,4484707.0
OGDC,2022-06-17,81.6,84.6,81.6,82.52,5536222.0
OGDC,2022-06-20,83.0,83.24,81.45,81.69,1385672.0
OGDC,2022-06-21,82.35,83.49,81.15,83.08,3035631.0
OGDC,2022-06-22,84.0,84.39,82.45,82.97,2041969.0
OGDC,2022-06-23,82.91,84.05,82.5,82.98,2674158.0
OGDC,2022-06-24,83.1,83.1,76.76,79.4,6788080.0
OGDC,2022-06-27,79.6,80.5,78.45,78.98,2192878.0
OGDC,2022-06-28,79.88,79.88,78.05,78.45,1868558.0
OGDC,2022-06-29,79.0,79.2,77.4,77.57,2256249.0
OGDC,2022-06-30,77.57,79.88,77.11,78.67,4790126.0
OGDC,2022-07-01,78.67,79.0,77.8,78.05,1139618.0
OGDC,2022-07-04,77.75,78.5,77.5,77.6,468516.0
OGDC,2022-07-05,77.6,77.95,77.0,77.04,786372.0
OGDC,2022-07-06,77.3,77.6,77.01,77.38,312691.0
OGDC,2022-07-07,77.17,81.75,77.01,80.46,5795311.0
OGDC,2022-07-13,80.0,84.8,80.0,83.63,9979259.0
OGDC,2022-07-14,85.0,85.0,83.71,84.08,4360091.0
OGDC,2022-07-15,84.09,84.09,82.56,82.71,1668315.0
OGDC,2022-07-18,81.85,81.85,80.5,80.93,1649733.0
OGDC,2022-07-19,80.99,81.7,77.6,78.32,3402840.0
OGDC,2022-07-20,78.39,80.7,77.55,80.16,3546551.0
OGDC,2022-07-21,79.9,80.41,78.01,78.77,2175720.0
OGDC,2022-07-22,79.95,80.46,78.35,80.1,2619804.0
OGDC,2022-07-25,79.5,80.0,78.75,79.43,809586.0
OGDC,2022-07-26,78.66,80.8,78.66,80.01,2725853.0
OGDC,2022-07-27,80.4,80.95,79.4,80.17,1988791.0
OGDC,2022-07-28,80.17,82.0,80.17,81.0,2372179.0
OGDC,2022-07-29,81.45,81.45,80.03,80.42,1422768.0
OGDC,2022-08-01,80.5,81.1,80.0,80.5,919957.0
OGDC,2022-08-02,80.14,80.9,80.0,80.14,1497420.0
OGDC,2022-08-03,80.88,82.15,80.25,81.5,3945301.0
OGDC,2022-08-04,81.8,82.65,81.6,82.19,2751781.0
OGDC,2022-08-05,82.19,83.23,81.3,82.69,3333864.0
OGDC,2022-08-10,84.32,86.74,84.15,84.74,7617652.0
OGDC,2022-08-11,85.0,85.44,84.25,84.53,1933226.0
OGDC,2022-08-12,84.99,87.88,84.65,87.46,6862248.0
OGDC,2022-08-15,88.1,89.0,86.6,87.42,6997128.0
OGDC,2022-08-16,87.7,88.3,86.5,86.86,3751148.0
OGDC,2022-08-17,86.6,86.83,86.0,86.13,2225078.0
OGDC,2022-08-18,86.15,86.7,84.8,85.21,3048758.0
OGDC,2022-08-19,85.01,85.8,84.37,84.77,856995.0
OGDC,2022-08-22,84.35,85.0,82.65,83.05,3603096.0
OGDC,2022-08-23,83.9,85.0,83.7,84.71,2698387.0
OGDC,2022-08-24,84.5,85.3,84.0,84.26,646553.0
OGDC,2022-08-25,83.9,84.48,83.6,84.06,1209208.0
OGDC,2022-08-26,84.0,84.4,82.6,82.77,1771063.0
OGDC,2022-08-29,82.85,86.0,81.11,81.82,1874621.0
OGDC,2022-08-30,83.8,83.85,81.13,81.31,1756142.0
OGDC,2022-08-31,81.0,83.1,81.0,82.2,1044019.0
OGDC,2022-09-01,83.0,83.0,81.75,81.81,1153468.0
OGDC,2022-09-02,82.25,82.25,81.0,81.23,615400.0
OGDC,2022-09-05,81.24,81.35,80.01,80.09,1439261.0
OGDC,2022-09-06,80.12,80.6,79.93,80.32,999785.0
OGDC,2022-09-07,80.8,80.8,79.5,79.84,712302.0
OGDC,2022-09-08,79.9,80.5,79.8,80.17,1449141.0
OGDC,2022-09-09,80.55,80.55,79.5,79.64,1147183.0
OGDC,2022-09-12,79.8,80.09,78.98,79.04,572401.0
OGDC,2022-09-13,79.5,79.5,78.52,78.62,654071.0
OGDC,2022-09-14,78.45,80.0,78.15,79.36,1118996.0
OGDC,2022-09-15,80.0,80.0,78.05,78.2,1750164.0
OGDC,2022-09-16,78.8,78.8,76.75,78.4,2499800.0
OGDC,2022-09-19,78.5,78.8,77.88,77.98,736086.0
OGDC,2022-09-20,78.0,78.3,75.51,75.87,1581672.0
OGDC,2022-09-21,75.91,76.5,71.12,72.5,3471806.0
OGDC,2022-09-22,71.45,74.38,71.05,73.76,2980991.0
OGDC,2022-09-23,75.0,75.55,73.0,73.33,4149061.0
OGDC,2022-09-26,73.5,74.5,73.5,73.68,1295266.0
OGDC,2022-09-27,74.4,79.0,73.9,76.58,2822998.0
OGDC,2022-09-28,76.69,77.8,75.8,76.42,2048636.0
OGDC,2022-09-29,76.0,76.5,75.01,75.8,1107643.0
OGDC,2022-09-30,75.79,76.48,75.04,75.72,1463910.0
OGDC,2022-10-03,75.69,75.99,75.0,75.14,751886.0
OGDC,2022-10-04,75.06,75.49,74.5,74.74,596467.0
OGDC,2022-10-05,75.0,75.24,74.48,74.59,519520.0
OGDC,2022-10-06,74.5,76.7,74.5,76.23,1766625.0
OGDC,2022-10-07,75.61,76.79,75.3,75.47,789060.0
OGDC,2022-10-10,75.5,77.45,75.5,76.36,2201264.0
OGDC,2022-10-11,76.51,77.9,76.51,76.93,2725856.0
OGDC,2022-10-12,76.75,77.2,76.5,76.67,1067530.0
OGDC,2022-10-13,77.0,77.35,76.35,76.53,3945656.0
OGDC,2022-10-14,74.6,74.7,73.5,73.91,2147880.0
OGDC,2022-10-17,73.9,74.0,72.2,72.38,836345.0
OGDC,2022-10-18,72.45,73.4,71.8,72.01,1211234.0
OGDC,2022-10-19,71.82,73.1,71.82,72.91,1189977.0
OGDC,2022-10-20,73.25,73.6,72.2,72.29,1061325.0
OGDC,2022-10-21,72.59,73.8,71.83,72.96,4553831.0
OGDC,2022-10-24,73.95,74.25,72.96,73.21,1265381.0
OGDC,2022-10-25,73.12,74.89,73.1,73.22,4391704.0
OGDC,2022-10-26,72.76,72.8,71.4,71.62,1759687.0
OGDC,2022-10-27,71.9,71.9,70.85,71.33,1310959.0
OGDC,2022-10-28,71.33,71.48,70.25,70.44,928073.0
OGDC,2022-10-31,70.9,71.1,69.9,70.06,1568147.0
OGDC,2022-11-01,70.35,70.99,70.0,70.93,1561100.0
OGDC,2022-11-02,70.76,71.89,70.76,71.47,1403371.0
OGDC,2022-11-03,71.89,72.61,71.47,72.26,3215528.0
OGDC,2022-11-04,70.5,70.7,70.0,70.35,851616.0
OGDC,2022-11-07,70.8,71.41,70.61,70.88,1189278.0
OGDC,2022-11-08,71.25,72.3,71.15,71.67,967994.0
OGDC,2022-11-10,71.75,75.9,71.75,74.05,12082071.0
OGDC,2022-11-11,74.4,78.49,73.65,77.97,12535792.0
OGDC,2022-11-14,77.0,78.2,76.01,76.24,4367124.0
OGDC,2022-11-15,76.4,78.65,76.13,76.81,6570407.0
OGDC,2022-11-16,77.0,77.7,75.7,76.05,2408954.0
OGDC,2022-11-17,76.49,76.5,74.86,75.07,1306240.0
OGDC,2022-11-18,74.75,75.3,74.05,74.39,1895748.0
OGDC,2022-11-21,74.45,75.0,74.0,74.53,747024.0
OGDC,2022-11-22,74.8,75.14,73.9,74.03,1832635.0
OGDC,2022-11-23,74.3,74.44,73.8,73.99,661563.0
OGDC,2022-11-24,74.0,74.5,73.6,74.02,1602557.0
OGDC,2022-11-25,74.75,75.1,74.1,74.27,2351914.0
OGDC,2022-11-28,73.47,73.7,71.98,72.23,2333164.0
OGDC,2022-11-29,72.41,73.2,72.12,72.63,1297750.0
OGDC,2022-11-30,72.85,73.13,72.15,72.56,1254629.0
OGDC,2022-12-01,72.99,73.25,72.4,72.46,2715962.0
OGDC,2022-12-02,72.36,72.75,71.77,72.43,1145494.0
OGDC,2022-12-05,72.01,72.3,71.5,71.64,692614.0
OGDC,2022-12-06,71.9,72.0,70.5,71.45,957355.0
OGDC,2022-12-07,72.0,72.15,70.85,71.13,1823903.0
OGDC,2022-12-08,71.45,71.5,71.0,71.22,1395145.0
OGDC,2022-12-09,71.35,73.4,71.08,71.91,3443549.0
OGDC,2022-12-12,72.15,72.7,71.9,72.1,1482364.0
OGDC,2022-12-13,72.1,72.5,71.4,71.59,709841.0
OGDC,2022-12-14,71.31,73.6,71.06,73.06,3095047.0
OGDC,2022-12-15,73.0,73.2,71.1,72.15,2101633.0
OGDC,2022-12-16,72.37,72.74,71.2,72.52,753472.0
OGDC,2022-12-19,72.38,73.1,71.6,71.74,1171096.0
OGDC,2022-12-20,71.99,72.19,69.0,70.14,1992528.0
OGDC,2022-12-21,69.6,70.75,69.5,69.77,935392.0
OGDC,2022-12-22,70.5,73.5,70.5,72.25,3719850.0
OGDC,2022-12-23,72.0,73.49,71.81,72.98,2677053.0
OGDC,2022-12-26,73.7,77.05,73.5,76.87,7699788.0
OGDC,2022-12-27,76.89,77.35,74.85,75.11,2590526.0
OGDC,2022-12-28,74.13,75.9,74.0,75.27,2684756.0
OGDC,2022-12-29,75.85,77.0,75.21,76.46,3601912.0
OGDC,2022-12-30,76.46,81.68,76.46,79.66,10287417.0
OGDC,2023-01-02,79.1,82.65,79.01,80.22,7749060.0
OGDC,2023-01-03,80.5,80.9,79.52,79.94,1858912.0
OGDC,2023-01-04,80.08,80.9,78.3,78.55,2277612.0
OGDC,2023-01-05,79.0,80.5,78.9,79.77,3589864.0
OGDC,2023-01-06,80.0,83.0,79.4,82.31,6016343.0
OGDC,2023-01-09,82.29,85.9,82.01,84.83,9556450.0
OGDC,2023-01-10,88.0,88.0,83.09,84.43,4541910.0
OGDC,2023-01-11,85.45,88.14,84.8,87.57,12916671.0
OGDC,2023-01-12,87.99,89.2,86.32,86.77,5546368.0
OGDC,2023-01-13,85.9,85.9,81.6,82.04,6502396.0
OGDC,2023-01-16,81.97,81.97,78.25,79.01,4066153.0
OGDC,2023-01-17,79.62,80.2,73.16,74.15,5105207.0
OGDC,2023-01-18,74.5,76.84,74.3,76.09,5724570.0
OGDC,2023-01-19,76.59,80.43,76.59,79.44,10995702.0
OGDC,2023-01-20,79.7,80.8,78.3,79.26,3449930.0
OGDC,2023-01-23,80.0,82.22,79.51,81.72,3790890.0
OGDC,2023-01-24,81.72,85.44,81.72,84.5,7615354.0
OGDC,2023-01-25,86.0,87.25,85.3,85.97,5623599.0
OGDC,2023-01-26,86.41,87.15,84.0,86.3,5701519.0
OGDC,2023-01-27,86.45,87.5,84.9,86.64,4688381.0
OGDC,2023-01-30,87.3,88.47,86.0,86.27,5019786.0
OGDC,2023-01-31,86.4,88.24,85.55,87.8,4506916.0
OGDC,2023-02-01,88.0,89.3,86.9,87.3,5230319.0
OGDC,2023-02-02,86.73,87.3,84.9,87.02,5157941.0
OGDC,2023-02-03,87.39,87.4,85.27,85.94,1261253.0
OGDC,2023-02-06,92.38,92.38,91.21,92.38,10552549.0
OGDC,2023-02-07,99.3,99.3,97.53,99.3,16106888.0
OGDC,2023-02-08,98.0,100.89,95.3,99.78,22259031.0
OGDC,2023-02-09,102.0,107.26,100.7,105.95,18217949.0
OGDC,2023-02-10,102.0,109.6,99.51,101.06,38731937.0
OGDC,2023-02-13,100.0,100.5,97.3,98.8,15131425.0
OGDC,2023-02-14,99.99,99.99,93.02,93.94,12752194.0
OGDC,2023-02-15,93.49,96.5,92.32,95.78,7173531.0
OGDC,2023-02-16,96.2,96.9,93.0,93.37,6685151.0
OGDC,2023-02-17,93.06,94.99,93.01,94.58,4774367.0
OGDC,2023-02-20,94.38,94.5,89.0,89.72,5383683.0
OGDC,2023-02-21,90.67,91.7,90.1,91.23,3211839.0
OGDC,2023-02-22,91.24,91.85,88.61,90.78,10388052.0
OGDC,2023-02-23,90.4,90.4,87.86,88.63,5525692.0
OGDC,2023-02-24,88.85,89.47,87.31,87.66,5213678.0
OGDC,2023-02-27,87.2,88.2,85.5,85.93,2249423.0
OGDC,2023-02-28,85.6,86.49,81.93,82.62,5333028.0
OGDC,2023-03-01,82.01,82.02,79.4,80.85,6085035.0
OGDC,2023-03-02,80.1,83.0,80.0,82.04,4211620.0
OGDC,2023-03-03,80.86,88.19,80.86,88.12,13422769.0
OGDC,2023-03-06,86.84,89.85,85.87,86.49,8787996.0
OGDC,2023-03-07,87.2,87.35,84.8,85.3,3637278.0
OGDC,2023-03-08,84.99,87.7,84.9,86.29,6363804.0
OGDC,2023-03-09,86.8,87.48,86.15,87.19,2499392.0
OGDC,2023-03-10,87.59,87.74,86.69,86.88,1839096.0
OGDC,2023-03-13,89.25,93.39,89.25,93.2,18456595.0
OGDC,2023-03-14,92.8,93.0,90.56,91.8,8699947.0
OGDC,2023-03-15,91.59,92.75,91.0,91.73,4386458.0
OGDC,2023-03-16,92.05,92.4,89.72,90.07,3082568.0
OGDC,2023-03-17,90.4,90.4,88.5,89.68,4208478.0
OGDC,2023-03-20,89.51,89.51,86.31,86.83,3771274.0
OGDC,2023-03-21,87.0,88.82,86.4,88.09,3624109.0
OGDC,2023-03-22,87.45,88.7,85.8,85.99,1725014.0
OGDC,2023-03-24,85.81,86.0,84.5,84.67,574968.0
OGDC,2023-03-27,85.08,85.8,84.0,84.81,748707.0
OGDC,2023-03-28,84.81,85.48,84.4,84.51,1064294.0
OGDC,2023-03-29,84.89,84.89,83.52,84.04,999991.0
OGDC,2023-03-30,84.49,85.7,83.65,83.83,3343193.0
OGDC,2023-03-31,84.0,84.28,82.65,83.36,2441216.0
OGDC,2023-04-03,84.22,84.49,83.0,83.45,1505351.0
OGDC,2023-04-04,83.3,83.3,80.9,82.41,2765087.0
OGDC,2023-04-05,82.5,83.33,81.03,81.68,4567822.0
OGDC,2023-04-06,82.7,87.8,82.65,87.34,10588322.0
OGDC,2023-04-07,87.71,87.97,84.5,84.69,4694653.0
OGDC,2023-04-10,84.5,84.88,83.5,83.63,1166108.0
OGDC,2023-04-11,84.29,84.29,82.8,83.45,782206.0
OGDC,2023-04-12,83.1,85.94,83.05,85.25,2311136.0
OGDC,2023-04-13,86.5,87.54,85.21,85.82,3918667.0
OGDC,2023-04-17,86.49,86.7,85.6,85.92,1493547.0
OGDC,2023-04-18,86.3,86.3,85.42,86.03,1621594.0
OGDC,2023-04-19,86.09,86.7,85.6,86.38,997745.0
OGDC,2023-04-20,86.7,87.65,86.01,87.41,2875066.0
OGDC,2023-04-26,87.41,88.14,86.75,87.06,2650189.0
OGDC,2023-04-27,87.4,87.6,86.52,86.93,3320080.0
OGDC,2023-04-28,87.4,87.48,85.8,85.97,2370620.0
OGDC,2023-05-02,86.11,86.38,85.0,85.14,2335414.0
OGDC,2023-05-03,85.15,86.5,84.85,86.12,3246696.0
OGDC,2023-05-04,86.26,86.49,85.0,85.19,2517489.0
OGDC,2023-05-05,85.18,86.99,84.95,86.17,3759969.0
OGDC,2023-05-08,84.79,84.9,81.6,82.09,3969537.0
OGDC,2023-05-09,82.25,82.25,79.7,80.25,6109361.0
OGDC,2023-05-10,80.0,80.71,78.5,78.63,3068518.0
OGDC,2023-05-11,79.0,79.89,78.6,78.92,2200473.0
OGDC,2023-05-12,79.4,79.97,77.92,78.24,3755722.0
OGDC,2023-05-15,78.2,78.2,76.4,76.81,4927429.0
OGDC,2023-05-16,77.3,79.9,77.2,79.61,6272502.0
OGDC,2023-05-17,80.2,80.25,77.9,78.04,2799253.0
OGDC,2023-05-18,78.6,78.6,76.62,76.83,4997154.0
OGDC,2023-05-19,76.8,77.95,76.8,77.3,2330981.0
OGDC,2023-05-22,77.0,77.45,75.61,75.98,4488921.0
OGDC,2023-05-23,75.98,76.25,75.0,75.12,3325975.0
OGDC,2023-05-24,75.6,76.29,74.9,75.16,3246386.0
OGDC,2023-05-25,75.7,76.41,75.11,75.67,3692857.0
OGDC,2023-05-26,75.6,75.71,73.5,74.11,2702758.0
OGDC,2023-05-29,74.4,76.1,74.1,74.61,4021878.0
OGDC,2023-05-30,75.0,76.66,75.0,75.78,4514023.0
OGDC,2023-05-31,75.9,76.3,74.5,74.82,3593659.0
OGDC,2023-06-01,75.01,75.65,74.55,75.23,1397603.0
OGDC,2023-06-02,75.36,75.5,74.9,75.34,842756.0
OGDC,2023-06-05,76.4,78.65,75.6,78.45,8459334.0
OGDC,2023-06-06,78.9,80.4,78.11,78.47,8973676.0
OGDC,2023-06-07,78.47,79.5,77.5,78.97,2345653.0
OGDC,2023-06-08,79.0,80.25,78.4,78.62,3834904.0
OGDC,2023-06-09,78.78,80.12,78.5,79.83,4140321.0
OGDC,2023-06-12,79.85,80.0,77.03,77.48,3523397.0
OGDC,2023-06-13,78.24,78.4,77.08,77.43,1627614.0
OGDC,2023-06-14,77.6,78.25,77.2,77.66,1488762.0
OGDC,2023-06-15,77.03,77.5,76.25,76.37,2042241.0
OGDC,2023-06-16,76.5,77.24,75.8,76.0,2068412.0
OGDC,2023-06-19,76.5,76.7,73.1,73.69,3959904.0
OGDC,2023-06-20,74.0,75.24,73.3,75.01,4484598.0
OGDC,2023-06-21,75.5,75.65,73.75,73.99,3492226.0
OGDC,2023-06-22,74.38,75.0,73.9,74.47,1012450.0
OGDC,2023-06-23,75.0,75.0,73.8,74.44,2050520.0
OGDC,2023-06-26,76.0,77.85,76.0,77.28,8154666.0
OGDC,2023-06-27,77.12,78.85,76.5,78.0,10932081.0
OGDC,2023-07-03,83.85,83.85,83.85,83.85,1139805.0
OGDC,2023-07-04,87.5,87.5,84.5,85.23,18359451.0
OGDC,2023-07-05,85.9,86.25,83.59,83.89,6014874.0
OGDC,2023-07-06,84.0,86.95,84.0,86.14,11511519.0
OGDC,2023-07-07,86.2,86.5,85.0,85.18,2284433.0
OGDC,2023-07-10,85.6,85.9,84.31,84.65,4910360.0
OGDC,2023-07-11,85.06,86.5,84.2,85.58,8868315.0
OGDC,2023-07-12,86.5,87.73,85.61,87.1,10791446.0
OGDC,2023-07-13,87.98,88.25,86.5,86.68,10861164.0
OGDC,2023-07-14,86.9,86.9,85.07,85.3,2116695.0
OGDC,2023-07-17,85.5,85.85,84.7,84.93,4242706.0
OGDC,2023-07-18,85.24,85.4,83.9,84.18,2567334.0
OGDC,2023-07-19,84.65,85.52,84.02,84.28,7908623.0
OGDC,2023-07-20,84.88,86.25,84.36,85.78,7304995.0
OGDC,2023-07-21,86.4,86.53,85.03,85.21,5460130.0
OGDC,2023-07-24,86.0,87.0,84.8,85.3,4833108.0
OGDC,2023-07-25,85.75,87.89,85.52,87.29,13058495.0
OGDC,2023-07-26,87.5,87.8,86.6,86.82,4726907.0
OGDC,2023-07-27,86.99,93.33,86.99,91.67,28511229.0
OGDC,2023-07-31,93.0,98.55,93.0,98.55,22459291.0
OGDC,2023-08-01,101.0,101.48,97.2,97.93,14887779.0
OGDC,2023-08-02,98.05,105.0,97.9,104.08,28365714.0
OGDC,2023-08-03,105.2,107.7,103.11,104.26,24521243.0
OGDC,2023-08-04,104.0,108.8,103.99,107.66,27995429.0
OGDC,2023-08-07,109.0,111.5,104.35,105.57,26010351.0
OGDC,2023-08-08,104.0,104.0,97.65,97.85,27785286.0
OGDC,2023-08-09,97.0,105.19,96.0,104.35,37776498.0
OGDC,2023-08-10,107.02,107.49,99.11,100.61,22027805.0
OGDC,2023-08-11,101.5,106.2,100.55,103.47,22570520.0
OGDC,2023-08-15,104.0,104.0,100.9,101.27,12071945.0
OGDC,2023-08-16,101.0,101.0,97.8,98.28,10957134.0
OGDC,2023-08-17,98.6,99.89,96.8,99.52,9372798.0
OGDC,2023-08-18,100.01,102.44,98.63,99.29,19811273.0
OGDC,2023-08-21,98.0,98.99,96.01,96.44,7312226.0
OGDC,2023-08-22,96.0,100.0,96.0,99.51,13626842.0
OGDC,2023-08-23,100.5,100.79,98.55,100.06,16050104.0
OGDC,2023-08-24,100.5,101.95,100.2,100.71,12764451.0
OGDC,2023-08-25,100.49,100.49,98.85,99.19,6372621.0
OGDC,2023-08-28,99.01,99.5,96.75,97.05,5005999.0
OGDC,2023-08-29,96.3,97.3,93.85,95.68,6318415.0
OGDC,2023-08-30,95.56,96.93,93.01,94.25,6720973.0
OGDC,2023-08-31,94.5,96.23,88.1,92.95,17491092.0
OGDC,2023-09-01,93.5,94.75,92.15,94.46,4133540.0
OGDC,2023-09-04,95.2,95.98,95.03,95.48,2749710.0
OGDC,2023-09-05,95.8,95.95,93.54,93.87,3940168.0
OGDC,2023-09-06,94.49,95.7,93.2,95.03,4240419.0
OGDC,2023-09-07,95.15,96.85,94.11,95.02,7844273.0
OGDC,2023-09-08,95.5,96.44,94.6,95.96,4333104.0
OGDC,2023-09-11,96.4,96.99,95.09,96.0,6296596.0
OGDC,2023-09-12,94.99,94.99,92.9,93.36,3443533.0
OGDC,2023-09-13,93.15,94.68,93.15,93.83,2627321.0
OGDC,2023-09-14,93.9,94.35,93.8,94.25,1360455.0
OGDC,2023-09-15,95.9,96.4,94.35,94.67,4692649.0
OGDC,2023-09-18,94.99,95.65,94.65,95.17,1522474.0
OGDC,2023-09-19,95.7,96.79,95.26,96.08,3006186.0
OGDC,2023-09-20,96.2,96.47,94.65,95.01,1882996.0
OGDC,2023-09-21,95.0,95.93,93.75,95.54,2113012.0
OGDC,2023-09-22,95.94,96.69,94.9,96.01,2727059.0
OGDC,2023-09-25,96.4,96.9,95.75,96.64,3129427.0
OGDC,2023-09-26,96.04,96.8,95.75,95.99,1851960.0
OGDC,2023-09-27,96.19,98.25,95.5,97.81,6830288.0
OGDC,2023-09-28,98.5,98.5,96.1,96.46,10868813.0
OGDC,2023-10-02,96.5,99.72,96.5,99.36,17023821.0
OGDC,2023-10-03,99.73,100.4,98.13,98.55,9902658.0
OGDC,2023-10-04,98.0,99.0,97.86,98.07,5097021.0
OGDC,2023-10-05,98.0,98.44,96.9,97.37,4933716.0
OGDC,2023-10-06,97.06,97.4,95.52,95.89,5482386.0
OGDC,2023-10-09,95.15,96.44,94.99,95.51,3007680.0
OGDC,2023-10-10,95.51,96.19,95.1,95.5,3328348.0
OGDC,2023-10-11,95.51,97.1,95.51,96.84,5898265.0
OGDC,2023-10-12,97.15,98.35,96.8,97.28,7861597.0
OGDC,2023-10-13,97.09,100.25,96.91,98.77,12277567.0
OGDC,2023-10-16,99.4,100.7,97.7,98.66,5472397.0
OGDC,2023-10-17,97.0,97.0,94.7,95.06,5148182.0
OGDC,2023-10-18,95.01,95.38,93.45,93.62,4370844.0
OGDC,2023-10-19,93.55,98.5,93.55,97.77,18109346.0
OGDC,2023-10-20,97.89,97.9,96.45,97.09,5635981.0
OGDC,2023-10-23,97.9,104.37,97.7,102.45,27498695.0
OGDC,2023-10-24,102.6,102.75,99.51,101.02,13018300.0
OGDC,2023-10-25,101.51,102.76,100.2,100.78,13945391.0
OGDC,2023-10-26,101.3,101.6,99.8,100.18,7394331.0
OGDC,2023-10-27,100.4,100.69,98.8,99.16,4521193.0
OGDC,2023-10-30,99.49,100.89,98.75,100.17,5020490.0
OGDC,2023-10-31,102.01,102.01,100.11,100.37,7538611.0
OGDC,2023-11-01,100.75,103.2,100.25,100.44,11174138.0
OGDC,2023-11-02,100.99,101.9,99.2,100.27,8186728.0
OGDC,2023-11-03,100.6,101.77,99.95,101.5,8746576.0
OGDC,2023-11-06,101.6,102.05,100.5,101.64,7410364.0
OGDC,2023-11-07,102.02,103.0,101.4,101.52,12020957.0
OGDC,2023-11-08,101.55,103.09,101.11,102.27,12279739.0
OGDC,2023-11-10,102.0,104.8,101.75,103.92,17303084.0
OGDC,2023-11-13,104.01,105.0,103.06,103.54,12985882.0
OGDC,2023-11-14,103.32,103.98,102.0,103.57,10515770.0
OGDC,2023-11-15,104.25,107.9,103.71,106.76,18992131.0
OGDC,2023-11-16,108.0,114.7,106.53,113.84,28731264.0
OGDC,2023-11-17,114.4,114.48,110.1,111.32,13821022.0
OGDC,2023-11-20,111.0,111.3,109.5,109.83,4718564.0
OGDC,2023-11-21,109.99,110.7,107.9,108.33,5270511.0
OGDC,2023-11-22,108.5,111.65,108.15,110.67,9958383.0
OGDC,2023-11-23,110.99,111.72,107.25,108.02,12035986.0
OGDC,2023-11-24,108.7,109.95,107.2,107.6,9868458.0
OGDC,2023-11-27,108.02,109.5,106.8,108.59,8516642.0
OGDC,2023-11-28,109.02,110.15,107.6,108.98,12904027.0
OGDC,2023-11-29,108.91,110.55,107.55,108.1,11777293.0
OGDC,2023-11-30,108.9,109.39,107.8,108.8,5559771.0
OGDC,2023-12-01,109.11,111.1,108.8,110.37,8578061.0
OGDC,2023-12-04,111.24,117.85,111.24,115.39,23810103.0
OGDC,2023-12-05,115.9,122.9,113.3,121.62,31154943.0
OGDC,2023-12-06,121.98,124.7,119.99,123.1,28693019.0
OGDC,2023-12-07,121.99,124.5,120.29,121.85,17176383.0
OGDC,2023-12-08,124.0,126.47,122.25,125.38,17924383.0
OGDC,2023-12-11,124.5,127.0,121.76,125.24,11190926.0
OGDC,2023-12-12,125.25,126.85,124.81,125.21,9144317.0
OGDC,2023-12-13,127.85,128.9,120.25,122.5,18895028.0
OGDC,2023-12-14,123.0,127.0,120.4,124.99,12357484.0
OGDC,2023-12-15,127.4,128.75,124.8,126.75,17093245.0
OGDC,2023-12-18,127.75,127.75,123.5,124.09,6701981.0
OGDC,2023-12-19,124.0,124.0,115.2,117.52,11777994.0
OGDC,2023-12-20,118.05,119.2,112.02,114.72,13742412.0
OGDC,2023-12-21,115.2,117.09,113.6,116.63,9371700.0
OGDC,2023-12-22,116.9,117.0,112.86,113.61,4196705.0
OGDC,2023-12-26,113.0,113.1,105.09,105.09,10515065.0
OGDC,2023-12-27,104.9,107.99,104.0,107.2,8314253.0
OGDC,2023-12-28,108.25,112.0,107.51,110.16,12285704.0
OGDC,2023-12-29,110.54,115.9,109.7,112.45,10443776.0
OGDC,2024-01-01,113.0,120.88,113.0,120.88,10262639.0
OGDC,2024-01-02,124.0,126.7,121.51,122.92,24573372.0
OGDC,2024-01-03,124.0,128.1,122.2,127.39,17714428.0
OGDC,2024-01-04,128.0,128.4,123.95,125.61,7826527.0
OGDC,2024-01-05,125.6,127.35,121.0,125.04,7662088.0
OGDC,2024-01-08,125.21,125.8,123.05,123.38,2819259.0
OGDC,2024-01-09,124.44,125.0,121.81,122.51,4622420.0
OGDC,2024-01-10,122.75,126.7,122.0,122.67,18027804.0
OGDC,2024-01-11,123.5,128.45,122.9,127.06,11335960.0
OGDC,2024-01-12,128.5,129.5,125.9,127.53,16501298.0
OGDC,2024-01-15,128.6,133.8,128.51,130.29,18594025.0
OGDC,2024-01-16,129.23,129.87,126.01,126.42,9848693.0
OGDC,2024-01-17,125.0,128.52,123.55,126.39,10097639.0
OGDC,2024-01-18,125.9,125.9,122.5,124.21,6663481.0
OGDC,2024-01-19,124.9,125.98,123.2,124.21,2989138.0
OGDC,2024-01-22,124.5,133.53,124.5,133.53,16631096.0
OGDC,2024-01-23,134.94,138.9,127.2,136.5,52947125.0
OGDC,2024-01-24,136.0,146.74,134.8,145.87,33646470.0
OGDC,2024-01-25,143.88,148.85,134.93,135.31,49679574.0
OGDC,2024-01-26,135.01,143.2,133.88,141.37,31070396.0
OGDC,2024-01-29,140.5,140.79,136.5,137.61,7102542.0
OGDC,2024-01-30,137.97,140.0,130.05,134.28,17143209.0
OGDC,2024-01-31,135.9,138.5,134.65,135.28,6014807.0
OGDC,2024-02-01,135.89,145.1,134.7,144.26,16985527.0
OGDC,2024-02-02,145.1,149.5,141.3,147.6,13579691.0
OGDC,2024-02-06,150.15,158.59,150.15,155.57,23123662.0
OGDC,2024-02-07,156.0,157.4,150.1,150.67,24951384.0
OGDC,2024-02-09,146.0,148.3,139.37,145.08,18933926.0
OGDC,2024-02-12,140.0,141.0,134.2,134.2,14939483.0
OGDC,2024-02-13,124.14,126.49,124.14,124.18,14952555.0
OGDC,2024-02-14,125.52,128.0,117.0,122.01,32231367.0
OGDC,2024-02-15,123.5,123.9,113.15,114.11,12066082.0
OGDC,2024-02-16,112.8,116.2,105.72,107.93,20693864.0
OGDC,2024-02-19,104.5,116.02,104.5,115.53,12158845.0
OGDC,2024-02-20,116.51,118.74,112.1,113.01,10492785.0
OGDC,2024-02-21,116.99,118.44,114.5,117.2,6512111.0
OGDC,2024-02-22,117.5,118.4,115.51,116.69,5780199.0
OGDC,2024-02-23,116.0,125.44,116.0,125.21,16618638.0
OGDC,2024-02-26,125.89,129.75,124.01,125.01,14939405.0
OGDC,2024-02-27,125.44,125.55,120.25,121.07,10000500.0
OGDC,2024-02-28,120.0,124.71,120.0,123.17,6716014.0
OGDC,2024-02-29,123.25,127.86,123.25,125.12,10849918.0
OGDC,2024-03-01,125.34,125.79,122.99,123.33,4787226.0
OGDC,2024-03-04,125.0,132.58,124.3,132.17,20945917.0
OGDC,2024-03-05,133.49,133.49,127.25,127.98,10469000.0
OGDC,2024-03-06,127.11,131.65,127.11,128.64,11204196.0
OGDC,2024-03-07,128.0,131.9,127.85,131.35,9797618.0
OGDC,2024-03-08,130.0,130.8,128.5,129.11,6231759.0
OGDC,2024-03-11,130.0,130.35,127.5,127.87,4226173.0
OGDC,2024-03-12,128.05,128.49,123.0,123.59,4054404.0
OGDC,2024-03-13,124.65,125.0,120.51,121.54,4044182.0
OGDC,2024-03-14,122.52,127.5,122.52,126.8,3554520.0
OGDC,2024-03-15,128.15,128.97,123.0,123.69,8016182.0
OGDC,2024-03-18,124.05,125.4,122.71,123.33,3153698.0
OGDC,2024-03-19,123.0,124.99,122.03,123.07,4296717.0
OGDC,2024-03-20,123.12,124.85,121.11,122.11,5328271.0
OGDC,2024-03-21,122.03,123.0,119.2,120.16,4601392.0
OGDC,2024-03-22,119.8,119.85,117.26,117.99,3524802.0
OGDC,2024-03-25,121.9,124.78,120.7,121.41,16003292.0
OGDC,2024-03-26,121.6,124.39,121.16,122.39,20903604.0
OGDC,2024-03-27,123.21,123.73,122.21,122.67,4512518.0
OGDC,2024-03-28,122.8,123.7,121.85,122.81,4201030.0
OGDC,2024-03-29,123.02,123.5,121.2,121.65,2792424.0
OGDC,2024-04-01,121.4,122.4,119.0,119.77,1842893.0
OGDC,2024-04-02,120.0,120.0,118.25,119.08,2001159.0
OGDC,2024-04-03,119.5,123.0,118.76,122.15,5586893.0
OGDC,2024-04-04,125.6,128.99,125.02,125.3,7916927.0
OGDC,2024-04-08,126.45,129.4,126.45,128.15,5865538.0
OGDC,2024-04-09,128.5,129.9,127.0,128.2,4868813.0
OGDC,2024-04-15,129.99,134.7,127.4,133.07,15716557.0
OGDC,2024-04-16,134.05,136.6,133.03,133.4,10709918.0
OGDC,2024-04-17,132.97,132.97,131.0,131.24,4282994.0
OGDC,2024-04-18,131.8,133.8,129.79,131.58,7638371.0
OGDC,2024-04-19,132.56,135.39,131.15,133.84,8418350.0
OGDC,2024-04-22,134.0,138.0,132.2,135.69,12878056.0
OGDC,2024-04-23,135.8,135.87,133.5,134.19,3461267.0
OGDC,2024-04-24,134.0,135.6,133.79,134.36,4954424.0
OGDC,2024-04-25,135.0,137.5,133.25,136.49,8800644.0
OGDC,2024-04-26,137.35,139.4,135.36,137.15,7239643.0
OGDC,2024-04-29,137.9,138.3,133.92,134.22,5410125.0
OGDC,2024-04-30,134.11,137.85,133.01,133.57,13576160.0
OGDC,2024-05-02,133.62,135.25,131.63,132.5,7309709.0
OGDC,2024-05-03,133.25,139.5,132.01,138.34,16078368.0
OGDC,2024-05-06,139.1,140.5,136.35,136.97,11672431.0
OGDC,2024-05-07,136.4,136.8,134.3,134.84,6653585.0
OGDC,2024-05-08,133.0,135.1,133.0,133.66,10021600.0
OGDC,2024-05-09,133.21,134.75,132.79,133.46,2595611.0
OGDC,2024-05-10,134.1,135.99,133.5,133.91,3471449.0
OGDC,2024-05-13,133.99,137.33,132.7,134.82,8980112.0
OGDC,2024-05-14,135.6,140.1,134.75,139.41,18217177.0
OGDC,2024-05-15,140.0,142.0,138.7,139.32,13245266.0
OGDC,2024-05-16,139.8,140.29,137.71,137.98,3342683.0
OGDC,2024-05-17,138.0,139.19,137.0,138.09,2602794.0
OGDC,2024-05-20,138.25,138.25,135.65,136.14,3681647.0
OGDC,2024-05-21,136.02,137.1,134.8,135.29,2288452.0
OGDC,2024-05-22,135.0,137.69,134.75,135.86,4399729.0
OGDC,2024-05-23,136.02,140.45,135.51,139.56,15108766.0
OGDC,2024-05-24,141.0,141.1,138.8,139.16,5798540.0
OGDC,2024-05-27,139.5,139.5,136.7,136.98,2712134.0
OGDC,2024-05-29,136.96,136.96,131.5,132.6,9766932.0
OGDC,2024-05-30,133.5,133.5,131.0,132.12,6987345.0
OGDC,2024-05-31,132.8,134.25,131.7,133.47,5355724.0
OGDC,2024-06-03,133.99,134.0,131.9,132.17,3160346.0
OGDC,2024-06-04,132.52,132.8,128.85,129.51,5736630.0
OGDC,2024-06-05,129.5,129.9,126.45,126.69,3736797.0
OGDC,2024-06-06,126.64,128.6,124.5,125.14,4733764.0
OGDC,2024-06-07,124.99,124.99,120.36,123.78,6549772.0
OGDC,2024-06-10,123.78,123.85,120.26,121.22,3376152.0
OGDC,2024-06-11,123.0,123.0,118.31,118.82,5615593.0
OGDC,2024-06-12,118.5,120.35,118.5,119.12,4617127.0
OGDC,2024-06-13,122.0,129.25,121.4,129.25,17606435.0
OGDC,2024-06-14,131.99,133.95,130.5,131.21,11098685.0
OGDC,2024-06-20,131.7,135.25,131.65,134.36,8402049.0
OGDC,2024-06-21,135.8,135.8,132.65,133.75,4950071.0
OGDC,2024-06-24,134.0,134.7,131.01,131.64,4313719.0
OGDC,2024-06-25,131.9,131.9,128.76,129.05,3198079.0
OGDC,2024-06-26,129.0,138.4,127.27,135.34,27462390.0
OGDC,2024-06-27,135.99,138.0,135.0,137.17,16928743.0
OGDC,2024-06-28,137.0,137.38,134.9,135.37,4871292.0
OGDC,2024-07-01,135.0,137.37,134.25,135.53,8319346.0
OGDC,2024-07-02,136.01,137.3,135.25,135.74,4774175.0
OGDC,2024-07-03,136.0,139.2,136.0,136.75,7030126.0
OGDC,2024-07-04,137.4,138.64,134.6,135.27,4895636.0
OGDC,2024-07-05,135.0,135.48,132.5,132.95,5330385.0
OGDC,2024-07-08,133.8,134.5,132.5,133.56,3066480.0
OGDC,2024-07-09,134.25,135.39,133.9,134.2,3303402.0
OGDC,2024-07-10,134.51,134.88,131.95,133.13,3920835.0
OGDC,2024-07-11,133.0,134.79,132.5,132.66,3392575.0
OGDC,2024-07-12,133.0,133.15,129.05,130.83,3416381.0
OGDC,2024-07-15,133.0,134.8,132.13,132.73,3879184.0
OGDC,2024-07-18,133.25,137.48,132.7,136.73,8532750.0
OGDC,2024-07-19,137.25,137.65,133.3,134.01,5116199.0
OGDC,2024-07-22,133.75,133.75,129.0,129.74,3758064.0
OGDC,2024-07-23,130.0,132.2,129.99,131.87,2329756.0
OGDC,2024-07-24,132.2,132.88,131.3,131.85,1291235.0
OGDC,2024-07-25,132.0,132.47,130.7,131.3,1138719.0
OGDC,2024-07-26,131.3,132.6,128.29,129.04,3538925.0
OGDC,2024-07-29,129.04,134.69,129.04,132.69,5897164.0
OGDC,2024-07-30,133.5,134.42,130.52,131.66,3516742.0
OGDC,2024-07-31,131.79,132.15,129.05,129.23,1132394.0
OGDC,2024-08-01,129.96,130.24,128.05,128.48,952493.0
OGDC,2024-08-02,129.21,131.5,128.51,130.49,1236400.0
OGDC,2024-08-05,131.49,134.7,128.85,129.25,6768020.0
OGDC,2024-08-06,131.0,132.0,129.05,129.68,2302149.0
OGDC,2024-08-07,130.0,131.2,128.85,129.14,2213452.0
OGDC,2024-08-08,129.7,139.98,129.0,138.55,24259389.0
OGDC,2024-08-09,140.4,141.11,135.2,135.82,8579756.0
OGDC,2024-08-12,135.0,137.1,133.1,133.54,4634802.0
OGDC,2024-08-13,133.54,135.0,132.78,133.85,2670708.0
OGDC,2024-08-15,134.4,135.75,132.0,132.26,4156156.0
OGDC,2024-08-16,132.51,133.35,131.1,131.32,2117011.0
OGDC,2024-08-19,132.75,133.65,131.6,131.83,1729436.0
OGDC,2024-08-20,132.25,133.24,131.51,132.85,942044.0
OGDC,2024-08-21,134.0,134.98,133.0,134.07,2916406.0
OGDC,2024-08-22,134.6,136.85,134.01,134.94,4247613.0
OGDC,2024-08-23,135.02,136.3,134.3,135.03,2543680.0
OGDC,2024-08-26,135.89,136.0,134.0,134.58,1162536.0
OGDC,2024-08-27,135.51,136.47,132.91,133.1,3196959.0
OGDC,2024-08-28,133.56,133.56,132.5,132.62,781528.0
OGDC,2024-08-29,132.53,133.47,131.92,132.86,1144541.0
OGDC,2024-08-30,133.05,134.4,132.6,132.9,1303913.0
OGDC,2024-09-02,133.25,136.0,132.16,133.15,3098055.0
OGDC,2024-09-03,133.5,134.7,133.5,134.05,1144426.0
OGDC,2024-09-04,134.6,138.7,134.6,137.71,12999171.0
OGDC,2024-09-05,137.69,138.65,136.45,137.2,3485543.0
OGDC,2024-09-06,137.25,137.89,136.5,136.74,1320815.0
OGDC,2024-09-09,137.3,138.7,136.0,136.36,2074252.0
OGDC,2024-09-10,136.44,136.74,135.0,136.07,1678777.0
OGDC,2024-09-11,136.0,137.83,134.6,137.06,4187698.0
OGDC,2024-09-12,137.06,139.5,137.0,138.52,5114698.0
OGDC,2024-09-13,140.11,144.4,139.41,142.04,14126352.0
OGDC,2024-09-16,142.0,144.5,140.45,141.03,6930981.0
OGDC,2024-09-18,141.4,143.44,140.75,142.27,4283261.0
OGDC,2024-09-19,142.95,148.0,142.05,145.86,11439004.0
OGDC,2024-09-20,145.99,146.39,140.3,141.29,29408063.0
OGDC,2024-09-23,141.98,144.0,137.2,138.61,23080653.0
OGDC,2024-09-24,139.44,140.2,136.8,139.78,7695595.0
OGDC,2024-09-25,139.8,144.85,139.06,144.28,12712592.0
OGDC,2024-09-26,145.5,146.2,142.95,143.56,9855544.0
OGDC,2024-09-27,143.75,144.59,142.8,143.85,3487462.0
OGDC,2024-09-30,144.46,144.6,142.5,143.43,2600225.0
OGDC,2024-10-01,143.8,146.75,142.71,146.05,5724789.0
OGDC,2024-10-02,145.2,148.45,144.71,147.76,5426787.0
OGDC,2024-10-03,148.45,150.0,147.9,149.54,5346618.0
OGDC,2024-10-04,150.0,155.8,149.02,155.05,11575579.0
OGDC,2024-10-07,154.99,169.8,154.6,166.92,20721547.0
OGDC,2024-10-08,169.1,174.54,168.5,172.14,16675823.0
OGDC,2024-10-09,172.0,174.54,168.95,169.84,7201707.0
OGDC,2024-10-10,169.5,173.25,168.0,170.46,8150018.0
OGDC,2024-10-11,171.0,175.1,168.21,170.0,5637289.0
OGDC,2024-10-14,169.99,170.0,166.8,167.06,3004782.0
OGDC,2024-10-15,167.0,171.25,164.0,170.35,4933844.0
OGDC,2024-10-16,167.0,170.85,167.0,169.56,6089810.0
OGDC,2024-10-17,170.0,171.25,167.51,168.0,2499500.0
OGDC,2024-10-18,168.54,168.54,164.5,165.68,2317889.0
OGDC,2024-10-21,165.5,167.55,165.5,166.87,2235332.0
OGDC,2024-10-22,166.5,169.42,166.5,166.97,3315231.0
OGDC,2024-10-23,167.4,169.8,166.06,169.14,4641922.0
OGDC,2024-10-24,169.48,177.75,169.2,175.32,10907595.0
OGDC,2024-10-25,177.1,182.8,173.0,175.6,22422781.0
OGDC,2024-10-28,176.5,180.1,174.0,174.48,7324646.0
OGDC,2024-10-29,175.0,176.0,172.89,175.28,4841297.0
OGDC,2024-10-30,176.28,181.15,172.5,173.91,9305622.0
OGDC,2024-10-31,174.05,175.0,170.53,172.13,4569439.0
OGDC,2024-11-01,171.99,181.0,170.11,179.49,14105623.0
OGDC,2024-11-04,181.49,182.5,176.51,180.64,9465022.0
OGDC,2024-11-05,180.45,185.8,180.15,183.31,10140999.0
OGDC,2024-11-06,182.1,182.5,177.9,178.54,8019798.0
OGDC,2024-11-07,178.52,184.1,178.52,183.22,7976658.0
OGDC,2024-11-08,183.05,193.5,181.5,191.41,10745580.0
OGDC,2024-11-11,191.8,199.5,191.8,197.64,10975597.0
OGDC,2024-11-12,199.5,199.5,193.2,194.69,6020079.0
OGDC,2024-11-13,194.69,195.89,188.96,190.1,6479629.0
OGDC,2024-11-14,191.0,196.61,191.0,194.87,8132920.0
OGDC,2024-11-15,194.7,198.0,193.3,194.18,6608871.0
OGDC,2024-11-18,194.0,195.9,191.45,194.1,3202280.0
OGDC,2024-11-19,194.5,196.5,194.1,195.47,2645343.0
OGDC,2024-11-20,195.98,198.8,193.0,194.94,6023711.0
OGDC,2024-11-21,194.99,201.5,193.7,199.66,9205022.0
OGDC,2024-11-22,198.96,203.25,193.6,194.69,8790620.0
OGDC,2024-11-25,194.01,195.5,192.0,192.82,4085788.0
OGDC,2024-11-26,192.0,192.0,177.75,179.53,8464314.0
OGDC,2024-11-27,190.0,190.55,184.0,188.29,7510180.0
OGDC,2024-11-28,188.89,194.85,188.8,193.62,11210333.0
OGDC,2024-11-29,194.0,197.75,190.75,195.25,7945611.0
OGDC,2024-12-02,195.25,202.89,190.2,191.76,19610982.0
OGDC,2024-12-03,191.5,193.25,188.7,191.87,6046821.0
OGDC,2024-12-04,192.1,193.8,190.5,192.93,4666041.0
OGDC,2024-12-05,193.5,198.2,192.3,197.41,8146703.0
OGDC,2024-12-06,198.2,198.9,194.01,194.78,3278432.0
OGDC,2024-12-09,194.86,199.27,193.0,197.07,6763850.0
OGDC,2024-12-10,198.0,198.4,190.35,193.76,5333706.0
OGDC,2024-12-11,194.0,206.9,193.7,204.85,17784563.0
OGDC,2024-12-12,206.41,214.99,206.41,213.41,20627002.0
OGDC,2024-12-13,214.12,225.0,213.0,222.95,17022257.0
OGDC,2024-12-16,225.25,235.5,225.25,233.29,12688572.0
OGDC,2024-12-17,235.4,235.99,216.75,222.66,9567963.0
OGDC,2024-12-18,228.0,233.0,217.0,220.76,13982326.0
OGDC,2024-12-19,221.9,224.0,209.0,211.17,14172158.0
OGDC,2024-12-20,210.0,216.49,206.51,214.67,6057125.0
OGDC,2024-12-23,216.99,234.0,215.49,232.59,14962519.0
OGDC,2024-12-24,233.9,255.4,227.0,230.13,23055594.0
OGDC,2024-12-26,232.0,232.0,217.5,219.42,9133140.0
OGDC,2024-12-27,218.0,225.4,216.55,221.1,5769967.0
OGDC,2024-12-30,223.45,227.2,222.3,225.46,5797617.0
OGDC,2024-12-31,234.99,234.99,226.02,227.26,8597991.0
OGDC,2025-01-01,225.6,230.0,223.01,228.61,5273070.0
OGDC,2025-01-02,229.15,231.25,222.1,223.26,5672947.0
OGDC,2025-01-03,224.25,224.25,218.01,222.08,3513730.0
OGDC,2025-01-06,223.99,224.89,210.1,213.56,6175293.0
OGDC,2025-01-07,213.56,219.49,205.8,218.38,6978698.0
OGDC,2025-01-08,220.0,223.0,211.5,212.95,4029719.0
OGDC,2025-01-09,213.5,216.9,208.11,213.03,5564192.0
OGDC,2025-01-10,212.4,230.0,209.09,224.96,10277964.0
OGDC,2025-01-13,227.2,228.75,222.2,224.91,7647826.0
OGDC,2025-01-14,225.88,225.88,221.0,222.15,3374101.0
OGDC,2025-01-15,222.99,226.23,219.4,221.77,5707634.0
OGDC,2025-01-16,222.49,222.5,218.01,218.75,2698464.0
OGDC,2025-01-17,218.0,223.3,216.75,221.91,4628837.0
OGDC,2025-01-20,223.0,225.85,222.01,222.54,3836160.0
OGDC,2025-01-21,222.1,225.25,217.01,218.23,3403901.0
OGDC,2025-01-22,218.0,219.0,213.0,213.99,3247822.0
OGDC,2025-01-23,214.0,218.0,212.5,213.91,3076058.0
OGDC,2025-01-24,214.75,216.5,211.8,212.43,2141455.0
OGDC,2025-01-27,213.0,213.55,208.9,209.11,2895036.0
OGDC,2025-01-28,208.5,208.5,201.23,203.6,5222551.0
OGDC,2025-01-29,204.0,205.97,201.1,203.24,3818978.0
OGDC,2025-01-30,204.0,208.0,203.0,206.87,4297134.0
OGDC,2025-01-31,207.0,210.9,205.65,206.51,3987393.0
OGDC,2025-02-03,209.0,209.0,202.05,202.69,1832312.0
OGDC,2025-02-04,203.0,204.3,198.5,199.88,2904113.0
OGDC,2025-02-06,200.01,200.7,192.15,195.44,6279265.0
OGDC,2025-02-07,196.5,199.99,195.52,198.51,2347359.0
OGDC,2025-02-10,198.5,202.89,196.4,200.97,2117785.0
OGDC,2025-02-11,202.19,210.11,201.52,208.19,7363546.0
OGDC,2025-02-12,208.19,210.37,206.01,209.1,2897545.0
OGDC,2025-02-13,209.1,212.6,205.85,206.43,2869697.0
OGDC,2025-02-14,206.44,208.0,201.0,201.86,1333952.0
OGDC,2025-02-17,202.85,202.85,199.0,199.44,939284.0
OGDC,2025-02-18,200.9,206.27,199.0,205.74,2120629.0
OGDC,2025-02-19,206.55,207.5,203.45,204.8,1317290.0
OGDC,2025-02-20,204.8,208.5,204.0,204.81,3826377.0
OGDC,2025-02-21,205.1,205.51,202.0,202.75,825161.0
OGDC,2025-02-24,202.51,211.75,201.0,210.37,6338246.0
OGDC,2025-02-25,211.67,218.0,211.67,213.33,8383991.0
OGDC,2025-02-26,212.9,214.0,208.11,208.88,2763837.0
OGDC,2025-02-27,208.2,214.15,208.2,212.11,4496538.0
OGDC,2025-02-28,213.0,214.75,211.55,212.59,5000445.0
OGDC,2025-03-03,212.65,214.0,211.22,211.76,1565677.0
OGDC,2025-03-04,211.5,213.5,211.5,213.32,1628189.0
OGDC,2025-03-05,213.49,214.75,212.55,212.91,2303682.0
OGDC,2025-03-06,212.9,224.0,211.62,222.58,18047822.0
OGDC,2025-03-07,223.57,228.0,222.75,223.84,8869795.0
OGDC,2025-03-10,216.75,219.9,213.01,214.77,6097137.0
OGDC,2025-03-11,214.5,220.0,210.8,218.82,8137145.0
OGDC,2025-03-12,219.94,221.8,216.1,217.24,4562038.0
OGDC,2025-03-13,217.24,219.8,216.75,218.28,3103443.0
OGDC,2025-03-14,218.9,219.9,217.9,218.59,1589442.0
OGDC,2025-03-17,218.0,223.4,218.0,221.38,4231096.0
OGDC,2025-03-18,223.45,226.49,221.98,223.06,5498200.0
OGDC,2025-03-19,223.5,226.98,221.5,225.48,4159013.0
OGDC,2025-03-20,226.1,229.74,225.6,226.81,4915163.0
OGDC,2025-03-21,226.8,229.15,226.5,227.35,3217231.0
OGDC,2025-03-24,228.0,228.0,216.3,218.17,3951500.0
OGDC,2025-03-25,218.26,225.0,215.2,224.19,6130175.0
OGDC,2025-03-26,233.01,235.0,228.25,232.75,8944307.0
OGDC,2025-03-27,233.44,233.99,230.4,232.73,2613031.0
OGDC,2025-04-03,232.89,236.0,230.02,234.68,3179307.0
OGDC,2025-04-04,235.0,235.7,226.01,226.77,4442709.0
OGDC,2025-04-07,224.0,224.0,204.09,213.07,11609437.0
OGDC,2025-04-08,215.99,218.15,214.05,214.89,6186423.0
OGDC,2025-04-09,212.0,213.8,205.0,208.52,5505908.0
OGDC,2025-04-10,217.0,219.0,214.0,214.75,5634924.0
OGDC,2025-04-11,214.75,214.75,211.75,212.16,2693355.0
OGDC,2025-04-14,213.5,215.0,210.45,212.02,2030494.0
OGDC,2025-04-15,212.9,216.8,211.56,214.32,5788920.0
OGDC,2025-04-16,216.0,217.0,210.1,211.7,3196077.0
OGDC,2025-04-17,212.9,214.69,211.01,214.08,1864871.0
OGDC,2025-04-18,216.7,216.7,212.5,212.88,1714126.0
OGDC,2025-04-21,213.9,215.0,211.52,212.23,2898447.0
OGDC,2025-04-22,212.49,214.99,211.5,213.28,2071864.0
OGDC,2025-04-23,213.28,217.15,211.05,214.36,5146592.0
OGDC,2025-04-24,211.8,214.0,210.0,211.69,3503471.0
OGDC,2025-04-25,212.0,213.7,207.21,212.37,4086778.0
OGDC,2025-04-28,212.37,213.55,207.5,208.0,1711531.0
OGDC,2025-04-29,206.12,209.0,204.0,207.81,2656000.0
OGDC,2025-04-30,207.0,207.0,197.1,200.38,5330775.0
OGDC,2025-05-02,203.0,204.48,202.25,203.25,2120764.0
OGDC,2025-05-05,204.0,204.0,199.51,200.22,1963019.0
OGDC,2025-05-06,200.9,207.9,200.02,202.93,5936784.0
OGDC,2025-05-07,190.11,201.99,190.11,196.63,8425414.0
OGDC,2025-05-08,197.77,200.48,176.97,179.39,10630815.0
OGDC,2025-05-09,179.99,185.75,174.26,184.55,9341157.0
OGDC,2025-05-12,203.01,203.01,202.9,203.01,3446509.0
OGDC,2025-05-13,209.0,219.99,203.5,218.66,30912153.0
OGDC,2025-05-14,217.9,217.9,211.5,212.67,9743491.0
OGDC,2025-05-15,213.05,215.9,211.35,213.73,6853346.0
OGDC,2025-05-16,214.89,214.89,211.0,211.5,2618444.0
OGDC,2025-05-19,213.0,213.51,209.4,211.7,4668009.0
OGDC,2025-05-20,210.98,212.0,209.5,209.7,1452810.0
OGDC,2025-05-21,210.3,214.5,209.5,213.74,4447556.0
OGDC,2025-05-22,213.74,216.5,210.45,211.9,5090695.0
OGDC,2025-05-23,212.8,213.7,210.6,212.37,1694126.0
OGDC,2025-05-26,213.0,213.8,207.15,208.95,3432433.0
OGDC,2025-05-27,209.25,210.9,208.0,209.41,4443220.0
OGDC,2025-05-29,210.47,211.15,208.8,209.17,2255894.0
OGDC,2025-05-30,209.1,210.1,207.5,209.49,1912843.0
OGDC,2025-06-02,211.38,213.5,206.5,207.98,3666183.0
OGDC,2025-06-03,208.0,210.0,207.25,209.15,1909426.0
OGDC,2025-06-04,209.15,213.13,208.95,211.89,4379550.0
OGDC,2025-06-05,211.89,212.5,209.5,209.95,2233027.0
OGDC,2025-06-10,210.0,211.39,209.0,210.32,1191479.0
OGDC,2025-06-11,212.65,216.45,212.1,215.31,8783176.0
OGDC,2025-06-12,217.0,218.99,211.26,212.05,8617378.0
OGDC,2025-06-13,211.0,212.2,208.23,208.86,5201407.0
OGDC,2025-06-16,209.4,214.4,209.4,213.05,4640665.0
OGDC,2025-06-17,213.0,215.45,212.0,214.26,5626262.0
OGDC,2025-06-18,214.26,214.26,210.5,211.17,3680503.0
OGDC,2025-06-19,213.55,216.01,209.85,210.68,4400385.0
OGDC,2025-06-20,211.0,215.0,210.11,212.25,2708653.0
OGDC,2025-06-23,210.0,210.5,202.0,203.86,4604885.0
OGDC,2025-06-24,216.0,220.3,211.0,218.01,9161337.0
OGDC,2025-06-25,218.39,219.01,216.1,217.85,6810842.0
OGDC,2025-06-26,218.0,222.49,216.11,217.29,6966647.0
OGDC,2025-06-27,217.5,226.0,216.75,221.19,9560957.0
OGDC,2025-06-30,224.0,224.0,220.0,220.56,4322821.0
OGDC,2025-07-01,220.3,223.0,218.99,221.57,4591432.0
OGDC,2025-07-02,222.45,223.99,221.31,222.92,4662816.0
OGDC,2025-07-03,224.13,230.0,224.0,229.09,9420347.0
OGDC,2025-07-04,229.67,230.0,226.52,227.28,2458630.0
OGDC,2025-07-07,227.28,230.0,226.51,229.14,3418591.0
OGDC,2025-07-08,229.5,231.55,227.51,229.24,4163815.0
OGDC,2025-07-09,228.99,230.0,225.06,228.02,7174231.0
OGDC,2025-07-10,228.02,228.09,225.8,226.62,2904599.0
OGDC,2025-07-11,227.05,229.01,226.1,227.89,2758043.0
OGDC,2025-07-14,228.84,229.2,226.0,227.11,2390029.0
OGDC,2025-07-15,227.5,228.0,224.0,224.43,2301456.0
OGDC,2025-07-16,223.8,226.0,222.85,224.37,2358869.0
OGDC,2025-07-17,224.8,227.98,224.1,225.18,3409629.0
OGDC,2025-07-18,226.0,228.1,223.0,223.28,2838810.0
OGDC,2025-07-21,223.28,223.99,220.99,221.18,2493261.0
OGDC,2025-07-22,222.0,229.0,221.01,226.63,6603594.0
OGDC,2025-07-23,228.4,231.0,225.52,226.23,4488616.0
OGDC,2025-07-24,227.0,228.7,225.0,225.33,1876360.0
OGDC,2025-07-25,225.33,226.98,224.23,225.91,2022116.0
OGDC,2025-07-28,227.1,229.1,223.51,227.13,9303039.0
OGDC,2025-07-29,226.99,227.48,222.05,224.04,1827872.0
OGDC,2025-07-30,223.4,226.0,223.4,224.78,1481340.0
OGDC,2025-07-31,228.0,238.0,228.0,233.01,24206621.0
OGDC,2025-08-01,233.45,256.31,231.01,255.67,37045030.0
OGDC,2025-08-04,265.0,269.0,259.12,260.22,17823555.0
OGDC,2025-08-05,260.0,264.5,256.0,259.14,12663423.0
OGDC,2025-08-06,259.77,263.4,257.65,262.24,8985338.0
OGDC,2025-08-07,263.02,269.88,263.0,267.08,16976236.0
OGDC,2025-08-08,267.2,276.99,267.2,270.48,19939697.0
OGDC,2025-08-11,269.96,278.5,267.46,277.09,12017894.0
OGDC,2025-08-12,278.5,279.35,269.4,271.54,15701553.0
OGDC,2025-08-13,272.0,274.0,268.18,269.5,11217565.0
